,FIPS,x,y,cluster
0,01001,2.171693,3.6074173,1
1,01003,4.657882,2.6726308,0
2,01005,6.970278,7.375335,3
3,01007,7.4757886,6.783511,3
4,01009,3.9405055,3.3482976,0
5,01011,7.0805917,7.6103578,3
6,01013,4.6821423,6.4277167,0
7,01015,4.4389486,4.2031274,0
8,01017,4.8069553,6.252561,0
9,01019,6.670968,4.74934,0
10,01021,3.1696546,5.066127,4
11,01023,7.1640196,4.857171,0
12,01025,4.761744,6.3252797,0
13,01027,6.055366,4.7180614,0
14,01029,4.6483073,4.7232513,0
15,01031,3.3996994,3.5475612,4
16,01033,5.226098,3.9932387,0
17,01035,5.484204,6.1276593,0
18,01037,7.9867663,4.071875,2
19,01039,5.4577475,5.228047,0
20,01041,4.3209214,6.034706,4
21,01043,4.0276365,3.58283,0
22,01045,3.438045,4.09185,4
23,01047,3.918158,6.7676153,4
24,01049,3.2313454,6.125056,4
25,01051,1.313401,2.5826178,1
26,01053,6.560344,7.3995986,3
27,01055,4.9870243,3.835091,0
28,01057,5.2959156,5.6668653,0
29,01059,3.1704829,6.039056,4
30,01061,5.2398396,5.498875,0
31,01063,5.082559,6.3763566,0
32,01065,4.190899,6.961878,4
33,01067,6.221828,4.671872,0
34,01069,3.326149,4.1295547,4
35,01071,5.554136,5.528589,0
36,01073,3.0521238,4.3786993,4
37,01075,6.045678,4.6951346,0
38,01077,5.661949,4.100763,0
39,01079,3.9661317,5.0353765,0
40,01081,-0.25109246,2.226456,1
41,01083,1.4039476,2.554338,1
42,01085,4.528742,6.514688,0
43,01087,6.3066087,5.581351,0
44,01089,1.9199868,2.0720108,1
45,01091,4.688002,6.3593526,0
46,01093,5.61015,5.357666,0
47,01095,2.8076758,5.1764474,4
48,01097,2.1588259,4.1258764,1
49,01099,4.77729,5.708897,0
50,01101,2.1471393,4.15555,1
51,01103,3.6864421,3.4380066,0
52,01105,4.2146473,7.1713524,4
53,01107,5.497705,5.831522,0
54,01109,-0.50989676,2.084248,1
55,01111,5.281886,5.4760933,0
56,01113,2.464083,4.5928054,4
57,01115,3.0211284,3.0869145,1
58,01117,0.95172065,2.5160856,1
59,01119,4.234846,7.1636815,4
60,01121,3.9410954,4.838281,0
61,01123,5.945399,5.385184,0
62,01125,-0.24641131,2.223399,1
63,01127,4.958667,3.901052,0
64,01129,4.687932,5.266317,0
65,01131,4.0840025,7.1253,4
66,01133,5.939282,5.3746285,0
67,02013,8.36382,7.6389174,3
68,02016,8.346572,7.623203,3
69,02020,0.9503144,3.2803154,1
70,02050,1.038497,6.4609804,4
71,02060,0.89285845,1.5069895,1
72,02070,0.94812155,5.3557224,4
73,02090,0.77448106,3.4505682,1
74,02100,7.6396737,3.7670557,2
75,02110,1.2732644,2.6624646,1
76,02122,3.1123245,2.3996527,1
77,02130,1.7838553,0.5766745,1
78,02150,0.8658985,3.4159684,1
79,02164,1.6130352,5.459915,4
80,02170,0.7718319,3.4187365,1
81,02180,0.87915117,6.1951256,4
82,02185,0.7813139,3.4581225,1
83,02188,0.8749796,6.1882796,4
84,02220,2.401931,2.2748752,1
85,02240,3.0950017,2.4625912,1
86,02261,3.0426142,2.432689,1
87,02282,7.891676,6.0165324,3
88,02290,1.6238611,5.5343056,4
89,04001,3.3714602,6.8314414,4
90,04003,6.596583,2.4624064,2
91,04005,1.2639135,0.15375736,1
92,04007,9.215716,2.7954602,2
93,04009,1.700158,4.4558506,1
94,04011,4.8699307,0.82548374,2
95,04012,9.7458515,3.1718678,2
96,04013,1.246612,0.4632157,1
97,04015,9.57086,2.8797026,2
98,04017,3.4499424,5.700365,4
99,04019,2.790061,0.28022,1
100,04021,5.467789,1.9052014,0
101,04023,3.0202813,6.5281773,4
102,04025,9.7143135,2.8318532,2
103,04027,1.691666,5.4504027,4
104,05001,4.4174275,6.197731,4
105,05003,4.9104066,5.412514,0
106,05005,9.588892,2.9510274,2
107,05007,0.54551595,3.1595666,1
108,05009,5.8881135,2.2685018,0
109,05011,3.706703,6.123985,4
110,05013,6.435988,4.391233,0
111,05015,6.061161,4.526989,0
112,05017,4.3841887,6.8144937,4
113,05019,3.5756285,4.401751,4
114,05021,5.2873263,6.44366,0
115,05023,8.487759,3.4223094,2
116,05025,5.6198626,6.45754,0
117,05027,3.6162972,4.6919274,4
118,05029,4.8079953,5.0184717,0
119,05031,2.108268,4.381509,1
120,05033,2.704768,5.0075126,4
121,05035,1.8268034,4.5801296,1
122,05037,4.196457,5.6852865,0
123,05039,5.8509707,5.5814257,0
124,05041,3.5654633,6.2860427,4
125,05043,3.6784189,4.6415353,4
126,05045,-0.047911797,2.5021217,1
127,05047,4.5882707,5.1781964,0
128,05049,8.324703,4.052391,2
129,05051,6.97185,4.6934576,0
130,05053,3.7561378,3.6124945,0
131,05055,3.0192115,5.041835,4
132,05057,3.6007354,6.0459733,4
133,05059,4.809847,3.5731246,0
134,05061,3.5635512,5.476225,0
135,05063,2.9420428,4.496129,4
136,05065,8.446484,3.6163213,2
137,05067,5.13909,6.0930247,0
138,05069,4.351401,6.456851,0
139,05071,2.9590647,6.257706,4
140,05073,5.845601,5.862753,0
141,05075,4.6269927,4.9741573,0
142,05077,7.302816,7.530639,3
143,05079,8.271072,7.6644077,3
144,05081,5.775501,3.284036,0
145,05083,4.8707566,4.9532332,0
146,05085,1.0821034,3.6901433,1
147,05087,4.458653,5.240158,0
148,05089,8.477371,4.0158067,2
149,05091,2.4908326,1.3633766,1
150,05093,3.3741374,6.51936,4
151,05095,5.8581486,5.832713,0
152,05097,8.407911,3.8043425,2
153,05099,5.1607103,5.619022,0
154,05101,7.9124756,4.4144697,2
155,05103,4.873534,6.2109947,0
156,05105,4.8500843,3.7964308,0
157,05107,3.7758725,6.885074,4
158,05109,5.647315,6.481298,0
159,05111,3.2929947,6.235974,4
160,05113,5.5732994,5.3110976,0
161,05115,3.0766513,4.5596476,4
162,05117,7.8114796,4.445578,2
163,05119,2.9777129,4.574583,4
164,05121,4.481706,5.0604343,0
165,05123,7.153716,7.5668807,3
166,05125,1.8677783,2.4712431,1
167,05127,5.0619726,5.1747165,0
168,05129,6.1235757,5.7250867,0
169,05131,2.2098022,3.8955,1
170,05133,1.5248157,5.84074,4
171,05135,7.8174305,4.4698343,2
172,05137,8.349251,4.0733852,2
173,05139,4.042618,6.1760054,4
174,05141,8.233482,4.0919623,2
175,05143,1.1284236,0.34725484,1
176,05145,3.121362,4.540583,4
177,05147,5.7747746,5.764558,0
178,05149,3.2202575,5.2567897,4
179,06001,0.7363291,1.9316542,1
180,06003,9.21084,3.6006603,2
181,06005,8.6726885,4.2499895,2
182,06007,2.8499107,0.30420563,1
183,06009,8.994413,2.941579,2
184,06011,1.4795758,5.4490557,4
185,06013,0.5510076,0.9035469,1
186,06015,2.8052745,0.8859104,1
187,06017,2.9797907,1.056407,1
188,06019,0.9433861,4.9604955,4
189,06021,1.7434467,5.332245,4
190,06023,2.8912184,0.40138036,1
191,06025,1.4946722,5.5503054,4
192,06027,7.2125597,2.2082264,2
193,06029,0.9297361,5.17895,4
194,06031,1.6470073,4.3913574,1
195,06033,7.4581866,2.1639578,2
196,06035,8.372066,7.6409864,3
197,06037,0.7718537,0.08715452,1
198,06039,1.4934192,4.2593036,1
199,06041,0.47131315,0.8799704,1
200,06043,9.165482,2.9397056,2
201,06045,3.0118337,0.7401228,1
202,06047,0.861903,5.108061,4
203,06049,7.733361,2.0428808,2
204,06051,0.9183021,1.4384104,1
205,06053,1.1522713,0.51809084,1
206,06055,2.1817596,0.66698575,1
207,06057,8.97165,2.949574,2
208,06059,0.61721915,0.6040362,1
209,06061,2.6789272,0.8900198,1
210,06063,9.434335,3.2212558,2
211,06065,1.2958101,0.71212983,1
212,06067,1.2264425,0.30961537,1
213,06069,0.52058387,2.6536732,1
214,06071,1.1443522,0.48413154,1
215,06073,0.78805983,0.32857144,1
216,06075,-0.20147195,1.9805897,1
217,06077,1.2834245,0.8062533,1
218,06079,2.54226,0.5862734,1
219,06081,0.44634977,0.886145,1
220,06083,0.9166741,0.18817073,1
221,06085,0.42486626,0.8591264,1
222,06087,0.86359394,0.3183287,1
223,06089,2.9664361,0.8839979,1
224,06091,9.504327,3.2728176,2
225,06093,7.966855,2.8182318,2
226,06095,1.0023221,0.7332875,1
227,06097,2.317785,0.5636495,1
228,06099,1.2666875,0.8722215,1
229,06101,1.3489221,0.8362025,1
230,06103,2.7279305,1.3657827,1
231,06105,8.927252,3.252899,2
232,06107,0.87606627,5.0646296,4
233,06109,8.880808,3.0136547,2
234,06111,0.8514749,0.83723134,1
235,06113,-0.2094704,2.261168,1
236,06115,1.4662138,4.3811154,1
237,08001,1.0872207,0.4861466,1
238,08003,2.366398,4.859435,4
239,08005,0.7945477,0.39900792,1
240,08007,8.472262,3.340513,2
241,08009,8.094282,2.1891558,2
242,08011,8.373719,7.680473,3
243,08013,0.6082032,0.40237838,1
244,08014,0.82595915,1.9854232,1
245,08015,8.57239,4.3304863,2
246,08017,5.877534,1.3243625,2
247,08019,7.690739,3.8593314,2
248,08021,3.507828,5.704506,4
249,08023,8.971946,3.2557282,2
250,08025,8.3828535,7.6840234,3
251,08027,9.45726,3.4886281,2
252,08029,7.8146114,3.2410197,2
253,08031,-0.10908917,2.0703561,1
254,08033,8.448199,3.0595102,2
255,08035,-0.056546226,3.3965764,1
256,08037,0.5278201,1.1823258,1
257,08039,1.2418435,2.042104,1
258,08041,1.4374983,1.1098957,1
259,08043,8.018079,6.4851904,3
260,08045,1.3875365,1.1009105,1
261,08047,7.6796527,3.8388906,2
262,08049,0.8595387,1.5978912,1
263,08051,0.5312628,1.9392905,1
264,08053,9.390585,3.608265,2
265,08055,9.612416,3.1408389,2
266,08057,8.822598,3.6592646,2
267,08059,0.6907173,0.7095721,1
268,08061,7.63422,1.8400947,2
269,08063,5.753781,1.5404836,2
270,08065,0.49849758,1.9913064,1
271,08067,0.7791729,2.1384828,1
272,08069,0.4668437,2.143815,1
273,08071,8.492429,3.2985148,2
274,08073,7.953437,7.182327,3
275,08075,7.872263,6.524974,3
276,08077,2.8590505,0.71995544,1
277,08079,9.4616165,3.6072173,2
278,08081,2.554772,3.454333,1
279,08083,5.5906463,3.3556104,0
280,08085,5.95761,2.6578665,0
281,08087,1.7091235,4.064527,1
282,08089,4.691153,5.080169,0
283,08091,8.72147,3.3154933,2
284,08093,7.7218714,3.8260722,2
285,08095,6.1476407,1.3895894,2
286,08097,0.7230215,0.6271676,1
287,08099,3.862417,5.4606705,0
288,08101,2.7404568,1.1416266,1
289,08103,3.019408,2.4282126,1
290,08105,5.2267623,4.2107096,0
291,08107,0.6701995,1.9080338,1
292,08109,5.523357,5.6421986,0
293,08111,8.661865,4.3238783,2
294,08113,0.69313776,1.8768207,1
295,08115,8.326364,2.0197158,2
296,08117,0.7048198,1.664836,1
297,08119,7.6057386,3.7827084,2
298,08121,6.622435,1.4815526,2
299,08123,0.4769149,3.1047027,1
300,08125,5.4871635,0.89570457,2
301,09001,0.851442,1.7985792,1
302,09003,1.1104938,-0.17790064,1
303,09005,3.2893457,1.957595,0
304,09007,1.8077208,1.6241313,1
305,09009,1.1776778,-0.2500449,1
306,09011,3.2031627,1.8779625,0
307,09013,0.73416513,1.0730247,1
308,09015,2.0726986,1.8326138,1
309,10001,1.9324112,0.5162882,1
310,10003,0.9746464,-0.1104701,1
311,10005,7.9050717,3.2665737,2
312,11001,-0.3029199,1.9588932,1
313,12001,0.2794957,-0.11136975,1
314,12003,2.1207728,3.8987896,1
315,12005,2.4531453,1.1789361,1
316,12007,7.4788246,7.174925,3
317,12009,7.1837425,3.336225,2
318,12011,1.3222822,-0.23880786,1
319,12013,7.4054484,7.1145983,3
320,12015,10.076435,3.1329257,2
321,12017,9.970111,3.0794508,2
322,12019,1.9036648,2.8569028,1
323,12021,9.74688,2.8618753,2
324,12023,4.760106,3.5106761,0
325,12027,7.4612236,7.4088283,3
326,12029,7.0698886,6.719454,3
327,12031,1.4152336,0.091942474,1
328,12033,3.5579164,3.5473652,4
329,12035,9.747188,2.8531675,2
330,12037,7.1583457,6.8149447,3
331,12039,4.2340817,6.217862,4
332,12041,6.9702706,6.2785897,3
333,12043,7.090796,6.687398,3
334,12045,8.04803,6.3712416,3
335,12047,7.640561,7.471438,3
336,12049,2.5932589,6.3817,4
337,12051,2.3544354,6.2210593,4
338,12053,7.8272853,3.222936,2
339,12055,9.777579,3.0404205,2
340,12057,1.4241923,0.1823517,1
341,12059,6.9276285,7.0759706,3
342,12061,9.877414,2.8961968,2
343,12063,7.3560357,7.143457,3
344,12065,7.1505456,6.7080307,3
345,12067,7.9018683,7.440112,3
346,12069,7.7937965,3.2211683,2
347,12071,7.843195,3.2367,2
348,12073,0.2953913,-0.11729719,1
349,12075,7.9412985,3.779383,2
350,12077,8.169315,7.629475,3
351,12079,6.6131787,7.001015,3
352,12081,7.544777,3.2607439,2
353,12083,7.8827043,3.2261112,2
354,12085,9.787668,2.8595736,2
355,12086,1.1604522,-0.24605773,1
356,12087,7.968242,3.9562762,2
357,12089,4.830453,2.3583474,0
358,12091,2.2593825,1.1599102,1
359,12093,6.7026496,7.36136,3
360,12095,0.8527399,-0.037801947,1
361,12097,1.1985378,0.37808886,1
362,12099,7.2381554,3.3502166,2
363,12101,7.160054,3.3058264,2
364,12103,7.203605,3.3992777,2
365,12105,3.1680324,1.0674182,1
366,12107,5.777994,5.9495473,0
367,12109,1.5314677,1.9773103,1
368,12111,7.249098,3.291246,2
369,12113,1.9705646,2.394464,1
370,12115,10.004179,3.025088,2
371,12117,1.6863817,0.30232903,1
372,12119,10.025752,3.1127043,2
373,12121,5.1704974,5.063873,0
374,12123,7.00163,6.6422462,3
375,12125,8.334229,7.5820394,3
376,12127,7.226697,3.4008484,2
377,12129,1.6443585,2.594655,1
378,12131,5.0308533,2.290457,0
379,12133,7.370506,7.119638,3
380,13001,3.2260664,5.794939,4
381,13003,2.7916336,6.4015527,4
382,13005,3.091925,6.2460337,4
383,13007,6.354126,5.4075913,0
384,13009,3.651848,4.525517,4
385,13011,3.4727716,4.06531,4
386,13013,0.9813128,3.592998,1
387,13015,1.3815174,3.5517037,1
388,13017,3.4909863,6.412159,4
389,13019,3.1412,6.175443,4
390,13023,3.432664,4.362008,4
391,13025,3.494284,5.1215115,0
392,13027,4.693145,6.3350015,0
393,13029,0.23954536,3.553155,1
394,13031,-0.6019298,2.0066137,1
395,13033,3.3217416,6.267276,4
396,13035,7.473811,6.8143888,3
397,13037,7.7706404,7.592037,3
398,13039,1.4909371,3.7003942,1
399,13043,3.2877564,6.3538923,4
400,13045,2.140329,4.714547,4
401,13047,3.444467,3.1579874,0
402,13049,7.818599,7.513722,3
403,13051,1.5909766,0.08444346,1
404,13055,4.038852,5.4013295,0
405,13057,1.0041791,3.2184393,1
406,13059,-0.7284875,1.9316909,1
407,13061,6.169082,5.7526436,0
408,13063,1.5909588,4.424607,1
409,13065,3.3296664,6.3626575,4
410,13067,0.48556647,1.4308686,1
411,13069,2.5201705,6.052018,4
412,13071,2.8183196,6.371192,4
413,13073,0.30173877,3.269646,1
414,13075,3.1460342,6.4667053,4
415,13077,0.8280679,3.0563037,1
416,13079,5.041264,3.7278087,0
417,13081,3.789376,6.5047436,4
418,13083,5.6477175,4.0201693,0
419,13085,3.5649621,2.1699154,0
420,13087,3.3500433,6.0751514,4
421,13089,0.889807,-0.1671484,1
422,13091,6.903573,7.319826,3
423,13093,7.437326,7.3338175,3
424,13095,2.1996865,4.09186,1
425,13097,0.99221796,3.6216645,1
426,13099,3.3784618,6.778424,4
427,13103,0.91259485,3.4075642,1
428,13105,5.164223,5.463493,0
429,13107,3.620519,6.5043573,4
430,13109,2.8503308,6.5173826,4
431,13111,9.644703,3.1045802,2
432,13113,1.5764146,2.8464699,1
433,13115,3.058817,4.5844617,4
434,13117,-0.04901269,3.4692407,1
435,13119,4.6768684,4.7041426,0
436,13121,0.805554,-0.092797965,1
437,13123,6.5484776,4.8334074,0
438,13125,3.7682111,5.076415,0
439,13127,5.044848,4.096172,0
440,13129,2.2658005,4.879843,4
441,13131,3.6375587,5.421091,0
442,13133,8.4222975,4.050238,2
443,13135,0.26888964,3.2613878,1
444,13137,3.4594436,4.4480333,4
445,13139,1.2701979,3.4907694,1
446,13141,7.1761193,6.877754,3
447,13143,2.823437,4.4146395,4
448,13145,3.5715115,1.6657223,0
449,13147,5.407675,4.168828,0
450,13149,3.3512745,4.6758,4
451,13151,0.34967598,3.3104532,1
452,13153,1.0188798,3.6870022,1
453,13155,6.712427,7.362836,3
454,13157,0.7076864,3.0571692,1
455,13159,3.395187,3.909808,4
456,13161,3.059048,6.1117826,4
457,13163,4.3534064,5.7939315,0
458,13165,7.0808372,7.4880657,3
459,13167,7.5078244,7.428722,3
460,13169,2.6961627,2.970189,1
461,13171,3.3746216,4.3594646,4
462,13173,2.2962673,5.1844196,4
463,13175,3.4484036,6.3901534,4
464,13177,1.0279527,3.6838853,1
465,13179,1.2274637,4.2332106,1
466,13181,6.675932,4.736622,0
467,13183,1.2474158,4.2494407,1
468,13185,2.2371032,5.1550345,4
469,13187,0.6178205,2.1542377,1
470,13189,3.6871855,6.117495,4
471,13191,8.536733,3.7444282,2
472,13193,7.2345996,7.4598923,3
473,13195,3.1982183,4.388297,4
474,13197,4.685793,5.633723,0
475,13199,5.146795,6.0492716,0
476,13201,5.4740295,5.217046,0
477,13205,6.7244573,7.383275,3
478,13207,3.7437038,2.231197,0
479,13209,6.8506527,7.1450667,3
480,13211,4.261604,3.1885753,0
481,13213,2.1841102,5.144569,4
482,13215,2.5531123,4.6276665,4
483,13217,1.1238357,3.6858046,1
484,13219,0.006580139,3.4657307,1
485,13221,5.007298,4.0718703,0
486,13223,0.28943002,3.2965717,1
487,13225,3.2377946,4.5293555,4
488,13227,4.8762474,2.323755,0
489,13229,2.8794816,5.3464937,4
490,13231,1.8968214,2.9847276,1
491,13233,2.877516,6.017481,4
492,13235,6.811179,4.753729,0
493,13237,6.667685,4.7406273,0
494,13241,8.67574,3.653297,2
495,13243,5.8354135,5.7922616,0
496,13245,2.5561838,4.630963,4
497,13247,1.2717867,3.613737,1
498,13249,3.6550243,5.28245,0
499,13251,4.3514066,6.882099,4
500,13253,5.9469314,5.6879153,0
501,13255,3.839405,6.1287956,4
502,13257,5.0940766,5.293974,0
503,13259,8.348321,7.703255,3
504,13261,3.5445273,6.6641374,4
505,13263,6.4117618,5.478269,0
506,13265,6.3954134,5.4453645,0
507,13267,7.683854,7.5093064,3
508,13269,5.195524,6.03863,0
509,13271,7.6893797,7.511552,3
510,13273,4.776603,6.45317,0
511,13275,3.9568062,5.8936515,4
512,13277,2.5229163,4.7109346,4
513,13279,3.0118227,6.599629,4
514,13281,9.934715,3.1899192,2
515,13283,3.8161192,6.6249757,4
516,13285,2.4766505,4.7636676,4
517,13287,4.4496627,6.603456,0
518,13289,6.3094745,5.3664336,0
519,13291,9.963882,3.0731344,2
520,13293,4.0566597,5.093207,0
521,13295,3.9506512,3.6534839,0
522,13297,1.5035053,3.3922474,1
523,13299,3.2426383,6.123691,4
524,13301,5.416733,6.1743064,0
525,13303,6.655299,7.3609796,3
526,13305,2.4635537,4.5876865,4
527,13309,8.355373,7.6775103,3
528,13311,6.952208,4.092405,0
529,13313,2.0442815,5.1638255,4
530,13315,7.66826,7.4960747,3
531,13317,5.8831744,5.553953,0
532,13319,4.4638524,5.7255993,0
533,13321,4.051044,5.0755143,0
534,15001,4.3062477,3.1221762,0
535,15003,0.7565447,0.76687855,1
536,15007,3.8811092,1.760563,0
537,15009,2.3497047,0.7417719,1
538,16001,1.2712228,2.9208841,1
539,16003,9.221112,3.0961494,2
540,16005,1.5236512,0.9481092,1
541,16007,6.5511546,0.5380385,2
542,16009,6.084079,2.6204755,0
543,16011,0.86809534,5.6751328,4
544,16013,2.2268147,0.7428396,1
545,16015,8.632765,3.298696,2
546,16017,7.357375,2.6497982,2
547,16019,0.65359384,5.266561,4
548,16021,6.016249,2.661874,0
549,16023,7.1020947,1.5697353,2
550,16025,6.711113,0.52220076,2
551,16027,0.77438146,5.1733575,4
552,16029,5.486003,1.1690792,2
553,16031,0.82591003,5.663856,4
554,16033,4.0740833,3.6980786,0
555,16035,8.669437,3.1094801,2
556,16037,9.198847,2.9752934,2
557,16039,1.8628093,4.4370775,1
558,16041,0.55274206,5.5625215,4
559,16043,4.0404196,3.6022818,0
560,16045,5.9935217,2.6674008,0
561,16047,1.3780456,5.4709244,4
562,16049,8.706166,2.5832558,2
563,16051,0.5191568,5.558324,4
564,16053,0.63200974,5.632122,4
565,16055,3.0598767,0.9370645,1
566,16057,-0.0012705675,2.1555192,1
567,16059,9.426867,2.8875341,2
568,16061,7.5138187,1.6607559,2
569,16063,1.0980103,5.515136,4
570,16065,1.1857526,4.097939,1
571,16067,1.1689785,5.5221653,4
572,16069,5.1004,2.3113089,0
573,16071,5.8320646,1.2476219,2
574,16073,1.9962645,5.458111,4
575,16075,5.2953777,1.4261862,2
576,16077,0.93747133,5.7003937,4
577,16079,6.708001,4.4486217,0
578,16081,1.2380779,3.3361468,1
579,16083,1.2233771,5.4507327,4
580,16085,9.080275,3.606574,2
581,16087,7.3243213,1.9707915,2
582,17001,3.0880904,0.9423415,1
583,17003,5.8457136,5.7922425,0
584,17005,7.4668336,6.140816,3
585,17007,1.9273411,2.950025,1
586,17009,8.338499,7.613721,3
587,17011,5.345448,2.3513985,0
588,17013,6.9707627,2.4919229,2
589,17015,8.238638,3.1014385,2
590,17017,3.6320546,3.0958934,0
591,17019,0.3081998,-0.101817906,1
592,17021,7.4407473,6.009238,3
593,17023,5.0115595,2.4324675,0
594,17025,5.956503,2.3289087,0
595,17027,3.624947,1.8232237,0
596,17029,3.6471136,4.3407884,4
597,17031,1.0222982,-0.21268062,1
598,17033,7.621828,5.963524,3
599,17035,4.886206,2.3566296,0
600,17037,1.394983,0.18804939,1
601,17039,4.674704,2.102457,0
602,17041,3.5014703,2.7557282,0
603,17043,0.4828392,1.1311612,1
604,17045,5.826739,3.5185328,0
605,17047,6.581108,1.8914692,2
606,17049,3.49917,2.8748717,0
607,17051,7.6324005,6.2705297,3
608,17053,4.7188506,2.465197,0
609,17055,5.834433,3.1322668,0
610,17057,7.651484,5.974195,3
611,17059,6.63843,3.3476818,2
612,17061,4.9814343,3.3763223,0
613,17063,1.0650412,3.1101148,1
614,17065,6.554924,2.2193446,2
615,17067,6.719889,2.388198,2
616,17069,8.795592,3.2361782,2
617,17071,8.226586,3.3119082,2
618,17073,5.1560907,2.2664974,0
619,17075,6.7014914,0.50002307,2
620,17077,2.6378753,0.12895696,1
621,17079,4.706024,2.5734754,0
622,17081,4.757364,3.3946083,0
623,17083,3.8260458,1.9546914,0
624,17085,8.343729,2.5113204,2
625,17087,7.807147,6.058739,3
626,17089,0.5100015,1.7062566,1
627,17091,3.298493,3.8793833,4
628,17093,0.07242707,3.4449058,1
629,17095,5.9440036,3.9762166,0
630,17097,0.4644781,1.5006492,1
631,17099,4.9434323,2.8723865,0
632,17101,7.714448,6.6225886,3
633,17103,6.540008,0.5915851,2
634,17105,3.1160243,0.95186996,1
635,17107,3.3587768,0.97229606,1
636,17109,2.6530201,0.12676589,1
637,17111,0.5787608,1.8356217,1
638,17113,0.68077415,-0.019455442,1
639,17115,2.8311934,0.32500258,1
640,17117,5.2075605,2.9407632,0
641,17119,1.998869,0.3869715,1
642,17121,5.7116475,3.015244,0
643,17123,7.046249,2.518327,2
644,17125,5.7224593,3.8263733,0
645,17127,5.950237,3.154656,0
646,17129,4.009473,1.7855321,0
647,17131,5.361855,2.2823544,0
648,17133,1.3211356,1.8753909,1
649,17135,7.5780125,6.0991907,3
650,17137,5.9733677,4.1112614,0
651,17139,5.2293773,0.7795922,2
652,17141,4.237705,1.7935524,0
653,17143,3.3581362,3.7210588,4
654,17145,7.8097997,6.488016,3
655,17147,4.07866,1.8235575,0
656,17149,5.6893253,2.907714,0
657,17151,8.940172,2.8888035,2
658,17153,6.050921,3.2266352,0
659,17155,7.1651335,2.4102805,2
660,17157,7.844119,6.5545726,3
661,17159,5.924464,2.4001117,0
662,17161,2.755523,0.2723124,1
663,17163,1.3595902,-0.096419364,1
664,17165,5.8550467,3.1439598,0
665,17167,1.9846367,0.5272083,1
666,17169,7.811217,5.916966,3
667,17171,4.679208,2.7902243,0
668,17173,6.737221,1.0048335,2
669,17175,6.6738,0.4427156,2
670,17177,6.770826,0.46546042,2
671,17179,3.3550055,1.3186041,0
672,17181,5.6043925,3.2359784,0
673,17183,2.68795,1.4239014,1
674,17185,6.2917285,2.1125147,2
675,17187,4.624081,2.8379056,0
676,17189,4.391821,1.7692249,0
677,17191,6.298665,2.2211218,2
678,17193,6.663766,2.0564036,2
679,17195,5.271305,2.3175478,0
680,17197,0.48045465,1.8001496,1
681,17199,4.7645535,3.3234193,0
682,17201,2.4919438,1.2633158,1
683,17203,2.4980862,2.495528,1
684,18001,0.8260263,5.5976562,4
685,18003,1.8501576,3.7624202,1
686,18005,2.7436166,3.310615,1
687,18007,3.437249,3.4021268,4
688,18009,5.680453,6.357467,0
689,18011,0.1273561,3.4161294,1
690,18013,7.530568,3.6960423,2
691,18015,4.4364023,2.5909889,0
692,18017,4.2377486,3.5529842,0
693,18019,2.0041046,1.6077566,1
694,18021,2.723037,2.8541617,1
695,18023,1.8159528,4.9147663,4
696,18025,4.5468717,5.89427,0
697,18027,0.95248306,5.5677195,4
698,18029,2.4116373,2.7872066,1
699,18031,2.7752705,3.4576793,1
700,18033,2.2899106,2.9141932,1
701,18035,2.6462977,0.108563855,1
702,18037,2.4718099,2.726682,1
703,18039,0.78250366,4.9614525,4
704,18041,5.1566067,4.046023,0
705,18043,1.7697222,0.8195081,1
706,18045,4.746372,3.0098684,0
707,18047,3.34503,2.6413262,0
708,18049,6.087533,0.35181177,2
709,18051,3.423465,2.9303527,0
710,18053,4.000495,4.9375706,0
711,18055,4.7827415,3.550086,0
712,18057,-0.04289555,3.473735,1
713,18059,1.7706593,2.9581614,1
714,18061,2.4927704,2.7026994,1
715,18063,1.0964621,3.1732125,1
716,18065,7.4307375,6.306573,3
717,18067,4.57349,2.8207998,0
718,18069,3.3274593,2.1422617,0
719,18071,2.784974,3.493189,1
720,18073,2.4257398,2.7548237,1
721,18075,3.3074327,4.4240155,4
722,18077,2.7401505,2.9072366,1
723,18079,3.2848675,3.9738884,4
724,18081,0.59828407,2.9628487,1
725,18083,4.6407175,3.4886637,0
726,18085,2.8002198,3.246953,1
727,18087,0.5331683,5.5366626,4
728,18089,3.2053554,4.045357,4
729,18091,4.731281,3.3417516,0
730,18093,4.748467,3.108928,0
731,18095,4.3974066,3.4721837,0
732,18097,1.8683298,4.159086,1
733,18099,3.007295,3.5736206,1
734,18101,6.215883,0.38079122,2
735,18103,7.656866,6.5097876,3
736,18105,0.23675643,-0.07781786,1
737,18107,3.7297275,2.8627775,0
738,18109,2.2997837,2.8591697,1
739,18111,2.8840892,2.4938502,1
740,18113,2.3200781,2.9178998,1
741,18115,4.883509,2.3470082,0
742,18117,4.735439,4.6880493,0
743,18119,4.782457,3.178896,0
744,18121,4.891822,3.9334466,0
745,18123,7.4941764,6.3640866,3
746,18125,4.718821,2.7296023,0
747,18127,1.8707964,2.2997286,1
748,18129,4.0159674,1.851543,0
749,18131,4.640813,3.1891043,0
750,18133,1.2500435,2.416359,1
751,18135,4.6754656,3.8634243,0
752,18137,2.6419513,2.7488458,1
753,18139,2.689301,2.7454886,1
754,18141,1.8452861,0.54458266,1
755,18143,3.3707762,4.4173574,4
756,18145,3.0686998,3.3981047,1
757,18147,4.1312532,2.2763371,0
758,18149,4.652398,2.9478037,0
759,18151,5.0200834,2.2419586,0
760,18153,7.8368993,6.523104,3
761,18155,3.3120124,5.2227764,4
762,18157,0.32106832,-0.07480981,1
763,18159,3.976428,2.2069864,0
764,18161,5.254658,4.404468,0
765,18163,1.8199289,0.16681436,1
766,18165,5.4750504,3.1682663,0
767,18167,5.3772483,3.9420984,0
768,18169,4.798114,2.9565613,0
769,18171,4.5156198,2.0046797,0
770,18173,1.769923,2.4210882,1
771,18175,3.6390848,4.2971206,4
772,18177,4.9577293,3.8949463,0
773,18179,5.0836535,1.2714065,2
774,18181,4.40595,2.5714753,0
775,18183,2.558529,2.4083796,1
776,19001,6.7925243,0.5157686,2
777,19003,7.2804704,1.6990435,2
778,19005,6.7715244,0.5690098,2
779,19007,7.375914,1.6821606,2
780,19009,7.3701115,0.90911686,2
781,19011,4.3059783,1.6947314,0
782,19013,2.0237358,1.0032873,1
783,19015,4.044604,1.8534336,0
784,19017,3.9192603,1.7393752,0
785,19019,5.2056513,1.0998937,2
786,19021,1.8198136,4.852279,4
787,19023,6.6695957,1.9284885,2
788,19025,7.1358905,1.6487746,2
789,19027,6.012433,1.0753416,2
790,19029,6.571893,2.4422014,2
791,19031,4.2242436,1.731378,0
792,19033,5.408531,2.2528977,0
793,19035,7.0007477,1.7136405,2
794,19037,6.1915045,0.5117556,2
795,19039,5.2159967,1.3651952,2
796,19041,6.0781927,1.9160192,2
797,19043,6.8110547,0.5456058,2
798,19045,2.92162,0.87822527,1
799,19047,2.0584245,4.7386436,4
800,19049,0.10801517,3.4471004,1
801,19051,1.0431873,5.4654894,4
802,19053,4.978783,4.907898,0
803,19055,4.3436737,2.4834542,0
804,19057,3.0396113,0.9012408,1
805,19059,8.417757,2.9691975,2
806,19061,2.059186,0.552552,1
807,19063,6.362244,2.254949,2
808,19065,6.283875,2.3901923,2
809,19067,6.192152,1.8917757,2
810,19069,6.1163735,1.6934524,2
811,19071,6.777628,1.9167514,2
812,19073,6.4922605,1.726819,2
813,19075,6.2511773,0.5362047,2
814,19077,6.7510586,0.46897128,2
815,19079,5.9625897,1.4795402,2
816,19081,6.643558,0.6349726,2
817,19083,6.417276,2.27819,2
818,19085,6.164037,0.64353865,2
819,19087,4.6787176,2.2169092,0
820,19089,6.0852184,1.3042897,2
821,19091,6.170997,1.3484298,2
822,19093,6.181211,1.5837595,2
823,19095,4.394751,1.6871004,0
824,19097,5.039254,2.488887,0
825,19099,4.657368,2.1428385,0
826,19101,7.326175,6.717559,3
827,19103,0.33113682,-0.056877207,1
828,19105,4.9704866,2.1171823,0
829,19107,6.6465554,1.4216253,2
830,19109,6.931693,1.8108675,2
831,19111,4.7960563,3.4538913,0
832,19113,1.8124574,0.82673407,1
833,19115,4.0979357,2.83714,0
834,19117,6.686457,1.5221814,2
835,19119,5.4801326,1.1369259,2
836,19121,2.3377056,2.4804003,1
837,19123,3.6109347,2.9200563,0
838,19125,2.9716828,3.0131202,1
839,19127,3.503081,2.8222167,0
840,19129,4.1964064,1.7242192,0
841,19131,5.907201,1.6023072,2
842,19133,7.8034987,1.823991,2
843,19135,4.7919736,2.6058884,0
844,19137,6.207736,2.0457103,2
845,19139,1.8665935,1.025702,1
846,19141,6.289391,0.44499302,2
847,19143,5.944238,1.5897018,2
848,19145,7.760403,5.875279,3
849,19147,6.7689056,1.7513626,2
850,19149,4.386172,1.6371872,0
851,19151,7.092935,1.623552,2
852,19153,1.2461365,0.67262954,1
853,19155,2.46807,1.9505976,1
854,19157,3.8730097,2.1956825,0
855,19159,7.125188,0.99342024,2
856,19161,7.39031,1.9038308,2
857,19163,1.7647218,0.79027903,1
858,19165,6.6768217,0.42986578,2
859,19167,0.90639126,3.1126928,1
860,19169,0.2375609,-0.10088362,1
861,19171,5.4026256,1.4025829,2
862,19173,6.771061,1.5857807,2
863,19175,5.877009,2.248306,0
864,19177,6.934866,1.6190091,2
865,19179,4.4088097,3.3236449,0
866,19181,1.0162805,2.6533592,1
867,19183,5.177486,1.1843094,2
868,19185,6.023333,1.3948357,2
869,19187,2.750366,0.5599395,1
870,19189,6.6886992,0.36622027,2
871,19191,3.8106499,2.1046355,0
872,19193,1.5170525,0.97789437,1
873,19195,5.14052,2.1264281,0
874,19197,6.9895554,1.4682122,2
875,20001,5.761519,2.951423,0
876,20003,5.8931527,1.3622513,2
877,20005,3.2436013,4.0388336,4
878,20007,7.0521746,1.5632999,2
879,20009,5.6413975,2.5135615,0
880,20011,5.742783,2.334508,0
881,20013,5.9160457,1.6262263,2
882,20015,1.6158421,2.9341877,1
883,20017,8.340415,1.7928321,2
884,20019,8.538824,2.3028677,2
885,20021,5.481175,3.0376325,0
886,20023,8.535212,1.9000372,2
887,20025,6.7774253,1.6890935,2
888,20027,6.8358684,1.559009,2
889,20029,7.3530307,1.626708,2
890,20031,5.3640394,2.2852354,0
891,20033,7.970223,1.695653,2
892,20035,4.6758704,3.2507358,0
893,20037,3.37562,4.4183745,4
894,20039,8.585744,1.9950043,2
895,20041,5.7440543,1.9683112,0
896,20043,4.719424,3.184602,0
897,20045,0.27384767,-0.082757615,1
898,20047,6.9330983,1.5147883,2
899,20049,8.862917,2.1734302,2
900,20051,1.1010525,2.424644,1
901,20053,7.9664807,6.375524,3
902,20055,0.62318826,5.5492954,4
903,20057,0.5729705,5.5079827,4
904,20059,3.2297702,2.9116406,0
905,20061,0.5774067,5.4743257,4
906,20063,7.826274,1.6260012,2
907,20065,8.455032,2.1958003,2
908,20067,0.6439327,5.490819,4
909,20069,5.0602736,0.67069113,2
910,20071,6.186049,0.67123014,2
911,20073,8.002772,2.080958,2
912,20075,0.99703366,5.5809755,4
913,20077,7.0552692,1.675755,2
914,20079,5.1794443,1.1946152,2
915,20081,1.0349295,5.3073287,4
916,20083,7.194653,1.6167697,2
917,20085,5.300666,1.414244,2
918,20087,3.982816,1.8113364,0
919,20089,9.031259,2.297919,2
920,20091,0.47743726,1.77341,1
921,20093,0.86700225,5.4451165,4
922,20095,6.619651,1.9847499,2
923,20097,6.2600713,1.1906183,2
924,20099,5.7321033,2.5161932,0
925,20101,7.164771,1.5982783,2
926,20103,1.5250733,2.9450896,1
927,20105,8.014689,1.8162756,2
928,20107,6.0382395,2.7950528,0
929,20109,6.6531963,1.6816756,2
930,20111,3.2295394,4.462143,4
931,20113,4.8186283,2.2066607,0
932,20115,6.933628,1.2253544,2
933,20117,6.1453867,1.8412359,2
934,20119,5.96182,0.32528937,2
935,20121,2.1771255,2.5306058,1
936,20123,7.1913376,1.5264804,2
937,20125,5.80711,2.5169964,0
938,20127,7.826057,2.434684,2
939,20129,6.473999,1.5768507,2
940,20131,5.6390886,1.175255,2
941,20133,5.8395157,2.253579,0
942,20135,8.33766,1.7831913,2
943,20137,7.741103,6.5899816,3
944,20139,4.885085,2.7039206,0
945,20141,8.347126,1.9935324,2
946,20143,6.347189,0.37979352,2
947,20145,7.961717,6.260881,3
948,20147,7.614014,1.8051066,2
949,20149,0.6890559,5.28973,4
950,20151,6.2353544,1.4889007,2
951,20153,8.548499,1.8881937,2
952,20155,4.7366457,3.2122498,0
953,20157,8.510944,1.8945668,2
954,20159,5.573716,1.9979328,0
955,20161,-0.74398637,1.8757378,1
956,20163,6.774268,0.4600003,2
957,20165,8.115179,1.9067603,2
958,20167,7.5798264,1.7499516,2
959,20169,2.0572782,0.7326335,1
960,20171,5.5689216,1.1054229,2
961,20173,1.7505721,3.9241333,1
962,20175,0.6325705,5.7190576,4
963,20177,1.9841039,0.6780316,1
964,20179,6.971317,1.4932275,2
965,20181,5.855035,2.2001853,0
966,20183,8.562061,1.9099993,2
967,20185,6.997898,1.6165283,2
968,20187,5.1983013,1.0776794,2
969,20189,5.1906796,1.1352261,2
970,20191,5.4713297,1.6430786,2
971,20193,4.8964133,1.9360958,0
972,20195,8.594433,2.6619508,2
973,20197,5.613365,1.6118617,2
974,20199,7.778512,1.6176564,2
975,20201,7.3502626,1.5258418,2
976,20203,5.9708223,1.3072143,2
977,20205,5.999811,2.0539122,0
978,20207,7.997305,2.052377,2
979,20209,1.7333893,4.3211823,1
980,21001,4.7594028,6.3767123,0
981,21003,3.5959418,5.079711,0
982,21005,1.9478343,3.0268588,1
983,21007,5.5418606,3.2217846,0
984,21009,3.5597174,5.236525,0
985,21011,3.7170336,6.4061794,4
986,21013,4.2633886,7.1621356,4
987,21015,0.5964452,2.5762026,1
988,21017,3.8467498,5.039269,0
989,21019,2.9439728,0.42834044,1
990,21021,5.642909,4.0729146,0
991,21023,3.1035035,3.3244548,1
992,21025,4.2354746,7.1735425,4
993,21027,4.414111,6.0814962,4
994,21029,1.9872797,2.6713185,1
995,21031,4.626068,6.5274644,0
996,21033,5.1088247,5.055333,0
997,21035,3.6142876,4.4214425,4
998,21037,1.5362152,0.082395054,1
999,21039,5.7601643,4.81132,0
1000,21041,1.8571842,5.2259226,4
1001,21043,4.1382585,7.0106673,4
1002,21045,4.2772894,6.6318965,0
1003,21047,1.6732178,4.52401,1
1004,21049,3.5528886,3.8088007,4
1005,21051,6.964442,7.539964,3
1006,21053,4.2597194,7.0706935,4
1007,21055,4.713658,6.109335,0
1008,21057,5.3356466,5.744946,0
1009,21059,1.9468359,0.84782887,1
1010,21061,7.2458673,4.2749906,2
1011,21063,7.4634314,7.3522644,3
1012,21065,4.292857,6.8880906,4
1013,21069,3.8449547,5.5696826,0
1014,21071,4.205693,7.094582,4
1015,21073,4.5182858,3.689569,0
1016,21075,4.385139,7.0512853,4
1017,21077,2.1903942,5.10679,4
1018,21079,3.7078676,4.1173077,4
1019,21081,1.8530779,5.2307553,4
1020,21083,3.8320434,5.085992,0
1021,21085,4.338564,6.53272,0
1022,21087,5.215549,6.2375145,0
1023,21089,5.7087812,3.453315,0
1024,21091,3.1206772,3.0752008,1
1025,21093,2.1181812,3.6169212,1
1026,21095,4.0614853,6.940619,4
1027,21097,3.4841392,3.9442725,4
1028,21099,3.2192047,6.240026,4
1029,21101,2.395112,0.959786,1
1030,21103,3.3853943,3.6903327,4
1031,21105,5.985464,5.53291,0
1032,21107,4.018236,4.9716024,0
1033,21109,4.2027926,6.936335,4
1034,21111,1.2968665,-0.19960439,1
1035,21113,1.7177325,3.4576874,1
1036,21115,4.3217735,6.4510417,0
1037,21117,1.6289953,0.6962809,1
1038,21119,4.2455306,7.156124,4
1039,21121,3.8695872,6.7806435,4
1040,21123,3.9471202,3.8623192,0
1041,21125,3.9534328,6.279075,4
1042,21127,3.7357092,6.629776,4
1043,21129,6.9804225,7.5081534,3
1044,21131,4.2314587,7.1648154,4
1045,21133,4.2392716,7.1379905,4
1046,21135,4.292572,6.8947244,4
1047,21137,3.6443236,6.2278576,4
1048,21139,5.6228127,6.4311323,0
1049,21141,3.8464043,5.1156907,0
1050,21143,8.629597,4.348284,2
1051,21145,3.1482046,0.98435694,1
1052,21147,7.1081047,7.608564,3
1053,21149,4.6658607,3.2788222,0
1054,21151,-0.21292025,2.257648,1
1055,21153,4.163262,6.974482,4
1056,21155,3.0645921,5.2119055,4
1057,21157,5.682983,3.344835,0
1058,21159,7.1325717,7.54833,3
1059,21161,3.9717095,5.1036353,0
1060,21163,1.8136997,2.9825528,1
1061,21165,6.3327346,5.587663,0
1062,21167,2.7166495,2.818287,1
1063,21169,4.3456264,5.7695055,0
1064,21171,4.449471,5.7572193,0
1065,21173,2.8843863,4.5820355,4
1066,21175,7.5260854,7.454899,3
1067,21177,5.277695,4.115193,0
1068,21179,2.3907545,3.250868,1
1069,21181,3.6335707,6.2297254,4
1070,21183,3.3645856,5.3158035,4
1071,21185,0.072688736,3.3922157,1
1072,21187,4.569662,4.6865454,0
1073,21189,4.2561603,7.1512036,4
1074,21191,2.624923,3.1373112,1
1075,21193,4.1101375,6.532063,4
1076,21195,4.8202505,6.2463107,0
1077,21197,3.6403491,6.4747057,4
1078,21199,4.201608,5.06981,0
1079,21201,6.1820955,4.654677,0
1080,21203,4.5025682,6.1833186,4
1081,21205,-0.46594876,2.1329043,1
1082,21207,4.713004,6.288718,0
1083,21209,0.5853446,3.1939974,1
1084,21211,1.2907776,2.6456394,1
1085,21213,2.734181,3.6425962,1
1086,21215,1.3002683,2.853798,1
1087,21217,3.6399634,5.1034193,0
1088,21219,2.9979212,5.699072,4
1089,21221,6.783672,2.236086,2
1090,21223,3.6509295,4.1929426,4
1091,21225,3.4081473,4.475303,4
1092,21227,-0.037040353,2.5180824,1
1093,21229,3.96107,4.2934284,0
1094,21231,5.3276987,6.25552,0
1095,21233,3.3923106,5.2253537,4
1096,21235,2.801257,6.412863,4
1097,21237,4.205546,7.120115,4
1098,21239,3.483326,2.153335,0
1099,22001,2.762665,6.398162,4
1100,22003,7.658289,7.3430176,3
1101,22005,0.70773625,3.5720928,1
1102,22007,4.210753,5.7863984,0
1103,22009,3.8233802,6.604858,4
1104,22011,2.458002,3.8218539,1
1105,22013,4.966421,6.2483406,0
1106,22015,1.9764398,3.7403858,1
1107,22017,2.2113686,4.0064,1
1108,22019,1.7845069,3.950559,1
1109,22021,4.101875,5.4778256,0
1110,22023,3.4146533,3.406526,4
1111,22025,6.920153,7.305065,3
1112,22027,7.515753,7.423352,3
1113,22029,3.7664487,6.6063795,4
1114,22031,3.540219,5.244009,0
1115,22033,1.3944957,0.10559294,1
1116,22035,7.061189,7.6043887,3
1117,22037,7.4038043,7.1209135,3
1118,22039,2.95105,6.4109306,4
1119,22041,2.9786603,6.514783,4
1120,22043,7.684639,7.28717,3
1121,22045,2.7922108,6.3660536,4
1122,22047,3.3754237,4.5665183,4
1123,22049,4.9296184,5.1760025,0
1124,22051,1.8462396,0.20851627,1
1125,22053,2.840242,5.7148104,4
1126,22055,1.8883433,3.4048126,1
1127,22057,2.893378,4.6181946,4
1128,22059,3.585292,5.3693433,0
1129,22061,-0.51644933,2.0809069,1
1130,22063,1.1471065,3.6015973,1
1131,22065,3.4531903,6.9379954,4
1132,22067,3.8394392,6.654193,4
1133,22069,3.9233413,6.676689,4
1134,22071,-0.42230862,2.1913123,1
1135,22073,2.1239922,4.162144,1
1136,22075,1.9227711,5.12261,4
1137,22077,4.9034925,6.1996207,0
1138,22079,3.3037639,5.211668,4
1139,22081,4.318451,6.4986787,0
1140,22083,3.822611,6.7537556,4
1141,22085,4.9939737,5.7703505,0
1142,22087,1.5662733,4.382298,1
1143,22089,1.3310475,3.5205832,1
1144,22091,4.851076,6.240414,0
1145,22093,3.3054173,4.018013,4
1146,22095,2.5484679,4.772926,4
1147,22097,3.1821706,6.769186,4
1148,22099,2.3781304,5.178847,4
1149,22101,3.660024,6.3942485,4
1150,22103,1.8275542,2.6780565,1
1151,22105,2.8356316,4.8551116,4
1152,22107,5.9492292,5.8325357,0
1153,22109,1.9637706,4.105186,1
1154,22111,5.127453,4.880351,0
1155,22113,2.2720208,5.2129064,4
1156,22115,1.7206831,4.4308667,1
1157,22117,3.6443403,6.460542,4
1158,22119,4.325068,6.808935,4
1159,22121,1.3791785,3.581281,1
1160,22123,3.7462509,6.578131,4
1161,22125,8.340134,7.645847,3
1162,22127,6.988956,7.3511505,3
1163,23001,2.610591,0.95000356,1
1164,23003,7.839361,4.4061003,2
1165,23005,0.9887147,0.5981018,1
1166,23007,7.300037,4.0067544,2
1167,23009,8.146598,3.4291556,2
1168,23011,3.466411,0.8428029,1
1169,23013,8.073428,3.5037067,2
1170,23017,6.6667595,4.332345,0
1171,23019,3.0491953,0.51085645,1
1172,23023,3.4295933,1.9959934,0
1173,23027,6.9843574,4.231505,0
1174,23029,8.138369,3.8745747,2
1175,23031,3.5006804,0.91372555,1
1176,24001,6.1096926,4.1630907,0
1177,24003,0.5806924,1.3312029,1
1178,24005,1.1015837,-0.20474298,1
1179,24009,0.6491955,1.9126726,1
1180,24011,2.118395,3.5116694,1
1181,24013,0.9937764,1.7589618,1
1182,24015,1.8189754,1.6302868,1
1183,24017,0.4431567,1.5465258,1
1184,24019,5.7634883,4.0070214,0
1185,24021,0.49346113,1.4423546,1
1186,24023,7.0113196,3.8910077,2
1187,24025,0.8364174,1.5763929,1
1188,24027,0.433528,1.162703,1
1189,24029,7.252319,3.8610578,2
1190,24031,0.43626675,0.8337831,1
1191,24033,0.70249516,0.35869765,1
1192,24035,1.3336296,1.8516403,1
1193,24037,0.46919176,1.5355835,1
1194,24039,7.3673735,7.182626,3
1195,24041,9.2597475,2.8080459,2
1196,24043,2.9803457,1.0235146,1
1197,24045,2.962947,4.2179203,4
1198,24047,9.11676,3.571051,2
1199,25001,9.623493,3.0231926,2
1200,25003,6.981355,3.6970656,2
1201,25005,1.7036189,0.31701344,1
1202,25007,8.899045,3.603241,2
1203,25009,1.0153942,-0.06285,1
1204,25011,3.4817517,0.76558745,1
1205,25013,1.2883936,-0.2445072,1
1206,25015,0.30081823,2.055837,1
1207,25017,0.45503697,0.7645649,1
1208,25019,0.86356443,1.6584136,1
1209,25021,0.448983,0.8653431,1
1210,25023,0.5810032,0.8470571,1
1211,25025,0.35958007,0.014370155,1
1212,25027,0.966299,0.0062164105,1
1213,26001,9.804841,3.528577,2
1214,26003,8.580485,4.33806,2
1215,26005,2.7920907,3.1357636,1
1216,26007,8.502863,3.1919363,2
1217,26009,8.977333,3.4966102,2
1218,26011,8.80729,3.30727,2
1219,26013,8.012458,6.008578,3
1220,26015,4.033041,1.8353871,0
1221,26017,2.8488758,0.27941966,1
1222,26019,8.332862,3.244887,2
1223,26021,5.1018286,3.7945414,0
1224,26023,4.604275,3.2047036,0
1225,26025,2.5293717,1.2587469,1
1226,26027,5.1708765,2.2521527,0
1227,26029,8.360046,3.36007,2
1228,26031,8.985907,3.4152105,2
1229,26033,7.828732,6.3778687,3
1230,26035,8.0755415,3.9059553,2
1231,26037,2.2168667,2.330407,1
1232,26039,8.965653,3.3835273,2
1233,26041,8.09104,2.780314,2
1234,26043,7.1516776,2.2410562,2
1235,26045,2.9958713,1.1073794,1
1236,26047,8.288768,3.4178162,2
1237,26049,2.5199366,1.2477767,1
1238,26051,8.959649,3.2819796,2
1239,26053,8.603781,4.0708337,2
1240,26055,2.363256,0.55481565,1
1241,26057,7.778415,6.523717,3
1242,26059,4.8180327,3.0943134,0
1243,26061,7.214397,7.2145686,3
1244,26063,8.376743,3.265343,2
1245,26065,-0.25291026,2.187281,1
1246,26067,1.6272596,2.6215644,1
1247,26069,9.435963,3.3407507,2
1248,26071,9.493454,3.4027188,2
1249,26073,-0.71234995,1.9105371,1
1250,26075,2.7852292,0.6261978,1
1251,26077,1.555428,0.15521713,1
1252,26079,5.437532,3.4605675,0
1253,26081,1.1836003,0.4199977,1
1254,26083,9.73321,3.5628777,2
1255,26085,9.190573,3.6120458,2
1256,26087,3.6416283,1.609528,0
1257,26089,9.647899,2.9765043,2
1258,26091,4.1249075,2.1869063,0
1259,26093,1.6839958,2.6970062,1
1260,26095,8.038008,6.323172,3
1261,26097,9.17013,3.532166,2
1262,26099,1.8713496,0.36314142,1
1263,26101,8.634025,3.4248686,2
1264,26103,5.7057505,3.8114474,0
1265,26105,7.285024,2.5222895,2
1266,26107,3.695719,4.536729,4
1267,26109,8.44823,3.3256736,2
1268,26111,3.5521445,2.0208764,0
1269,26113,5.6752434,3.1606162,0
1270,26115,2.9763553,1.0405877,1
1271,26117,4.532524,3.1872807,0
1272,26119,9.72102,3.509158,2
1273,26121,2.52976,1.3009784,1
1274,26123,4.889054,3.7596216,0
1275,26125,0.63933223,0.8271525,1
1276,26127,5.6310973,3.2725625,0
1277,26129,8.96939,3.3861637,2
1278,26131,9.764411,3.5428789,2
1279,26133,5.305741,4.6121087,0
1280,26135,9.153205,3.5521317,2
1281,26137,5.675098,3.3310876,0
1282,26139,0.643237,2.461534,1
1283,26141,9.712108,3.3274148,2
1284,26143,9.684161,3.5879252,2
1285,26145,2.829822,0.29271814,1
1286,26147,2.950013,0.5270425,1
1287,26149,4.1108255,3.1254098,0
1288,26151,5.6335745,3.2558975,0
1289,26153,8.985755,3.4135966,2
1290,26155,3.8507264,1.9568084,0
1291,26157,5.5096025,3.3024616,0
1292,26159,4.6049495,2.787226,0
1293,26161,0.1341494,2.0991716,1
1294,26163,1.6723491,0.48719612,1
1295,26165,4.983197,3.209,0
1296,27001,9.710569,3.547719,2
1297,27003,0.56018025,1.8486321,1
1298,27005,6.4769144,0.4086908,2
1299,27007,2.703119,5.1903534,4
1300,27009,1.6676788,0.91066366,1
1301,27011,8.435421,2.1784568,2
1302,27013,0.1416505,2.1899862,1
1303,27015,5.1745405,2.2219062,0
1304,27017,3.993833,2.0320878,0
1305,27019,0.008177514,3.4752204,1
1306,27021,9.006179,3.4083295,2
1307,27023,6.116319,1.7204851,2
1308,27025,1.7632881,2.7589977,1
1309,27027,1.0575837,3.2919736,1
1310,27029,6.560207,0.39248812,2
1311,27031,9.234968,3.6191988,2
1312,27033,6.807104,0.60630095,2
1313,27035,6.9001346,2.2092934,2
1314,27037,0.5312445,1.8232844,1
1315,27039,0.9334299,2.7418227,1
1316,27041,6.737209,0.4881403,2
1317,27043,6.7812333,2.116388,2
1318,27045,6.157443,1.0545605,2
1319,27047,6.3362617,2.0539598,2
1320,27049,4.2821836,1.735222,0
1321,27051,7.0024157,1.8609717,2
1322,27053,0.81131226,0.22803055,1
1323,27055,6.6425276,0.37441814,2
1324,27057,7.4567018,0.90503055,2
1325,27059,1.9596047,2.6670535,1
1326,27061,7.4612517,2.131383,2
1327,27063,6.681765,0.6515017,2
1328,27065,5.211821,2.3858957,0
1329,27067,5.387577,1.5503852,2
1330,27069,7.2306066,1.3597137,2
1331,27071,8.729492,3.1840518,2
1332,27073,8.482088,1.854965,2
1333,27075,8.41079,2.92889,2
1334,27077,9.035425,3.582883,2
1335,27079,2.5087016,2.4611146,1
1336,27081,7.9201636,1.7143899,2
1337,27083,2.678187,3.4001033,1
1338,27085,4.3961363,1.7745258,0
1339,27087,1.8002341,5.9661136,4
1340,27089,6.1441746,1.4369564,2
1341,27091,6.840656,0.4966065,2
1342,27093,5.66391,1.6189044,2
1343,27095,4.655474,2.714246,0
1344,27097,6.3201118,0.4082746,2
1345,27099,5.147172,1.3445649,2
1346,27101,7.156798,0.8078571,2
1347,27103,1.9125669,2.8748422,1
1348,27105,1.2512169,5.452208,4
1349,27107,6.0902157,1.8633521,2
1350,27109,0.9389111,2.57886,1
1351,27111,7.201994,1.9053223,2
1352,27113,4.375201,1.9507575,0
1353,27115,7.782115,6.0017776,3
1354,27117,5.910966,1.3490635,2
1355,27119,3.5900147,2.8915107,0
1356,27121,6.98682,0.690052,2
1357,27123,1.0082318,-0.012146678,1
1358,27125,6.1346025,1.7345893,2
1359,27127,5.9368076,1.3824425,2
1360,27129,6.379607,1.2573471,2
1361,27131,1.49007,2.4820874,1
1362,27133,6.0736756,0.27918953,2
1363,27135,6.216964,0.3037314,2
1364,27137,2.901709,0.41152897,1
1365,27139,-0.034188252,3.4225283,1
1366,27141,0.6042603,3.534384,1
1367,27143,4.339211,1.694071,0
1368,27145,1.6511099,0.54235464,1
1369,27147,5.0998282,0.6745129,2
1370,27149,3.2249625,2.0497227,0
1371,27151,6.721535,1.6757303,2
1372,27153,6.1167884,1.7597758,2
1373,27155,7.5109754,0.9773822,2
1374,27157,5.0109167,1.9701587,0
1375,27159,6.03228,1.8263161,2
1376,27161,4.297242,1.9048128,0
1377,27163,1.1422281,3.032768,1
1378,27165,4.143461,2.8330667,0
1379,27167,5.0748425,1.8806769,0
1380,27169,2.099679,1.8988926,1
1381,27171,0.5235709,3.5333202,1
1382,27173,6.3581715,0.4266717,2
1383,28001,7.0121446,7.4521446,3
1384,28003,4.209589,5.0200415,0
1385,28005,5.7791357,5.9120116,0
1386,28007,4.2854853,6.459774,0
1387,28009,4.488609,5.6161413,0
1388,28011,3.3633864,6.824345,4
1389,28013,4.2225447,5.4262958,0
1390,28015,8.3405485,3.7509534,2
1391,28017,2.9978921,6.1925907,4
1392,28019,5.282198,5.307047,0
1393,28021,4.1872087,7.1479306,4
1394,28023,4.6390476,5.3027363,0
1395,28025,4.195365,6.102619,4
1396,28027,3.561575,6.891131,4
1397,28029,4.084446,6.525708,4
1398,28031,3.219341,6.662205,4
1399,28033,0.83256185,3.4133809,1
1400,28035,2.3972328,4.4403944,4
1401,28037,4.8299756,5.2767763,0
1402,28039,1.8218598,5.255642,4
1403,28041,7.8057837,7.370951,3
1404,28043,3.951756,6.062765,4
1405,28045,5.0669527,3.8061886,0
1406,28047,2.3983016,4.4721045,4
1407,28049,2.1838737,4.1052647,1
1408,28051,3.4231086,6.8657346,4
1409,28053,3.3223665,6.8850217,4
1410,28055,7.3167777,7.529616,3
1411,28057,3.7682757,3.4409096,0
1412,28059,3.2485924,4.035308,4
1413,28061,4.6099596,6.274294,0
1414,28063,4.12725,7.116221,4
1415,28065,5.3970847,6.1977954,0
1416,28067,2.822688,5.1981263,4
1417,28069,5.4314327,6.01595,0
1418,28071,-0.67349815,1.9321984,1
1419,28073,1.5477446,3.7802637,1
1420,28075,4.14393,5.208141,0
1421,28077,3.7754807,5.3642926,0
1422,28079,3.0724235,6.1192636,4
1423,28081,1.7994013,3.9136055,1
1424,28083,3.273211,6.8288894,4
1425,28085,3.5335941,5.1448107,0
1426,28087,2.889651,4.9973807,4
1427,28089,1.0936732,3.2135766,1
1428,28091,4.204905,6.8927665,4
1429,28093,3.8923228,4.801829,0
1430,28095,4.171514,6.2037716,4
1431,28097,4.945001,6.450617,0
1432,28099,3.0049412,6.632109,4
1433,28101,3.7369132,5.409677,0
1434,28103,3.349376,6.842881,4
1435,28105,-0.6945378,1.9371635,1
1436,28107,3.1690662,6.0943704,4
1437,28109,4.935265,3.7523513,0
1438,28111,4.2103944,5.215665,0
1439,28113,3.2735434,6.845349,4
1440,28115,1.832028,5.2576685,4
1441,28117,4.0639267,5.023301,0
1442,28119,3.3846953,6.91257,4
1443,28121,1.8697928,2.9566305,1
1444,28123,2.7885578,6.479951,4
1445,28125,3.402653,6.905892,4
1446,28127,3.754182,5.289794,0
1447,28129,3.7678342,5.0530343,0
1448,28131,3.3412154,4.528386,4
1449,28133,7.0915446,7.594758,3
1450,28135,7.3425436,7.61933,3
1451,28137,3.2368574,4.280259,4
1452,28139,3.4135497,6.052741,4
1453,28141,5.559926,4.8927627,0
1454,28143,3.129199,6.7733893,4
1455,28145,2.7095885,5.04883,4
1456,28147,4.438378,5.783977,0
1457,28149,3.3206997,5.269625,4
1458,28151,3.3072035,6.8586826,4
1459,28153,3.2293122,6.42362,4
1460,28155,4.0527573,6.1209226,4
1461,28157,7.0045753,7.444398,3
1462,28159,4.7967434,5.287303,0
1463,28161,4.653694,5.30633,0
1464,28163,7.422915,7.599726,3
1465,29001,-0.5772876,2.0603435,1
1466,29003,2.596126,2.6454349,1
1467,29005,7.9133377,2.5661845,2
1468,29007,3.6857975,4.6255503,4
1469,29009,4.9917684,4.9234953,0
1470,29011,4.9626455,5.077538,0
1471,29013,4.5437937,4.415047,0
1472,29015,9.583092,3.1352236,2
1473,29017,5.085566,4.6797724,0
1474,29019,0.34100056,-0.013742284,1
1475,29021,1.9451194,0.66388893,1
1476,29023,4.0527697,6.096715,4
1477,29025,4.5990095,4.1504917,0
1478,29027,0.6879842,2.2858496,1
1479,29029,9.111309,3.5442636,2
1480,29031,3.2635405,4.055605,4
1481,29033,6.506203,3.0546315,2
1482,29035,4.893794,5.69791,0
1483,29037,1.7966357,2.5143607,1
1484,29039,5.5004544,5.1658516,0
1485,29041,6.7154307,2.9058821,2
1486,29043,1.1752365,2.8749506,1
1487,29045,4.8877172,4.4335413,0
1488,29047,0.65478843,2.4535728,1
1489,29049,3.4184227,2.7331076,0
1490,29051,2.0799146,0.78523415,1
1491,29053,7.459901,6.38143,3
1492,29055,4.800721,4.754289,0
1493,29057,6.1288967,4.697727,0
1494,29059,4.8188806,4.7702866,0
1495,29061,5.7997403,0.8160082,2
1496,29063,8.287699,7.577023,3
1497,29065,5.1358886,5.1735554,0
1498,29067,5.582171,5.229016,0
1499,29069,3.1993594,6.5145507,4
1500,29071,3.363046,2.831952,0
1501,29073,6.9206142,3.776683,2
1502,29075,4.5205283,4.438786,0
1503,29077,1.6781827,0.09786103,1
1504,29079,5.4684796,4.8108325,0
1505,29081,5.525238,4.993733,0
1506,29083,5.6806393,4.5138335,0
1507,29085,9.64622,3.0715241,2
1508,29087,7.8492985,2.8021774,2
1509,29089,4.8273506,4.5461063,0
1510,29091,4.5029445,5.3676085,0
1511,29093,5.851537,5.5170207,0
1512,29095,1.7132336,0.53054863,1
1513,29097,2.7289438,4.8902154,4
1514,29099,1.8302422,2.5307024,1
1515,29101,0.15321715,2.210008,1
1516,29103,5.530695,5.1684265,0
1517,29105,2.9133518,5.331288,4
1518,29107,4.020484,2.7440326,0
1519,29109,2.8614364,5.2833176,4
1520,29111,4.817849,4.108708,0
1521,29113,0.9360672,3.1471395,1
1522,29115,5.3615046,4.7540936,0
1523,29117,3.8966112,4.6782193,0
1524,29119,3.2164958,6.031108,4
1525,29121,6.734365,2.905362,2
1526,29123,4.4762845,4.947015,0
1527,29125,5.6619587,3.5715563,0
1528,29127,3.7050548,3.5987809,0
1529,29129,6.6743603,2.9252286,2
1530,29131,4.545111,4.6145015,0
1531,29133,7.039212,7.4172373,3
1532,29135,2.1414561,4.3530064,1
1533,29137,7.0940413,2.799247,2
1534,29139,5.4259043,4.312804,0
1535,29141,7.700417,2.7927544,2
1536,29143,4.3309445,5.7527194,0
1537,29145,3.91445,3.396494,0
1538,29147,-0.7538687,1.8622661,1
1539,29149,5.5129066,5.5498586,0
1540,29151,2.4769018,2.853684,1
1541,29153,8.321865,4.1072235,2
1542,29155,3.7437146,6.7391305,4
1543,29157,3.740114,2.8407652,0
1544,29159,2.7460861,5.160334,4
1545,29161,7.4426894,6.734527,3
1546,29163,7.401873,7.27722,3
1547,29165,0.7100966,2.2859983,1
1548,29167,3.3384783,4.2160835,4
1549,29169,7.865161,7.2663927,3
1550,29171,7.7254615,2.7318501,2
1551,29173,6.5981607,0.5306467,2
1552,29175,7.6176386,6.521917,3
1553,29177,3.7529416,2.5338976,0
1554,29179,6.060657,5.365969,0
1555,29181,4.807061,5.735688,0
1556,29183,0.7915938,2.3227267,1
1557,29185,8.3449745,3.9707541,2
1558,29186,4.7078714,2.5071988,0
1559,29187,7.5879617,6.6774564,3
1560,29189,1.2546129,-0.27257478,1
1561,29195,4.362709,4.538147,0
1562,29197,3.57401,5.967484,4
1563,29199,1.1498177,5.4678345,4
1564,29201,3.6779683,5.202912,0
1565,29203,5.427147,5.570989,0
1566,29205,6.327377,2.748698,0
1567,29207,4.911804,4.849951,0
1568,29209,9.774717,3.010911,2
1569,29211,4.96837,4.7704673,0
1570,29213,5.8264003,3.526761,0
1571,29215,6.435898,6.993218,3
1572,29217,4.4470015,5.084257,0
1573,29219,2.9492865,2.9553154,1
1574,29221,4.137399,5.4459257,0
1575,29223,5.9495335,5.7106333,0
1576,29225,1.2676758,5.4614654,4
1577,29227,7.7943463,2.8624578,2
1578,29229,3.331501,6.3527665,4
1579,30001,7.210868,4.190074,2
1580,30003,1.1943702,6.673953,4
1581,30005,1.4879724,5.825135,4
1582,30007,6.7195497,2.5590868,2
1583,30009,8.612727,3.3083344,2
1584,30011,8.420703,2.001053,2
1585,30013,4.5801206,3.170949,0
1586,30015,4.794561,4.768852,0
1587,30017,5.3366795,2.1013196,0
1588,30019,8.5334425,1.918057,2
1589,30021,5.304978,1.957462,0
1590,30025,5.629603,1.4417847,2
1591,30027,7.350391,2.2129865,2
1592,30029,4.8513007,2.6529763,0
1593,30031,0.28645697,2.1526582,1
1594,30033,7.7071095,2.9744356,2
1595,30035,1.2587113,6.6184077,4
1596,30037,8.295634,4.1035495,2
1597,30039,9.378686,3.4720333,2
1598,30041,1.1931313,5.4108276,4
1599,30043,4.671591,2.1398492,0
1600,30045,8.679521,2.5538418,2
1601,30047,6.2335186,3.1337073,0
1602,30049,3.763984,2.0977235,0
1603,30051,5.6236176,4.757464,0
1604,30053,9.291941,3.0725808,2
1605,30055,7.696335,1.3894885,2
1606,30057,9.450949,3.242598,2
1607,30059,9.534094,3.0952678,2
1608,30061,9.335105,2.9759254,2
1609,30063,1.5123205,0.09592462,1
1610,30065,8.514713,3.5741017,2
1611,30067,7.5346293,3.7496326,2
1612,30069,6.37554,4.6488066,0
1613,30071,6.4622407,2.571554,2
1614,30073,4.760684,4.7882977,0
1615,30075,8.671188,2.9188428,2
1616,30077,8.315619,7.447847,3
1617,30079,9.486049,2.7702343,2
1618,30081,7.772877,3.254291,2
1619,30083,1.4356133,3.1379926,1
1620,30085,1.2165946,6.6886563,4
1621,30087,2.9360745,5.669696,4
1622,30089,9.533894,2.9730918,2
1623,30091,7.312883,1.6362058,2
1624,30093,5.449755,3.8617272,0
1625,30095,5.4236245,2.0267367,0
1626,30097,7.931813,2.503177,2
1627,30099,6.8601327,0.62074214,2
1628,30101,7.8183446,6.664587,3
1629,30103,8.499966,1.9114196,2
1630,30105,7.302734,1.9228312,2
1631,30107,5.4508414,5.109259,0
1632,30109,7.5257487,2.3707592,2
1633,30111,1.8936902,0.64225113,1
1634,31001,3.6018264,2.9144962,0
1635,31003,7.1477294,0.99878234,2
1636,31005,5.9985595,1.7969751,2
1637,31007,7.2117248,1.6319969,2
1638,31009,8.669975,2.2707396,2
1639,31011,6.822539,1.7742993,2
1640,31013,5.651547,1.6343796,2
1641,31015,9.070314,2.2967944,2
1642,31017,8.363363,2.1966336,2
1643,31019,1.3069484,2.7435205,1
1644,31021,7.1006536,0.8818325,2
1645,31023,6.1373715,1.3751321,2
1646,31025,2.0679297,2.6592982,1
1647,31027,6.2577205,1.1916912,2
1648,31029,6.0318847,1.5877188,2
1649,31031,6.955506,1.5494064,2
1650,31033,6.3435597,0.32446277,2
1651,31035,6.0700564,1.6767588,2
1652,31037,0.96596235,5.63417,4
1653,31039,5.821027,1.2893466,2
1654,31041,7.060961,0.86736685,2
1655,31043,0.83479035,5.0592723,4
1656,31045,5.8525195,3.9369576,0
1657,31047,1.2833335,5.4685984,4
1658,31049,7.382833,1.5780293,2
1659,31051,5.761448,1.3026525,2
1660,31053,5.9939814,0.32908592,2
1661,31055,1.1349397,0.4156947,1
1662,31057,8.541259,2.2884727,2
1663,31059,6.691393,2.134301,2
1664,31061,8.561724,1.9478542,2
1665,31063,8.5280075,2.3417418,2
1666,31065,7.9570355,1.800699,2
1667,31067,5.85762,2.185405,0
1668,31069,8.640448,2.1842585,2
1669,31071,8.553831,1.9689738,2
1670,31073,7.064864,0.9621237,2
1671,31075,6.4184103,1.7299827,2
1672,31077,7.9677973,1.7233566,2
1673,31079,1.2062985,5.397682,4
1674,31081,6.060715,0.2963118,2
1675,31083,8.450066,1.9083079,2
1676,31085,8.277629,1.7650042,2
1677,31087,7.542601,1.0403011,2
1678,31089,6.5176706,1.4660815,2
1679,31091,8.621271,2.1387577,2
1680,31093,6.093968,1.7531489,2
1681,31095,7.788235,1.8371925,2
1682,31097,8.019631,6.996082,3
1683,31099,6.0971646,0.29719806,2
1684,31101,7.549401,0.9708862,2
1685,31103,9.041741,2.2837462,2
1686,31105,7.4283504,0.95056033,2
1687,31107,7.866016,1.6771233,2
1688,31109,1.411777,0.3594645,1
1689,31111,5.0756736,1.8872974,0
1690,31113,6.6941824,1.6168363,2
1691,31115,8.652889,2.2310615,2
1692,31117,8.132564,2.8713727,2
1693,31119,2.665251,3.4315386,1
1694,31121,5.8259826,1.9211582,0
1695,31123,6.771606,1.5469966,2
1696,31125,6.7335453,0.39983067,2
1697,31127,4.8280354,2.9635386,0
1698,31129,7.638744,1.154495,2
1699,31131,5.253075,1.1774163,2
1700,31133,8.526218,2.1308513,2
1701,31135,7.0579166,0.9441634,2
1702,31137,5.949505,1.5807672,2
1703,31139,5.453863,1.428791,2
1704,31141,5.0569487,0.71033216,2
1705,31143,6.7961197,1.9180399,2
1706,31145,6.612936,0.38606182,2
1707,31147,7.5475965,1.6542982,2
1708,31149,8.504266,2.187391,2
1709,31151,2.4257061,3.6171997,1
1710,31153,0.5286016,3.5209446,1
1711,31155,4.390524,1.5686656,0
1712,31157,5.6393313,0.6262783,2
1713,31159,2.245422,2.515801,1
1714,31161,8.436717,2.1962788,2
1715,31163,8.4400425,2.1080081,2
1716,31165,8.951515,2.5105944,2
1717,31167,4.4255447,1.6220425,0
1718,31169,7.3370776,0.9366838,2
1719,31171,8.130969,1.8923259,2
1720,31173,1.1612341,6.714084,4
1721,31175,8.039494,1.8162296,2
1722,31177,2.3679144,2.4497528,1
1723,31179,0.84889424,2.2217705,1
1724,31181,7.385561,1.6924549,2
1725,31183,8.4372635,2.0352252,2
1726,31185,6.0991483,0.8664027,2
1727,32001,4.9975543,1.8709584,0
1728,32003,2.218342,3.1705368,1
1729,32005,8.982539,2.937877,2
1730,32007,0.6732859,3.4924765,1
1731,32009,9.737385,3.5638518,2
1732,32011,3.1012578,2.3600755,1
1733,32013,0.8302532,3.324413,1
1734,32015,4.926171,0.828461,2
1735,32017,7.394355,2.2603846,2
1736,32019,5.2765875,2.2082653,0
1737,32021,8.091914,3.822736,2
1738,32023,9.737141,2.8824365,2
1739,32027,8.342752,7.62462,3
1740,32029,8.988902,2.9761481,2
1741,32031,1.7004791,0.41907153,1
1742,32033,7.8817987,6.56194,3
1743,32510,7.730167,5.8495073,3
1744,33001,7.6069217,3.7695348,2
1745,33003,9.0892105,3.4974349,2
1746,33005,3.4288094,0.83314157,1
1747,33007,8.260021,4.186045,2
1748,33009,6.2713294,3.8392107,0
1749,33011,0.65625215,0.79889846,1
1750,33013,3.4009917,1.6538646,0
1751,33015,0.6279195,0.8204444,1
1752,33017,0.6335715,0.6797514,1
1753,33019,4.755533,2.352064,0
1754,34001,1.3763067,-0.2257912,1
1755,34003,0.4340568,0.942456,1
1756,34005,0.6091166,0.86765677,1
1757,34007,1.1418757,-0.2170952,1
1758,34009,9.0802355,3.583488,2
1759,34011,2.2305079,1.3606595,1
1760,34013,0.94345665,-0.17244212,1
1761,34015,0.6833116,0.8838179,1
1762,34017,-0.20070642,1.9793888,1
1763,34019,0.85372335,1.5334431,1
1764,34021,0.7721977,2.0153973,1
1765,34023,0.52190727,0.6977423,1
1766,34025,0.44601125,0.90449464,1
1767,34027,0.49468902,1.1091559,1
1768,34029,5.856634,1.4339583,2
1769,34031,0.970208,-0.122649096,1
1770,34033,2.5986025,0.53030574,1
1771,34035,0.46358016,1.1750848,1
1772,34037,1.1600214,1.8302264,1
1773,34039,0.8728631,0.028642042,1
1774,34041,1.7405435,1.6803904,1
1775,35001,3.2106977,4.4694424,4
1776,35003,9.843498,3.38988,2
1777,35005,2.7266426,5.4925356,4
1778,35006,3.9936094,6.5998373,4
1779,35007,8.999823,3.3680296,2
1780,35009,1.6516379,4.4215655,1
1781,35011,9.005452,2.435311,2
1782,35015,1.7184546,4.049527,1
1783,35017,8.418187,4.02108,2
1784,35019,6.9964614,7.2279034,3
1785,35021,9.861995,3.411637,2
1786,35023,5.270399,5.7025332,0
1787,35025,0.64141953,5.4874635,4
1788,35027,9.223862,3.3802857,2
1789,35028,0.93168026,1.5807301,1
1790,35029,3.081244,6.5422626,4
1791,35031,3.1546578,6.7762856,4
1792,35033,9.135804,3.0628316,2
1793,35035,4.5015655,5.1129665,0
1794,35037,6.076158,5.7900677,0
1795,35039,2.7167308,1.3612323,1
1796,35041,2.570828,5.728429,4
1797,35043,3.5406547,3.1808636,0
1798,35045,2.5422862,5.321012,4
1799,35047,5.356396,6.1274943,0
1800,35049,7.2410135,3.8361154,2
1801,35051,9.7240715,3.168177,2
1802,35053,4.061016,6.7249923,4
1803,35055,8.914096,3.3096037,2
1804,35057,5.5677743,6.1763353,0
1805,35059,7.3829937,6.9778857,3
1806,35061,2.58883,1.4760746,1
1807,36001,1.1184237,-0.18571588,1
1808,36003,5.5046315,3.7727118,0
1809,36007,2.7098289,0.18844278,1
1810,36009,4.887608,4.3569126,0
1811,36011,2.903508,0.44663134,1
1812,36013,3.0860767,0.50512815,1
1813,36015,4.5635033,3.2378798,0
1814,36017,5.5724616,3.3999634,0
1815,36019,0.60181695,2.2089021,1
1816,36021,7.4463854,3.7449553,2
1817,36023,3.471041,3.8399842,4
1818,36025,8.022088,3.97408,2
1819,36027,0.79090804,0.7206809,1
1820,36029,1.336948,-0.31803733,1
1821,36031,7.981282,3.9463694,2
1822,36033,7.7493224,6.549477,3
1823,36035,6.607046,0.7366726,2
1824,36037,3.8186526,2.0049405,0
1825,36039,7.744446,3.928291,2
1826,36041,9.475027,3.6176796,2
1827,36043,5.682413,3.4205928,0
1828,36045,2.208533,3.6997862,1
1829,36049,2.9670346,2.9159925,1
1830,36051,2.1011903,1.8625484,1
1831,36053,2.1631088,1.9477178,1
1832,36055,1.3875732,-0.16235285,1
1833,36057,4.114231,4.769668,0
1834,36059,0.4354053,0.8331436,1
1835,36061,-0.22503665,1.9634018,1
1836,36063,2.9430387,0.433688,1
1837,36065,2.7539265,0.32732007,1
1838,36067,1.3945414,-0.24600221,1
1839,36069,3.7744682,1.9281255,0
1840,36071,0.6801299,3.1289082,1
1841,36073,3.9121702,2.5081794,0
1842,36075,3.4979105,3.5587819,4
1843,36077,6.265127,3.917952,0
1844,36079,0.87082714,1.5775999,1
1845,36083,1.1740502,0.094939806,1
1846,36087,0.8353414,4.966462,4
1847,36089,5.5009556,3.9902148,0
1848,36091,1.6138262,1.6153368,1
1849,36093,1.2887737,-0.2876702,1
1850,36095,7.2545776,4.1105323,2
1851,36097,5.7373652,3.5054715,0
1852,36099,7.456253,6.173611,3
1853,36101,3.0480804,0.65341836,1
1854,36103,0.50121176,0.9124736,1
1855,36105,5.0718584,3.6115973,0
1856,36107,3.4743242,2.1181138,0
1857,36109,0.2501366,-0.09630178,1
1858,36111,3.4687889,0.8118337,1
1859,36113,7.5459247,3.7697423,2
1860,36115,3.3764324,0.8156632,1
1861,36117,3.7756288,1.9312916,0
1862,36119,0.42955688,0.80007714,1
1863,36121,7.8019276,6.493296,3
1864,36123,5.5965242,6.429248,0
1865,37001,3.168168,3.9876978,4
1866,37003,7.149205,6.0105247,3
1867,37005,8.592177,3.734991,2
1868,37007,6.831297,7.145075,3
1869,37009,8.355234,3.7910788,2
1870,37011,8.51481,4.513545,2
1871,37013,7.0034637,4.6746736,0
1872,37015,6.4502916,5.5306787,0
1873,37017,5.2342467,6.153243,0
1874,37019,9.740521,2.8835454,2
1875,37021,3.1470442,0.5089267,1
1876,37023,5.858762,3.9905095,0
1877,37025,0.6286531,2.5954309,1
1878,37027,5.667742,3.995519,0
1879,37029,2.24705,2.393808,1
1880,37031,8.536724,3.2643454,2
1881,37033,6.172878,4.2395024,0
1882,37035,3.6198323,3.4736836,0
1883,37037,5.446838,2.5854266,0
1884,37039,9.556854,3.126689,2
1885,37041,7.0626435,4.62316,0
1886,37043,9.721689,3.0698006,2
1887,37045,4.034306,4.999989,0
1888,37047,5.3883467,6.0036354,0
1889,37049,4.6552672,3.2419877,0
1890,37051,1.1248937,0.37504548,1
1891,37053,2.9647095,2.3183546,1
1892,37055,8.675905,3.5466993,2
1893,37057,3.760668,3.4889257,0
1894,37059,4.949128,2.3912706,0
1895,37061,3.9837234,5.5343056,0
1896,37063,0.7276862,-0.056029562,1
1897,37065,4.6482134,6.4538875,0
1898,37067,3.053461,4.27946,4
1899,37069,3.2299492,3.1861525,1
1900,37071,3.1012936,4.0346713,4
1901,37073,5.518218,3.9194834,0
1902,37075,8.06671,3.9134517,2
1903,37077,1.0416781,2.3239791,1
1904,37079,7.533584,7.0581627,3
1905,37081,1.5666456,0.119458675,1
1906,37083,4.864612,6.2550497,0
1907,37085,1.1791229,3.929708,1
1908,37087,7.894608,3.5107045,2
1909,37089,7.7677116,3.2424853,2
1910,37091,5.4365263,5.926616,0
1911,37093,1.2615762,4.2349744,1
1912,37095,7.9915633,6.289054,3
1913,37097,2.0460296,2.823398,1
1914,37099,6.1770744,3.96395,0
1915,37101,1.0264235,3.5391414,1
1916,37103,6.873059,4.398503,0
1917,37105,2.9562786,4.45621,4
1918,37107,4.5296392,5.2833076,0
1919,37109,3.2441573,2.045704,0
1920,37111,5.558913,3.8419087,0
1921,37113,9.261755,3.0401223,2
1922,37115,6.5072274,4.3573384,0
1923,37117,6.924642,4.7322955,0
1924,37119,0.8965952,-0.036290508,1
1925,37121,8.336871,3.7559688,2
1926,37123,4.9911523,4.4714193,0
1927,37125,5.4691105,2.6306713,0
1928,37127,2.5311666,1.2484477,1
1929,37129,1.794488,0.1752132,1
1930,37131,6.5896306,5.37948,0
1931,37133,1.707505,4.3631,1
1932,37135,0.5495297,0.2126789,1
1933,37137,9.363364,2.876235,2
1934,37139,3.3500557,4.0974913,4
1935,37141,3.7949429,3.4468305,0
1936,37143,8.270616,3.6578488,2
1937,37145,5.223629,3.795294,0
1938,37147,-0.34483805,2.2472093,1
1939,37149,9.905844,3.0693152,2
1940,37151,3.6918712,3.5116246,0
1941,37153,4.0821652,6.1939464,4
1942,37155,3.390344,6.3863363,4
1943,37157,5.9431944,4.82799,0
1944,37159,2.6506917,1.1661566,1
1945,37161,6.042555,4.9219484,0
1946,37163,3.6559591,5.5537796,0
1947,37165,4.0885386,6.5433917,4
1948,37167,4.6107974,3.1188796,0
1949,37169,6.197701,3.96049,0
1950,37171,5.2680545,3.9029675,0
1951,37173,5.164945,3.8563058,0
1952,37175,9.768719,2.9732237,2
1953,37177,7.4725966,7.2696943,3
1954,37179,0.22139145,3.4138095,1
1955,37181,4.039828,6.5100756,4
1956,37183,0.51384866,1.3618969,1
1957,37185,8.323026,3.8432922,2
1958,37187,6.998902,4.6934247,0
1959,37189,-0.7478378,1.8893658,1
1960,37191,2.7542684,4.656472,4
1961,37193,6.0363708,4.8501396,0
1962,37195,3.9517758,5.0841293,0
1963,37197,5.3253765,3.662005,0
1964,37199,7.8541036,4.4128547,2
1965,38001,8.322431,2.3589857,2
1966,38003,6.6124,2.2595828,2
1967,38005,1.1699783,6.7603474,4
1968,38007,7.164201,2.2861218,2
1969,38009,7.935735,2.0168965,2
1970,38011,6.096045,1.5930557,2
1971,38013,6.3231225,1.1985373,2
1972,38015,1.8858063,0.7814781,1
1973,38017,1.421747,0.32460466,1
1974,38019,8.177105,1.7570608,2
1975,38021,6.2504725,1.5252682,2
1976,38023,7.97974,1.707853,2
1977,38025,2.9646811,2.480515,1
1978,38027,6.9111104,1.4993993,2
1979,38029,8.55745,2.1397977,2
1980,38031,6.7779818,1.9842409,2
1981,38033,7.706946,1.7706925,2
1982,38035,1.4688113,0.26598188,1
1983,38037,9.001139,2.257898,2
1984,38039,8.636413,2.0725799,2
1985,38041,7.08748,1.571982,2
1986,38043,8.088524,2.1290998,2
1987,38045,7.5709925,1.5184845,2
1988,38047,8.087133,1.8309582,2
1989,38049,6.1060057,1.7660263,2
1990,38051,9.004399,2.2778761,2
1991,38053,0.43949914,5.110866,4
1992,38055,6.9094267,0.6207754,2
1993,38057,6.2376285,0.2953102,2
1994,38059,1.8976957,0.84559315,1
1995,38061,0.8232755,3.4294188,1
1996,38063,8.426683,1.9043417,2
1997,38065,6.405106,0.8025231,2
1998,38067,6.8295546,0.55576843,2
1999,38069,7.337885,1.5528216,2
2000,38071,5.816624,1.9421909,0
2001,38073,6.3908744,0.6562037,2
2002,38075,6.4210467,1.3243486,2
2003,38077,6.2366934,0.30588114,2
2004,38079,1.2077299,6.6719246,4
2005,38081,6.8590403,1.9631379,2
2006,38083,9.094909,2.3117516,2
2007,38085,1.1752379,6.7013993,4
2008,38087,7.556478,2.4283082,2
2009,38089,0.75358313,3.4345994,1
2010,38091,6.995658,0.8305317,2
2011,38093,7.43504,6.126972,3
2012,38095,8.354394,1.8303918,2
2013,38097,5.0807605,1.7928915,0
2014,38099,6.222657,1.8203024,2
2015,38101,1.1630111,2.9976542,1
2016,38103,8.353883,2.0716984,2
2017,38105,0.60820574,3.7282403,1
2018,39001,3.7471995,6.362454,4
2019,39003,2.481801,1.3561454,1
2020,39005,3.955681,2.5924559,0
2021,39007,4.6176133,6.55273,0
2022,39009,0.2246893,-0.10101313,1
2023,39011,2.674081,2.4508092,1
2024,39013,6.111222,4.04104,0
2025,39015,3.8928382,2.7071128,0
2026,39017,1.9556793,3.318022,1
2027,39019,5.76947,3.6445904,0
2028,39021,2.6564052,2.684982,1
2029,39023,3.0808394,0.9779456,1
2030,39025,1.9155023,2.8935924,1
2031,39027,3.065199,3.3201597,1
2032,39029,5.617166,3.9681602,0
2033,39031,4.161021,4.5188518,0
2034,39033,5.613591,6.4389014,0
2035,39035,1.3181105,-0.26727995,1
2036,39037,4.1706586,2.7548885,0
2037,39039,2.640816,2.686006,1
2038,39041,-0.025392089,3.460179,1
2039,39043,5.693407,3.3280468,0
2040,39045,1.6935207,2.6270978,1
2041,39047,3.5896614,5.1365337,0
2042,39049,0.92718256,-0.027807074,1
2043,39051,2.5050404,2.6702201,1
2044,39053,4.5937524,6.573733,0
2045,39055,1.7289813,2.104682,1
2046,39057,3.1619902,2.025179,0
2047,39059,4.457734,4.99443,0
2048,39061,1.2798563,-0.05798954,1
2049,39063,3.3790672,2.1119316,0
2050,39065,3.5904107,4.169687,4
2051,39067,5.5833426,6.41096,0
2052,39069,2.669358,2.7037,1
2053,39071,3.6953766,5.0905743,0
2054,39073,3.0183942,2.8506382,1
2055,39075,0.67643994,5.698121,4
2056,39077,3.1026452,3.3551016,1
2057,39079,3.9143336,6.2334747,4
2058,39081,6.401864,4.8075,0
2059,39083,2.6814318,2.8051164,1
2060,39085,2.5457003,0.5819904,1
2061,39087,4.1691065,4.967171,0
2062,39089,1.9867504,2.7744324,1
2063,39091,3.9052691,2.6693556,0
2064,39093,3.5810392,3.0803826,0
2065,39095,3.136287,4.4987087,4
2066,39097,1.8087469,2.682913,1
2067,39099,3.1424022,0.4150267,1
2068,39101,7.633859,6.548641,3
2069,39103,1.8927108,2.7445695,1
2070,39105,5.5279613,6.4397454,0
2071,39107,3.0001187,3.4246433,1
2072,39109,4.2365093,2.512265,0
2073,39111,5.890987,3.9739654,0
2074,39113,2.0520003,0.16855972,1
2075,39115,5.601017,6.4374185,0
2076,39117,2.5316796,2.8059962,1
2077,39119,2.687239,1.088308,1
2078,39121,6.973622,6.550451,3
2079,39123,8.411345,3.2875233,2
2080,39125,3.1052372,3.0201626,1
2081,39127,3.258921,3.9399486,4
2082,39129,1.5539407,2.590468,1
2083,39131,3.9740143,6.2635655,4
2084,39133,2.0517428,1.8657963,1
2085,39135,2.7236261,2.6508682,1
2086,39137,2.6046345,2.4176862,1
2087,39139,3.1192653,0.87977827,1
2088,39141,7.493689,6.606899,3
2089,39143,4.4936085,2.485916,0
2090,39145,4.1101193,5.0963106,0
2091,39147,3.8643236,3.3485405,0
2092,39149,2.8246565,3.1393156,1
2093,39151,2.7318673,0.35846445,1
2094,39153,1.9156362,0.3498842,1
2095,39155,5.773339,4.275976,0
2096,39157,4.170978,4.3200345,0
2097,39159,0.23537204,3.2652464,1
2098,39161,4.1575727,2.6851127,0
2099,39163,4.056761,5.062849,0
2100,39165,1.0864851,3.08583,1
2101,39167,5.694433,3.5840526,0
2102,39169,2.5539675,2.7708526,1
2103,39171,4.36525,2.6104712,0
2104,39173,2.0501943,1.9681464,1
2105,39175,3.8086376,2.5556457,0
2106,40001,2.7364233,6.428949,4
2107,40003,7.988893,6.9363523,3
2108,40005,6.4101834,6.9854074,3
2109,40007,5.646018,1.1736251,2
2110,40009,1.9328262,4.4612083,1
2111,40011,5.828426,1.4185663,2
2112,40013,2.86887,4.0257425,4
2113,40015,2.1963122,4.750725,4
2114,40017,0.8930602,3.5455878,1
2115,40019,3.1851633,5.6972666,4
2116,40021,3.4987357,4.6454825,4
2117,40023,4.8019223,5.727937,0
2118,40025,8.144391,2.0684097,2
2119,40027,1.010084,2.4455082,1
2120,40029,4.9949775,5.2024426,0
2121,40031,1.695152,3.7511806,1
2122,40033,4.8224173,4.638554,0
2123,40035,6.366007,6.944708,3
2124,40037,3.3357646,3.5914164,4
2125,40039,2.2283554,5.057268,4
2126,40041,8.125916,4.0997376,2
2127,40043,5.5818825,1.2492399,2
2128,40045,6.7300005,2.1446035,2
2129,40047,1.8596417,4.9040256,4
2130,40049,3.3521814,4.6247745,4
2131,40051,2.6061523,3.178656,1
2132,40053,6.7942953,1.5820072,2
2133,40055,7.687621,7.3340125,3
2134,40057,4.5221744,5.5297413,0
2135,40059,5.575083,1.2855761,2
2136,40061,4.896604,5.5868306,0
2137,40063,6.58076,7.0527844,3
2138,40065,2.2790043,4.8782845,4
2139,40067,5.2173405,5.6451516,0
2140,40069,4.512331,5.150515,0
2141,40071,3.745847,5.5517845,0
2142,40073,1.1815399,5.243984,4
2143,40075,5.116099,4.576922,0
2144,40077,6.087681,4.6217995,0
2145,40079,3.4939213,5.764396,4
2146,40081,3.9790504,3.4134116,0
2147,40083,1.8728215,2.9415216,1
2148,40085,3.5893693,4.351834,4
2149,40087,1.0085871,2.952989,1
2150,40089,3.4982169,6.076261,4
2151,40091,6.183219,5.7223406,0
2152,40093,5.800281,1.2687387,2
2153,40095,5.2953196,4.7130237,0
2154,40097,4.0367517,3.4753714,0
2155,40099,4.5902166,4.1408563,0
2156,40101,3.2831302,5.7336183,4
2157,40103,4.391708,3.685178,0
2158,40105,4.899332,3.5207493,0
2159,40107,6.8799906,7.2844725,3
2160,40109,1.8448114,3.9555824,1
2161,40111,4.3849654,5.196515,0
2162,40113,4.9451923,3.4364023,0
2163,40115,3.964793,5.3969526,0
2164,40117,4.569521,4.1283946,0
2165,40119,-0.6264921,1.9609114,1
2166,40121,5.2007895,5.0903535,0
2167,40123,2.9928682,4.480026,4
2168,40125,3.0930195,4.5350075,4
2169,40127,5.5548296,5.323175,0
2170,40129,5.9356475,1.3719699,2
2171,40131,2.0887673,2.6291096,1
2172,40133,3.8501883,5.3187494,0
2173,40135,4.5277276,5.201187,0
2174,40137,4.62376,3.9865034,0
2175,40139,0.99908274,5.6112885,4
2176,40141,5.10815,5.137962,0
2177,40143,1.8505272,3.863658,1
2178,40145,1.9960322,2.6327884,1
2179,40147,4.441652,3.708028,0
2180,40149,3.433177,4.6688523,4
2181,40151,7.352015,6.50118,3
2182,40153,2.0536664,4.4810157,1
2183,41001,7.7540064,2.0139203,2
2184,41003,0.37978807,0.052976064,1
2185,41005,1.9663836,0.5410289,1
2186,41007,7.1930456,2.3283813,2
2187,41009,3.0338545,1.0231421,1
2188,41011,8.023836,2.9457958,2
2189,41013,7.208111,2.6390285,2
2190,41015,9.869097,2.9849799,2
2191,41017,2.5505545,0.6105085,1
2192,41019,7.994523,2.9215884,2
2193,41021,8.425143,1.7922047,2
2194,41023,9.430098,2.8864505,2
2195,41025,7.6282263,2.0051923,2
2196,41027,1.658304,1.0006963,1
2197,41029,5.899267,3.484886,0
2198,41031,2.8061814,1.3704504,1
2199,41033,7.9467373,2.8649144,2
2200,41035,2.9881763,0.50991607,1
2201,41037,8.557901,3.1544428,2
2202,41039,2.7731237,0.25668487,1
2203,41041,9.367784,2.8031225,2
2204,41043,3.0157924,0.88843584,1
2205,41045,2.1846182,4.662721,4
2206,41047,1.4134777,0.6145412,1
2207,41049,1.322332,5.427939,4
2208,41051,0.7328422,0.21397544,1
2209,41053,2.3977277,1.1070442,1
2210,41055,8.623239,3.017991,2
2211,41057,8.430632,2.9019523,2
2212,41059,2.1917808,3.8530219,1
2213,41061,3.146792,0.93428326,1
2214,41063,9.327245,2.9098725,2
2215,41065,5.274678,2.3011816,0
2216,41067,0.7506626,0.37550268,1
2217,41069,9.494398,2.77812,2
2218,41071,2.1610284,0.8846734,1
2219,42001,3.5420253,1.69319,0
2220,42003,1.2569932,-0.2977213,1
2221,42005,7.3359733,4.220672,2
2222,42007,3.2287014,0.53640777,1
2223,42009,6.057606,4.177586,0
2224,42011,1.9615252,0.31681034,1
2225,42013,5.767521,4.2277174,0
2226,42015,5.6480536,4.304881,0
2227,42017,0.585739,0.83855027,1
2228,42019,3.4044797,1.6208407,0
2229,42021,6.337212,4.1041746,0
2230,42023,9.086955,3.5889008,2
2231,42025,6.023899,3.5957894,0
2232,42027,0.2570615,-0.08120528,1
2233,42029,0.4400405,1.0145502,1
2234,42031,5.8308744,4.100026,0
2235,42033,6.133282,4.1370087,0
2236,42035,5.840037,4.1329675,0
2237,42037,5.8697453,4.079364,0
2238,42039,5.609087,6.4265246,0
2239,42041,1.7491205,1.6760904,1
2240,42043,1.8936447,0.37805828,1
2241,42045,1.0170332,-0.15718012,1
2242,42047,7.3187814,4.174569,2
2243,42049,2.7277982,0.2635843,1
2244,42051,6.1783004,4.1050053,0
2245,42053,8.354383,7.5760584,3
2246,42055,3.758455,2.467212,0
2247,42057,5.889917,4.1845098,0
2248,42059,5.777677,4.1525264,0
2249,42061,6.1016626,4.145687,0
2250,42063,2.7679923,0.22721961,1
2251,42065,5.672717,4.31425,0
2252,42067,4.0727687,2.649609,0
2253,42069,2.8194487,0.33965227,1
2254,42071,1.9142972,2.4459958,1
2255,42073,5.7563715,4.2987256,0
2256,42075,3.6213448,2.455073,0
2257,42077,1.8496305,0.33201915,1
2258,42079,2.9294972,0.36958337,1
2259,42081,2.87542,0.4933432,1
2260,42083,5.7788863,4.089599,0
2261,42085,6.1633854,4.122043,0
2262,42087,5.527954,4.467494,0
2263,42089,2.3310716,0.6415694,1
2264,42091,0.46745268,0.82109517,1
2265,42093,3.8065057,2.2429929,0
2266,42095,1.7332606,0.36948627,1
2267,42097,6.0567517,4.126931,0
2268,42099,3.7703311,2.2847202,0
2269,42101,-0.3622574,2.0263171,1
2270,42103,7.6948266,3.7858145,2
2271,42105,8.051484,3.030694,2
2272,42107,6.167701,4.117697,0
2273,42109,3.7781043,2.2683928,0
2274,42111,6.222902,4.1416535,0
2275,42113,9.054983,3.7977693,2
2276,42115,7.102877,3.8457992,2
2277,42117,6.290563,4.100206,0
2278,42119,1.8129691,2.6717982,1
2279,42121,6.3630652,4.1099243,0
2280,42123,6.863704,3.82532,2
2281,42125,3.5105703,1.5536513,0
2282,42127,7.763114,3.886855,2
2283,42129,3.5467079,0.7730826,1
2284,42131,7.2926493,4.166322,2
2285,42133,1.9845885,0.7188263,1
2286,44003,1.3766539,0.48608312,1
2287,44005,0.9806814,0.61712205,1
2288,44007,1.1455915,-0.20423475,1
2289,44009,1.860824,1.5907084,1
2290,45001,6.185609,4.9364257,0
2291,45003,5.066046,3.938471,0
2292,45005,7.0274377,7.484168,3
2293,45007,2.788388,3.8162754,1
2294,45009,5.3528495,6.1783834,0
2295,45011,4.236096,6.422154,0
2296,45013,7.858579,3.1755774,2
2297,45015,1.3283625,3.3688974,1
2298,45017,6.775585,4.7089157,0
2299,45019,1.6885747,0.16452402,1
2300,45021,3.2472317,4.43809,4
2301,45023,4.185794,6.2292323,4
2302,45025,4.335873,6.101966,4
2303,45027,5.758241,6.0403104,0
2304,45029,4.545054,6.35914,0
2305,45031,4.473583,6.3909097,0
2306,45033,3.2993,6.8470073,4
2307,45035,1.3130975,3.3694432,1
2308,45037,7.3839126,7.110799,3
2309,45039,5.348779,6.175724,0
2310,45041,3.0965285,4.341411,4
2311,45043,8.346442,4.0748796,2
2312,45045,1.9478966,3.1261725,1
2313,45047,3.8709722,4.982364,0
2314,45049,6.662665,7.4174304,3
2315,45051,6.960196,4.184924,0
2316,45053,5.147741,4.9032073,0
2317,45055,2.9722447,3.8744361,4
2318,45057,4.942492,4.0082874,0
2319,45059,4.282433,6.291756,4
2320,45061,6.8095407,7.463859,3
2321,45063,1.9900874,3.2776954,1
2322,45065,9.93327,3.228556,2
2323,45067,4.5516047,6.4784327,0
2324,45069,6.9956746,7.4568577,3
2325,45071,4.9775558,4.1106253,0
2326,45073,6.7447476,4.312431,0
2327,45075,4.7888865,6.3600335,0
2328,45077,1.900812,1.2357833,1
2329,45079,0.85876507,-0.0653587,1
2330,45081,5.0190005,4.155878,0
2331,45083,2.122183,3.447799,1
2332,45085,2.7734632,4.7062807,4
2333,45087,4.8001003,6.25341,0
2334,45089,5.164115,6.2537093,0
2335,45091,1.2849938,3.3749332,1
2336,46003,5.7686934,1.4700574,2
2337,46005,1.3020729,5.4363117,4
2338,46007,1.2040629,6.7253346,4
2339,46009,7.977348,6.8718653,3
2340,46011,0.21141107,2.1563804,1
2341,46013,3.0261922,3.0788307,1
2342,46015,5.627829,1.3742658,2
2343,46017,1.1918837,6.7174964,4
2344,46019,4.5513434,4.499691,0
2345,46021,8.690326,3.7882087,2
2346,46023,1.7072705,5.902031,4
2347,46025,5.743837,1.4378606,2
2348,46027,-0.7078845,1.9132092,1
2349,46029,3.7269876,2.9804409,0
2350,46031,1.1875759,6.72923,4
2351,46033,9.637414,2.8742664,2
2352,46035,4.642611,3.1191962,0
2353,46037,8.10316,2.1245463,2
2354,46039,6.7544913,0.55265296,2
2355,46041,1.1750009,6.689394,4
2356,46043,7.829207,1.6431937,2
2357,46045,5.8894553,1.5852336,2
2358,46047,9.728135,2.9318433,2
2359,46049,6.2578754,1.2827663,2
2360,46051,5.8257456,1.6722952,2
2361,46053,8.147311,2.0265653,2
2362,46055,7.873465,1.683126,2
2363,46057,0.6067581,5.536102,4
2364,46059,7.880692,1.7442032,2
2365,46061,0.58858865,5.545861,4
2366,46063,6.2613764,0.27676985,2
2367,46065,2.7454636,2.9109569,1
2368,46067,6.004564,1.2397355,2
2369,46069,7.5915484,2.4106848,2
2370,46071,1.2856635,6.7252746,4
2371,46073,8.125666,1.9482646,2
2372,46075,7.667958,2.7706234,2
2373,46077,7.3247566,2.18181,2
2374,46079,4.009996,2.22862,0
2375,46081,6.550889,3.9559958,0
2376,46083,0.19629356,3.529336,1
2377,46085,1.6877549,5.883508,4
2378,46087,5.5139995,1.0191976,2
2379,46089,8.670749,2.0796478,2
2380,46091,5.0985875,2.3990629,0
2381,46093,1.9192647,2.895066,1
2382,46095,1.6262379,6.7234907,4
2383,46097,6.7827797,1.4784175,2
2384,46099,1.3751603,0.8277995,1
2385,46101,5.41989,1.305908,2
2386,46103,2.4019878,1.3525169,1
2387,46105,7.9673824,2.2370348,2
2388,46107,7.535723,0.953081,2
2389,46109,1.8175769,5.94103,4
2390,46111,5.6818523,1.4445491,2
2391,46115,5.6346464,2.508017,0
2392,46117,5.6681304,1.5915378,2
2393,46119,7.5477443,2.359983,2
2394,46121,1.195249,6.7101297,4
2395,46123,6.885476,2.971507,2
2396,46125,5.9833193,1.6254116,2
2397,46127,2.4418035,2.418468,1
2398,46129,6.7712297,2.875592,2
2399,46135,7.4128532,6.29932,3
2400,46137,2.315586,6.3071103,4
2401,47001,5.4703803,3.9427915,0
2402,47003,2.1351826,5.0933127,4
2403,47005,6.158782,5.340667,0
2404,47007,7.5859733,7.4763303,3
2405,47009,3.8159986,2.1395726,0
2406,47011,3.3464859,3.9334676,4
2407,47013,5.3797345,5.6463156,0
2408,47015,3.6118548,4.1060476,4
2409,47017,5.125599,5.1048155,0
2410,47019,6.3801293,4.771394,0
2411,47021,1.2345332,2.5705338,1
2412,47023,3.1721926,4.3096066,4
2413,47025,4.9429107,6.204529,0
2414,47027,6.1361756,5.4087477,0
2415,47029,5.1790376,6.202284,0
2416,47031,3.0885973,4.3388004,4
2417,47033,4.081975,6.2078567,4
2418,47035,9.69766,3.0604138,2
2419,47037,-0.23346768,2.2069683,1
2420,47039,6.2544923,4.6760993,0
2421,47041,3.7670455,5.0688744,0
2422,47043,2.3434737,3.6483297,1
2423,47045,3.9794343,6.15638,4
2424,47047,4.79979,2.3573918,0
2425,47049,5.288203,5.4129186,0
2426,47051,5.4380736,4.091358,0
2427,47053,3.8506489,6.0725627,4
2428,47055,5.247625,4.0672956,0
2429,47057,5.073684,4.805238,0
2430,47059,5.722264,4.295795,0
2431,47061,5.0918956,6.4173512,0
2432,47063,3.6270394,5.132453,0
2433,47065,2.26114,0.5929052,1
2434,47067,4.310263,7.1056576,4
2435,47069,7.272259,7.2692943,3
2436,47071,5.9393964,5.582053,0
2437,47073,5.9450374,4.8120737,0
2438,47075,4.5106735,6.4250474,0
2439,47077,4.1003995,6.2146816,4
2440,47079,6.053117,5.4007306,0
2441,47081,7.4679656,6.6765924,3
2442,47083,5.171741,5.0521917,0
2443,47085,5.275114,4.5068173,0
2444,47087,6.194453,5.02932,0
2445,47089,5.613394,4.056793,0
2446,47091,7.1207128,6.783614,3
2447,47093,1.5755249,0.05322829,1
2448,47095,8.364975,7.6866045,3
2449,47097,6.5099196,7.359289,3
2450,47099,2.8968854,5.4587274,4
2451,47101,5.7275834,4.7796316,0
2452,47103,4.822494,4.1137166,0
2453,47105,7.802996,3.0889204,2
2454,47107,5.0865865,4.1009374,0
2455,47109,5.1465616,5.4863296,0
2456,47111,2.3165944,5.2804523,4
2457,47113,2.964781,4.2256017,4
2458,47115,5.248371,3.9451897,0
2459,47117,2.3748581,3.7830827,1
2460,47119,1.9030865,3.1181386,1
2461,47121,5.208098,4.0673203,0
2462,47123,5.1994977,4.2150054,0
2463,47125,1.0528626,3.8881419,1
2464,47129,7.395675,7.143178,3
2465,47131,5.137947,5.2936378,0
2466,47133,5.1911182,5.0418983,0
2467,47135,5.2791677,4.8386006,0
2468,47137,7.8854656,4.4166813,2
2469,47139,6.071022,4.341733,0
2470,47141,3.6239736,4.154801,4
2471,47143,4.1584587,5.4436803,0
2472,47145,6.896707,4.148249,0
2473,47147,1.4375216,3.269164,1
2474,47149,0.4958541,3.1662421,1
2475,47151,3.1556916,6.1905866,4
2476,47153,5.2402,4.0274367,0
2477,47155,5.277892,3.926134,0
2478,47157,1.9375317,4.1652117,1
2479,47159,3.3329186,4.180548,4
2480,47161,5.381007,3.9027727,0
2481,47163,6.3258786,4.2381477,0
2482,47165,1.3672264,2.702139,1
2483,47167,1.3446064,3.4944286,1
2484,47171,6.742982,4.399295,0
2485,47173,4.198107,5.8196845,0
2486,47175,6.2335477,5.131231,0
2487,47177,3.3007169,6.207747,4
2488,47179,2.9806552,0.5403765,1
2489,47181,7.4277267,7.23624,3
2490,47183,3.7194881,4.611407,4
2491,47185,5.1111193,5.2809563,0
2492,47187,-0.046472322,3.4550147,1
2493,47189,1.0041524,2.5803733,1
2494,48001,8.269019,7.574121,3
2495,48003,0.4181638,5.1297154,4
2496,48005,2.5882404,5.112504,4
2497,48007,9.475228,3.0959451,2
2498,48009,4.8580213,2.2633688,0
2499,48011,7.178527,1.1243821,2
2500,48013,1.4292772,5.5181713,4
2501,48015,3.6255352,2.7127757,0
2502,48017,1.0809687,5.8513303,4
2503,48019,8.5329075,3.279951,2
2504,48021,1.3674132,3.537925,1
2505,48023,7.8894587,2.0060778,2
2506,48025,8.133817,7.568299,3
2507,48027,1.1364386,4.0169187,1
2508,48029,1.1093391,0.40750402,1
2509,48031,7.668009,3.3255408,2
2510,48033,7.736046,2.499286,2
2511,48035,6.9121757,0.6040438,2
2512,48037,2.472742,1.4349294,1
2513,48039,0.38812253,3.3552492,1
2514,48041,-0.577446,1.9623147,1
2515,48043,6.6201277,4.0636764,0
2516,48045,8.30863,3.7357285,2
2517,48047,2.5100694,6.4393373,4
2518,48049,4.853694,3.79169,0
2519,48051,5.034878,4.4323997,0
2520,48053,5.1891904,2.6813097,0
2521,48055,1.9101436,3.816495,1
2522,48057,4.3043766,3.1193767,0
2523,48059,4.7427,2.9366643,0
2524,48061,1.2819804,6.5812545,4
2525,48063,3.2132237,5.5628166,4
2526,48065,6.051226,0.31170407,2
2527,48067,5.336105,5.237889,0
2528,48069,1.6421397,5.8346324,4
2529,48071,0.3059755,3.4976711,1
2530,48073,2.6445432,5.2213817,4
2531,48075,8.196597,7.549515,3
2532,48077,6.853357,2.3577402,2
2533,48079,1.8400812,5.839076,4
2534,48081,8.449317,2.2116747,2
2535,48083,8.091932,2.2650852,2
2536,48085,0.019442474,3.3365555,1
2537,48087,4.542466,4.5585346,0
2538,48089,6.677335,2.9330206,2
2539,48091,1.4765539,2.2409625,1
2540,48093,6.808932,2.8607585,2
2541,48095,8.3909445,7.687288,3
2542,48097,3.9465208,3.3605435,0
2543,48099,0.054318544,2.536964,1
2544,48101,8.147593,2.3787918,2
2545,48103,0.62506783,5.3241053,4
2546,48105,4.062218,3.6211903,0
2547,48107,3.7114196,6.2826757,4
2548,48109,5.1875925,5.239377,0
2549,48111,0.5814278,5.6031613,4
2550,48113,1.0715618,0.33806026,1
2551,48115,1.96915,5.7893376,4
2552,48117,1.1556152,5.9007025,4
2553,48119,4.776823,4.7688913,0
2554,48121,0.12591584,3.111526,1
2555,48123,7.235701,6.3637047,3
2556,48125,7.3487673,6.8519764,3
2557,48127,2.5076342,6.353902,4
2558,48129,7.0710325,4.553663,0
2559,48131,3.783654,6.5296783,4
2560,48133,6.093325,4.6452026,0
2561,48135,0.5588539,5.242152,4
2562,48137,9.0311165,2.475057,2
2563,48139,0.3065812,3.4000685,1
2564,48141,1.4458086,4.3027844,1
2565,48143,-0.15846619,2.238937,1
2566,48145,3.657134,4.7701793,4
2567,48147,7.4736924,6.319964,3
2568,48149,7.7191253,2.9454618,2
2569,48151,7.8988485,2.3006845,2
2570,48153,3.3786435,5.7581677,4
2571,48155,8.205774,2.137839,2
2572,48157,0.07357513,3.3655584,1
2573,48159,6.8176384,0.5202179,2
2574,48161,5.1297784,2.510659,0
2575,48163,8.007422,7.5256805,3
2576,48165,0.72346514,5.849307,4
2577,48167,1.2756928,3.3312633,1
2578,48169,8.336964,7.6506643,3
2579,48171,8.010693,2.971525,2
2580,48173,1.2955849,3.0936773,1
2581,48175,6.7998147,2.3087242,2
2582,48177,2.7224512,5.4848824,4
2583,48179,2.142007,4.6851764,4
2584,48181,3.6517792,3.295707,0
2585,48183,1.8881507,3.8976068,1
2586,48185,7.5473113,6.6129146,3
2587,48187,0.5673613,3.097887,1
2588,48189,1.6353378,5.76111,4
2589,48191,5.9677286,5.734353,0
2590,48193,6.8595176,2.873373,2
2591,48195,0.89452153,5.5113306,4
2592,48197,6.247212,4.642383,0
2593,48199,2.755745,3.336246,1
2594,48201,0.9019448,3.8343496,1
2595,48203,2.7100587,5.1533184,4
2596,48205,7.969356,7.379473,3
2597,48207,6.9931693,6.665875,3
2598,48209,0.049800843,2.5855987,1
2599,48211,0.6314826,5.5086827,4
2600,48213,5.7332172,5.0652485,0
2601,48215,1.2471564,6.627906,4
2602,48217,4.576694,3.823669,0
2603,48219,2.2930505,4.919256,4
2604,48221,5.5396247,2.637238,0
2605,48223,3.480258,3.6810908,4
2606,48225,6.979862,6.650166,3
2607,48227,7.840196,7.333556,3
2608,48229,7.2985897,7.0344367,3
2609,48231,2.237373,3.6732635,1
2610,48233,5.195907,0.8698404,2
2611,48235,6.225301,1.9548258,2
2612,48237,7.829329,7.0986056,3
2613,48239,5.215279,1.4665854,2
2614,48241,4.1802053,4.8618264,0
2615,48243,9.943829,3.168112,2
2616,48245,2.262937,1.3657862,1
2617,48247,2.4620678,6.3627663,4
2618,48249,3.0553188,6.1376333,4
2619,48251,1.03535,3.4391575,1
2620,48253,8.318252,7.6452436,3
2621,48255,7.970899,7.427854,3
2622,48257,0.31422082,3.3841376,1
2623,48259,1.5247172,2.1100125,1
2624,48261,3.425926,5.251637,4
2625,48263,8.264966,2.0111353,2
2626,48265,7.856056,3.221825,2
2627,48267,9.538145,3.1886847,2
2628,48269,4.0820584,3.6035447,0
2629,48271,7.0075254,6.615989,3
2630,48273,2.5486565,5.792797,4
2631,48275,4.763072,4.874408,0
2632,48277,4.5059924,3.8242855,0
2633,48279,2.02519,5.91875,4
2634,48281,5.171761,2.0787919,0
2635,48283,7.8151774,7.5277443,3
2636,48285,6.760215,2.8389034,2
2637,48287,3.8488271,3.2883408,0
2638,48289,6.9331865,0.63350576,2
2639,48291,1.3624772,4.055466,1
2640,48293,4.89345,5.2456,0
2641,48295,5.4795694,1.358768,2
2642,48297,7.1628966,6.5240808,3
2643,48299,10.016119,3.1197553,2
2644,48301,0.541024,3.9754918,1
2645,48303,1.0861307,0.30572742,1
2646,48305,1.8634965,5.7828255,4
2647,48307,6.108348,4.6437554,0
2648,48309,1.9746225,4.10099,1
2649,48311,7.692965,3.3796742,2
2650,48313,7.9158673,7.383008,3
2651,48315,7.9148016,4.435058,2
2652,48317,0.6994862,5.760058,4
2653,48319,8.573574,2.1156192,2
2654,48321,2.781614,5.409132,4
2655,48323,1.2766212,6.6033506,4
2656,48325,2.9219017,3.1066833,1
2657,48327,9.5703335,3.1198971,2
2658,48329,0.25504506,3.5772552,1
2659,48331,4.566416,4.1375017,0
2660,48333,8.479236,2.1857693,2
2661,48335,7.8987246,7.3296037,3
2662,48337,6.385573,2.5594206,2
2663,48339,0.3228199,3.325404,1
2664,48341,0.6160906,5.6638865,4
2665,48343,5.4700313,5.209523,0
2666,48345,8.955106,2.2126026,2
2667,48347,2.4847267,4.44587,4
2668,48349,2.8063812,5.525674,4
2669,48351,5.626315,6.4195404,0
2670,48353,3.3540227,5.8544946,4
2671,48355,1.2198589,0.4192433,1
2672,48357,0.5881075,5.644302,4
2673,48359,1.9844054,2.9938793,1
2674,48361,3.093808,3.2411597,1
2675,48363,4.738619,4.3468423,0
2676,48365,4.9777074,3.0508642,0
2677,48367,0.97610265,2.8528988,1
2678,48369,1.0587543,5.6237454,4
2679,48371,7.870089,7.3394613,3
2680,48373,7.507236,6.374261,3
2681,48375,1.7017571,4.3029757,1
2682,48377,5.0250278,5.242043,0
2683,48379,7.5160985,3.3931494,2
2684,48381,1.6684493,2.9543593,1
2685,48383,0.54142356,5.3714285,4
2686,48385,9.646305,3.32136,2
2687,48387,8.066557,4.075469,2
2688,48389,8.072416,7.5203085,3
2689,48391,6.3353453,2.8196692,0
2690,48393,6.242166,0.53434914,2
2691,48395,4.5600605,4.1652784,0
2692,48397,-0.018052282,3.4499776,1
2693,48399,5.0143695,4.8972807,0
2694,48401,7.5840044,6.6482897,3
2695,48403,9.586418,3.1420066,2
2696,48405,8.020496,4.3305836,2
2697,48407,5.2508793,5.0540285,0
2698,48409,1.7244247,5.276825,4
2699,48411,7.0060062,6.5899663,3
2700,48413,5.8729963,2.0793357,0
2701,48415,2.0959518,4.651658,4
2702,48417,6.1386776,2.015171,2
2703,48419,3.1249804,5.7213383,4
2704,48421,1.2681555,5.4606295,4
2705,48423,1.9788986,3.753738,1
2706,48425,2.6821246,2.6110845,1
2707,48427,1.2752348,6.6464553,4
2708,48429,5.2639375,5.140746,0
2709,48431,0.9727318,5.482418,4
2710,48433,8.44611,2.1231077,2
2711,48435,4.084124,3.583753,0
2712,48437,2.2151525,4.751825,4
2713,48439,0.4274843,3.178586,1
2714,48441,1.9060556,3.9078238,1
2715,48443,9.040853,2.2763758,2
2716,48445,1.8066221,5.849014,4
2717,48447,8.521241,2.3994644,2
2718,48449,1.4613074,5.865874,4
2719,48451,2.0294747,3.6755016,1
2720,48453,0.49078524,0.028063072,1
2721,48455,8.226435,4.04914,2
2722,48457,6.9971104,6.6045394,3
2723,48459,3.9368904,3.4528449,0
2724,48461,0.88709134,5.5576453,4
2725,48463,2.812631,6.009755,4
2726,48465,1.4600397,5.8445363,4
2727,48467,4.1106763,3.3052514,0
2728,48469,1.8235768,1.051434,1
2729,48471,8.16268,7.6375203,3
2730,48473,0.023298733,2.5855289,1
2731,48475,0.9159465,5.5006223,4
2732,48477,4.9337363,3.110136,0
2733,48479,1.233711,6.614823,4
2734,48481,2.7375364,5.3457665,4
2735,48483,5.761242,1.7378896,2
2736,48485,2.030652,1.0667613,1
2737,48487,4.813644,3.972526,0
2738,48489,7.106522,7.6117096,3
2739,48491,0.131695,3.2917755,1
2740,48493,1.0072206,2.8743138,1
2741,48495,0.64602786,5.5133276,4
2742,48497,1.0532818,2.912262,1
2743,48499,7.8256903,3.2267222,2
2744,48501,0.6393665,5.741389,4
2745,48503,4.52732,4.0956235,0
2746,48505,1.2651706,6.7120643,4
2747,48507,2.1586895,6.442292,4
2748,49001,0.7059598,5.647579,4
2749,49003,0.5702124,5.285213,4
2750,49005,0.52614707,5.242933,4
2751,49007,5.661565,2.2947361,0
2752,49009,9.088219,3.640246,2
2753,49011,0.40868926,5.1042166,4
2754,49013,0.59413934,5.596185,4
2755,49015,5.2971787,0.8469827,2
2756,49017,7.425166,2.155818,2
2757,49019,5.0298033,2.7917435,0
2758,49021,1.0092582,5.4678574,4
2759,49023,0.5255766,5.5201216,4
2760,49025,7.10935,1.603105,2
2761,49027,0.90241164,5.6633186,4
2762,49029,0.46533465,5.331457,4
2763,49031,8.78375,2.168676,2
2764,49033,5.547744,1.1576403,2
2765,49035,1.0855054,0.4910048,1
2766,49037,1.3503569,6.0080895,4
2767,49039,1.669553,4.0926337,1
2768,49041,1.1391526,5.6193027,4
2769,49043,0.48301497,1.2795786,1
2770,49045,0.4659794,5.194942,4
2771,49047,0.54623026,5.586819,4
2772,49049,0.4649396,5.175144,4
2773,49051,0.41246182,5.1487846,4
2774,49053,5.71799,1.3050196,2
2775,49055,6.979606,1.5594727,2
2776,49057,1.1561966,0.6320563,1
2777,50001,2.0442336,1.6223458,1
2778,50003,6.9118156,3.8153293,2
2779,50005,6.5818453,3.9025886,0
2780,50007,0.53094524,0.28477898,1
2781,50009,8.427872,3.7278821,2
2782,50011,1.7992575,0.67204607,1
2783,50015,2.1727264,1.9427482,1
2784,50017,3.4920955,1.9757909,0
2785,50019,7.0185943,3.8626878,2
2786,50021,6.9357944,3.7445896,2
2787,50023,3.421473,0.8294757,1
2788,50025,6.941007,3.7824678,2
2789,50027,6.93308,3.761157,2
2790,51001,6.3695235,4.2262406,0
2791,51003,0.67110634,0.7530796,1
2792,51005,7.2968063,3.874607,2
2793,51007,3.7698493,2.1700974,0
2794,51009,6.174169,3.977504,0
2795,51011,5.204966,3.9225118,0
2796,51013,-0.24162301,1.9762961,1
2797,51015,3.9545841,2.1773794,0
2798,51017,9.0889015,3.459547,2
2799,51019,3.5342333,2.0727232,0
2800,51021,8.055883,5.9524426,3
2801,51023,3.2452736,1.9888262,0
2802,51025,7.1632175,6.7896585,3
2803,51027,6.398003,5.5886803,0
2804,51029,7.432888,7.163586,3
2805,51031,3.6296775,0.9899979,1
2806,51033,1.7730261,2.3919675,1
2807,51035,7.7413955,4.380238,2
2808,51036,7.343866,4.081569,2
2809,51037,6.1116786,4.7333136,0
2810,51041,0.74783695,2.3713663,1
2811,51043,1.6335752,1.9146153,1
2812,51045,7.4960523,3.7119129,2
2813,51047,0.9605843,2.9221709,1
2814,51049,6.4680786,4.4222274,0
2815,51051,5.6729703,6.4426374,0
2816,51053,0.8366605,2.1812966,1
2817,51057,6.901389,4.198198,0
2818,51059,0.43486297,1.0628858,1
2819,51061,1.5172567,2.9186237,1
2820,51063,6.837905,4.217801,0
2821,51065,3.4262223,1.9986001,0
2822,51067,7.054985,3.9994724,2
2823,51069,1.5402222,2.2548802,1
2824,51071,6.682115,0.49601647,2
2825,51073,3.5446105,1.7556705,0
2826,51075,3.0682817,1.9342347,0
2827,51077,8.271918,4.0293837,2
2828,51079,1.7739375,2.419205,1
2829,51081,8.326284,7.6516466,3
2830,51083,7.177395,4.1952477,2
2831,51085,1.3080771,1.9599212,1
2832,51087,1.6451572,0.77500445,1
2833,51089,6.887541,4.715973,0
2834,51091,9.875074,3.3138351,2
2835,51093,3.5055997,1.7676708,0
2836,51097,7.318447,4.2110963,2
2837,51099,1.087393,3.1878765,1
2838,51101,1.865992,2.9258814,1
2839,51103,10.014415,3.096711,2
2840,51105,6.5332713,5.8202667,0
2841,51107,-0.057951506,3.4421182,1
2842,51109,3.749444,2.1500766,0
2843,51111,7.0129957,6.611144,3
2844,51113,3.3223996,2.0312462,0
2845,51115,9.911391,3.1199834,2
2846,51117,8.312848,3.8153782,2
2847,51119,9.925265,3.0503342,2
2848,51121,0.2496862,-0.07536316,1
2849,51125,8.130376,3.3945024,2
2850,51127,1.2701416,1.9500399,1
2851,51131,8.133646,4.1074357,2
2852,51133,9.962829,3.1467102,2
2853,51135,7.401534,7.120883,3
2854,51137,2.8849561,2.386475,1
2855,51139,5.8231487,4.2124405,0
2856,51141,8.363835,3.7455602,2
2857,51143,6.8094645,4.570481,0
2858,51145,1.3418162,2.0306375,1
2859,51147,-0.71716017,1.8723569,1
2860,51149,1.9039478,2.7939882,1
2861,51153,-0.04818905,3.392173,1
2862,51155,7.426592,3.7782683,2
2863,51157,8.061817,3.4551022,2
2864,51159,7.9785094,6.762852,3
2865,51161,2.38517,0.5828273,1
2866,51163,7.6592045,3.5907776,2
2867,51165,2.6722102,2.5886173,1
2868,51167,6.3603168,5.0194297,0
2869,51169,7.8049536,4.4365273,2
2870,51171,4.8985195,2.7184837,0
2871,51173,6.3827486,4.9254107,0
2872,51175,7.534697,5.884744,3
2873,51177,0.45414972,3.0349076,1
2874,51179,-0.041472726,3.3850973,1
2875,51181,7.437807,3.775726,2
2876,51183,8.134801,7.627043,3
2877,51185,6.484653,4.769454,0
2878,51187,1.9295366,2.8981404,1
2879,51191,6.645654,4.351419,0
2880,51193,8.27858,3.6776361,2
2881,51195,6.915187,7.2286096,3
2882,51197,6.4521284,4.4089403,0
2883,51199,0.8306234,2.386826,1
2884,51510,-0.23126902,1.9741069,1
2885,51520,5.412918,5.819895,0
2886,51530,5.8455663,4.0639114,0
2887,51540,-0.65888476,1.9461874,1
2888,51550,1.3035877,3.3168242,1
2889,51570,3.5836809,3.0891933,0
2890,51580,6.5139704,4.3627825,0
2891,51590,4.9018598,6.285909,0
2892,51595,4.7590847,6.307262,0
2893,51610,-0.06462741,3.4629753,1
2894,51630,-0.31169954,2.1238208,1
2895,51640,4.8132486,6.229407,0
2896,51650,2.982061,4.0421414,4
2897,51660,-0.711254,1.9409934,1
2898,51670,3.0661361,5.6733656,4
2899,51678,-0.7461695,1.8536812,1
2900,51680,-0.42462212,2.1341188,1
2901,51683,0.2586409,3.4156077,1
2902,51685,0.091318905,2.8420434,1
2903,51690,4.5382075,6.31759,0
2904,51700,2.8118975,4.211218,4
2905,51710,-0.16622755,2.1163669,1
2906,51720,4.5851407,6.3781075,0
2907,51730,4.576992,6.460233,0
2908,51735,1.4598198,1.964202,1
2909,51740,2.7985907,4.218784,4
2910,51750,-0.7398919,1.9076624,1
2911,51775,3.8035777,2.1081839,0
2912,51790,5.7554235,4.0758743,0
2913,51800,1.2889748,3.3521807,1
2914,51810,1.5309286,2.5201168,1
2915,51820,3.6688771,5.119487,0
2916,51830,-0.73435193,1.8778939,1
2917,51840,3.1446404,4.3285933,4
2918,53001,0.73369914,5.8957434,4
2919,53003,7.0443916,2.6144192,2
2920,53005,1.2315878,0.71535677,1
2921,53007,2.4527807,0.3083957,1
2922,53009,9.454332,2.7953796,2
2923,53011,1.2400794,0.7898103,1
2924,53013,8.606624,2.7748313,2
2925,53015,3.0413535,0.8914423,1
2926,53017,4.951152,0.6885738,2
2927,53019,8.950342,3.3083484,2
2928,53021,0.51739484,5.2118225,4
2929,53023,7.608539,1.8876542,2
2930,53025,0.8312702,5.1808457,4
2931,53027,6.2724066,2.7426257,0
2932,53029,7.8078084,3.1641443,2
2933,53031,10.054889,3.08503,2
2934,53033,0.6648798,0.39020017,1
2935,53035,2.4779978,0.56796455,1
2936,53037,0.61090463,2.2447574,1
2937,53039,7.1105824,2.7776449,2
2938,53041,5.3246436,2.236424,0
2939,53043,7.3989697,0.9010534,2
2940,53045,3.2436986,0.5505483,1
2941,53047,6.014625,2.827857,0
2942,53049,9.3869095,3.0368655,2
2943,53051,8.493581,2.9555082,2
2944,53053,1.1154106,0.7997149,1
2945,53055,9.9479475,3.1476996,2
2946,53057,2.4328485,0.55743855,1
2947,53059,7.550141,3.763429,2
2948,53061,0.9030404,0.7551121,1
2949,53063,1.7914943,0.35967073,1
2950,53065,6.760958,2.338452,2
2951,53067,2.0187194,0.51508594,1
2952,53069,9.745547,2.8868914,2
2953,53071,2.7107449,0.5068121,1
2954,53073,1.5363737,0.09103876,1
2955,53075,-0.7277195,1.8928055,1
2956,53077,0.8372376,5.102933,4
2957,55001,9.333899,3.6032414,2
2958,55003,5.2269864,3.5659473,0
2959,55005,6.467473,2.4097033,2
2960,55007,9.158903,3.4771836,2
2961,55009,1.6841825,0.8754293,1
2962,55011,5.8599033,2.188592,0
2963,55013,9.157222,3.5705864,2
2964,55015,1.1220737,2.662304,1
2965,55017,4.1525955,2.131727,0
2966,55019,0.9501893,5.580356,4
2967,55021,3.7016747,1.7180917,0
2968,55023,7.4855304,2.4536326,2
2969,55025,0.32692367,2.1578536,1
2970,55027,2.0913649,2.682442,1
2971,55029,9.787637,3.1303828,2
2972,55031,2.9041152,0.4138878,1
2973,55033,0.5007492,2.2091775,1
2974,55035,1.5290486,0.11683851,1
2975,55037,9.153161,3.6404006,2
2976,55039,2.3995912,0.7861519,1
2977,55041,8.710532,3.2534003,2
2978,55043,7.3740563,6.2994733,3
2979,55045,2.4559934,2.634693,1
2980,55047,6.753847,0.5940716,2
2981,55049,4.209098,1.7063674,0
2982,55051,9.659789,3.5511947,2
2983,55053,7.4979343,6.159731,3
2984,55055,3.0254867,2.035353,0
2985,55057,7.54341,6.1078105,3
2986,55059,1.5908942,0.49580562,1
2987,55061,4.752292,2.0221658,0
2988,55063,1.6353968,0.20860507,1
2989,55065,5.211537,1.5162549,2
2990,55067,8.297864,3.2306037,2
2991,55069,7.5850167,3.7743218,2
2992,55071,4.9503813,2.2508562,0
2993,55073,2.1261516,0.8055328,1
2994,55075,8.466594,3.1238136,2
2995,55077,8.447538,3.1376753,2
2996,55078,1.2113935,6.71165,4
2997,55079,0.9990006,-0.18476276,1
2998,55081,2.672812,3.419316,1
2999,55083,5.0549703,2.2885187,0
3000,55085,9.006764,3.5215554,2
3001,55087,1.2353947,2.755874,1
3002,55089,1.477397,1.9466567,1
3003,55091,6.6755085,0.47076163,2
3004,55093,0.7326041,2.2115827,1
3005,55095,5.181202,2.2669227,0
3006,55097,0.6244868,2.1916053,1
3007,55099,8.604498,3.2457044,2
3008,55101,1.8499295,0.6512422,1
3009,55103,6.6269803,2.8481097,2
3010,55105,1.8461893,0.77443045,1
3011,55107,8.0737,3.0281675,2
3012,55109,1.1332308,3.0206833,1
3013,55111,4.2547927,2.5221326,0
3014,55113,9.071048,3.5400965,2
3015,55115,6.6048417,0.43205884,2
3016,55117,2.1185842,0.7404994,1
3017,55119,4.2229757,2.8471532,0
3018,55121,5.122257,0.71251804,2
3019,55123,5.630636,0.98157054,2
3020,55125,9.522535,3.5804644,2
3021,55127,3.222679,2.0363712,0
3022,55129,9.014868,3.4774737,2
3023,55131,1.9373413,2.7791595,1
3024,55133,1.4309962,1.7722852,1
3025,55135,4.975342,2.3268867,0
3026,55137,7.867914,3.5133865,2
3027,55139,1.6389456,0.30828136,1
3028,55141,4.793046,2.1295393,0
3029,56001,-0.72642124,1.887003,1
3030,56003,6.1652737,1.6968962,2
3031,56005,0.6150133,3.5294783,1
3032,56007,3.2396252,2.426762,1
3033,56009,2.7303658,2.5556679,1
3034,56011,6.1600404,0.30773938,2
3035,56013,5.3796196,1.658069,2
3036,56015,7.752249,5.880401,3
3037,56017,8.362826,1.8848239,2
3038,56019,6.85989,1.9905668,2
3039,56021,1.8532747,0.85025424,1
3040,56023,4.976718,0.8059687,2
3041,56025,1.7955902,0.94755036,1
3042,56027,8.292996,2.8761454,2
3043,56029,6.9942737,2.5450847,2
3044,56031,7.5217743,1.7092383,2
3045,56033,6.5945215,0.4061796,2
3046,56035,6.218543,2.001202,2
3047,56037,0.8331071,3.444166,1
3048,56039,0.7330385,1.8249846,1
3049,56041,1.0333923,5.2988386,4
3050,56043,6.569758,0.67579144,2
3051,56045,6.5632057,0.63107866,2
