FIPS,Rural-urban_Continuum Code_2013,Density per square mile of land area - Population
0,NA,87.4
1000,NA,94.4
1001,2,91.8
1003,3,114.6
1005,6,31
1007,1,36.8
1009,1,88.9
1011,6,17.5
1013,6,27
1015,3,195.7
1017,6,57.4
1019,6,46.9
1021,1,63
1023,9,15.2
1025,7,20.9
1027,9,23.1
1029,8,26.7
1031,4,73.6
1033,3,91.8
1035,7,15.6
1037,8,17.7
1039,6,36.6
1041,8,22.8
1043,4,109.4
1045,4,89.6
1047,4,44.8
1049,6,91.5
1051,2,128.2
1053,6,40.5
1055,3,195.2
1057,6,27.5
1059,6,50
1061,3,46.6
1063,8,14
1065,3,24.5
1067,3,30.8
1069,3,175.1
1071,6,49.4
1073,1,592.5
1075,8,24.1
1077,3,138.8
1079,3,49.7
1081,3,230.8
1083,2,147.8
1085,2,15.8
1087,6,35.2
1089,2,417.7
1091,7,21.5
1093,7,41.5
1095,4,164.4
1097,2,335.9
1099,7,22.5
1101,2,292.5
1103,3,206.3
1105,8,14.7
1107,3,22.4
1109,6,48.9
1111,6,39.5
1113,2,82.6
1115,1,132.3
1117,1,248.5
1119,8,15.2
1121,4,111.7
1123,6,58.1
1125,3,147.3
1127,1,84.7
1129,8,16.3
1131,9,13.1
1133,6,39.9
2000,NA,1.2
2013,9,0.4
2016,9,1.3
2020,2,171.2
2050,7,0.4
2060,9,2
2068,8,0.1
2070,9,0.3
2090,3,13.3
2100,9,1.1
2105,9,0.3
2110,5,11.6
2122,7,3.4
2130,7,2.8
2150,7,2.1
2158,9,NA
2164,9,0.1
2170,2,3.6
2180,7,0.4
2185,7,0.1
2188,7,0.2
2195,9,1.2
2198,9,1.4
2220,7,3.1
2230,9,2.1
2240,9,0.3
2261,9,0.3
2275,9,0.9
2282,9,0.1
2290,9,0
4000,NA,56.3
4001,6,6.4
4003,3,21.3
4005,3,7.2
4007,4,11.3
4009,7,8.1
4011,7,4.6
4012,6,4.6
4013,1,414.9
4015,3,15
4017,4,10.8
4019,2,106.7
4021,1,70
4023,4,38.3
4025,3,26
4027,3,35.5
5000,NA,56
5001,6,19.2
5003,7,23.6
5005,7,74.9
5007,2,261.2
5009,7,62.5
5011,7,17.7
5013,9,8.5
5015,6,43.6
5017,7,18.3
5019,7,26.6
5021,7,25.2
5023,6,46.9
5025,3,14.5
5027,7,32.1
5029,6,38.5
5031,3,136.4
5033,2,104.4
5035,1,83.5
5037,6,29
5039,6,12.2
5041,6,16.9
5043,6,22.3
5045,2,174.8
5047,6,29.8
5049,9,19.8
5051,3,141.7
5053,2,28.3
5055,4,72.9
5057,6,31.1
5059,6,53.5
5061,6,23.4
5063,7,48
5065,9,23.6
5067,6,28.4
5069,3,88.9
5071,7,38.7
5073,8,14.5
5075,6,29.6
5077,7,17.3
5079,3,25.2
5081,3,24.7
5083,6,31.6
5085,2,88.7
5087,2,18.8
5089,9,27.9
5091,3,69.5
5093,4,51.6
5095,7,13.4
5097,8,12.2
5099,7,14.6
5101,9,10.1
5103,7,35.6
5105,2,18.9
5107,6,31.3
5109,9,18.8
5111,3,32.4
5113,7,24.1
5115,5,76
5117,8,13.4
5119,2,503.8
5121,7,27.6
5123,6,44.5
5125,2,148
5127,6,12.6
5129,9,12.3
5131,2,236.4
5133,6,30.2
5135,7,28.6
5137,9,20.4
5139,7,40.1
5141,8,24.4
5143,2,215.6
5145,4,74.5
5147,9,12.4
5149,6,23.9
6000,NA,239.1
6001,1,2043.6
6003,8,1.6
6005,6,64.1
6007,3,134.4
6009,6,44.7
6011,6,18.6
6013,1,1465.2
6015,7,28.4
6017,1,106
6019,2,156.2
6021,6,21.4
6023,5,37.7
6025,3,41.8
6027,7,1.8
6029,2,103.3
6031,3,110.1
6033,4,51.5
6035,7,7.7
6037,1,2419.6
6039,3,70.6
6041,1,485.1
6043,8,12.6
6045,4,25.1
6047,2,132.2
6049,6,2.5
6051,7,4.7
6053,2,126.5
6055,3,182.4
6057,4,103.1
6059,1,3807.7
6061,1,247.6
6063,7,7.8
6065,1,303.8
6067,1,1470.8
6069,1,39.8
6071,1,101.5
6073,1,735.8
6075,1,17179.2
6077,2,492.6
6079,2,81.7
6081,1,1602.2
6083,2,155
6085,1,1381
6087,2,589.4
6089,3,46.9
6091,8,3.4
6093,6,7.2
6095,2,503
6097,2,307.1
6099,2,344.2
6101,3,157.3
6103,4,21.5
6105,8,4.3
6107,2,91.7
6109,4,24.9
6111,2,446.7
6113,1,197.9
6115,3,114.2
8000,NA,48.5
8001,1,378.2
8003,7,21.4
8005,1,716.7
8007,7,8.9
8009,9,1.5
8011,7,4.3
8013,2,405.6
8014,1,1691.9
8015,7,17.6
8017,9,1
8019,1,23
8021,9,6.4
8023,9,2.9
8025,8,7.4
8027,8,5.8
8029,6,27.1
8031,1,3922.6
8033,9,1.9
8035,1,339.7
8037,5,31
8039,1,12.5
8041,2,292.6
8043,4,30.5
8045,5,19.1
8047,1,36.3
8049,7,8
8051,7,4.7
8053,9,0.8
8055,6,4.2
8057,9,0.9
8059,1,699.5
8061,9,0.8
8063,7,3.8
8065,6,19.4
8067,4,30.3
8069,2,115.4
8071,7,3.2
8073,8,2.1
8075,7,12.4
8077,3,44.1
8079,9,0.8
8081,7,2.9
8083,6,12.6
8085,4,18.4
8087,6,22
8089,6,14.9
8091,9,8.2
8093,1,7.4
8095,9,6.5
8097,7,17.7
8099,7,7.7
8101,3,66.7
8103,9,2.1
8105,7,13.1
8107,7,10
8109,9,1.9
8111,9,1.8
8113,9,5.7
8115,9,4.3
8117,5,46
8119,2,41.9
8121,9,1.9
8123,2,63.4
8125,7,4.2
9000,NA,738.1
9001,2,1467.2
9003,1,1216.2
9005,4,206.3
9007,1,448.6
9009,2,1426.7
9011,2,412.2
9013,1,372.2
9015,2,230.9
10000,NA,460.8
10001,3,276.9
10003,1,1263.2
10005,2,210.6
11000,NA,9856.5
11001,1,9856.5
12000,NA,350.6
12001,2,282.7
12003,1,46.3
12005,3,222.6
12007,6,97
12009,2,535
12011,1,1444.9
12013,6,25.8
12015,3,235.2
12017,3,242.8
12019,1,315.8
12021,2,160.9
12023,4,84.7
12027,6,54.7
12029,6,23.3
12031,1,1133.9
12033,2,453.4
12035,2,197.1
12037,6,21.6
12039,2,89.8
12041,2,48.4
12043,6,16
12045,3,28.1
12047,6,28.8
12049,6,43.5
12051,4,34
12053,1,365.6
12055,3,97.2
12057,1,1204.9
12059,6,41.6
12061,3,274.5
12063,6,54.2
12065,2,24.7
12067,9,16.3
12069,1,316.6
12071,2,788.7
12073,2,413.1
12075,6,36.5
12077,8,10
12079,6,27.6
12081,2,434.5
12083,2,209.1
12085,2,269.2
12086,1,1315.5
12087,4,74.3
12089,1,113
12091,3,194.4
12093,4,52
12095,1,1268.5
12097,1,202.4
12099,1,670.2
12101,1,622.2
12103,1,3347.5
12105,2,334.9
12107,4,102.2
12109,1,316.4
12111,2,485.7
12113,2,149.6
12115,2,682.6
12117,1,1367
12119,3,170.8
12121,6,60.3
12123,6,21.6
12125,6,63.8
12127,2,449.2
12129,2,50.8
12131,3,53
12133,6,42.7
13000,NA,168.4
13001,7,36
13003,9,24.7
13005,7,42.9
13007,3,10.1
13009,4,177.3
13011,8,79.3
13013,1,432.7
13015,1,217.9
13017,7,70.5
13019,6,42.7
13021,3,622.8
13023,6,60.5
13025,3,41.6
13027,3,32.9
13029,2,69.3
13031,4,104.4
13033,2,28.2
13035,1,128.3
13037,8,23.9
13039,4,82.4
13043,7,45.3
13045,1,221.5
13047,2,394.3
13049,6,15.7
13051,2,621.7
13053,2,45.3
13055,6,83
13057,1,508.3
13059,3,979.1
13061,9,16.3
13063,1,1832.5
13065,6,8.5
13067,1,2026.4
13069,7,73.7
13071,6,83.6
13073,2,427.6
13075,6,75.8
13077,1,288.8
13079,3,38.9
13081,6,86
13083,2,95.6
13085,1,105.9
13087,6,46.6
13089,1,2585.7
13091,6,44
13093,6,38.1
13095,3,287.7
13097,1,661.8
13099,6,21.5
13101,3,9.7
13103,2,109.4
13105,6,57.4
13107,7,33.2
13109,6,60.2
13111,8,61.2
13113,1,548.3
13115,3,188.9
13117,1,783.5
13119,8,84.5
13121,1,1748
13123,6,66.3
13125,9,21.4
13127,3,189.7
13129,4,155.1
13131,6,55
13133,6,41.3
13135,1,1871.2
13137,6,155.5
13139,3,457.5
13141,7,20
13143,1,102
13145,2,69
13147,6,108.5
13149,1,40
13151,1,633
13153,3,372.5
13155,7,26.9
13157,4,178.1
13159,1,37.8
13161,7,45.6
13163,6,32.2
13165,6,24
13167,7,32.9
13169,3,72.8
13171,1,99.8
13173,3,54.4
13175,5,60
13177,3,79.5
13179,3,129.5
13181,2,38
13183,3,36.1
13185,3,220.2
13187,6,105.9
13189,2,85
13191,3,33.8
13193,6,36.8
13195,3,99.6
13197,2,23.9
13199,1,43.9
13201,8,21.7
13205,6,45.9
13207,3,66.8
13209,9,38.1
13211,1,51.4
13213,3,115
13215,2,877.5
13217,1,367.3
13219,3,178
13221,3,33.9
13223,1,455.8
13225,3,184.3
13227,1,126.8
13229,6,59.3
13231,1,82.7
13233,4,133.6
13235,3,48.2
13237,6,61.6
13239,9,16.6
13241,7,44
13243,6,18
13245,2,618.4
13247,1,656.5
13249,8,30
13251,6,22.6
13253,6,37.1
13255,1,326.1
13257,7,146.1
13259,8,13.2
13261,6,68
13263,8,17.5
13265,8,8.8
13267,6,53.2
13269,8,23.6
13271,7,37.7
13273,3,27.8
13275,4,82.1
13277,5,154.9
13279,7,74.8
13281,9,62.9
13283,7,34.5
13285,4,161.9
13287,6,31.3
13289,3,25.2
13291,9,66.3
13293,6,84
13295,2,154
13297,1,257.2
13299,5,40.7
13301,8,20.5
13303,7,31.2
13305,6,46.9
13307,8,13.4
13309,9,25.1
13311,6,112.8
13313,3,353.2
13315,8,24.5
13317,6,22.6
13319,8,21.4
13321,3,38
15000,NA,211.8
15001,5,45.9
15003,2,1586.7
15005,3,7.5
15007,5,108.2
15009,3,133.3
16000,NA,19
16001,2,372.8
16003,9,2.9
16005,3,74.5
16007,9,6.1
16009,6,12
16011,4,21.8
16013,7,8.1
16015,2,3.7
16017,6,23.6
16019,3,55.9
16021,7,8.6
16023,3,1.3
16025,9,1
16027,2,321.6
16029,6,3.9
16031,7,8.9
16033,9,0.6
16035,6,3.6
16037,8,0.9
16039,6,8.8
16041,3,19.3
16043,6,7.1
16045,2,29.8
16047,7,21.2
16049,6,1.9
16051,3,23.9
16053,7,37.5
16055,3,111.3
16057,4,34.6
16059,7,1.7
16061,8,8
16063,9,4.3
16065,4,80
16067,7,26.5
16069,3,46.3
16071,8,3.6
16073,2,1.5
16075,6,55.6
16077,6,5.6
16079,6,4.9
16081,9,22.6
16083,5,40.2
16085,8,2.7
16087,6,7
17000,NA,231.1
17001,5,78.5
17003,3,35
17005,1,46.7
17007,2,193
17009,7,22.7
17011,7,40.2
17013,1,20
17015,7,34.6
17017,6,36.3
17019,3,201.8
17021,6,49.1
17023,6,32.6
17025,7,29.5
17027,1,79.7
17029,5,106
17031,1,5495.1
17033,7,44.7
17035,9,31.9
17037,1,166.6
17039,3,41.7
17041,6,48
17043,1,2799.8
17045,6,29.8
17047,9,30.2
17049,7,71.5
17051,6,30.9
17053,3,29
17055,4,96.8
17057,6,42.8
17059,8,17.3
17061,6,25.6
17063,1,119.8
17065,7,19.5
17067,7,24.1
17069,9,24.3
17071,9,19.3
17073,2,61.3
17075,6,26.6
17077,3,103.1
17079,7,19.6
17081,7,68
17083,1,62.2
17085,6,37.7
17087,8,36.6
17089,1,990.8
17091,3,167.7
17093,1,358.2
17095,4,73.9
17097,1,1585.6
17099,4,100.4
17101,7,45.2
17103,6,49.7
17105,4,37.3
17107,6,49
17109,5,55.3
17111,1,511.9
17113,3,143.3
17115,3,190.8
17117,1,55.4
17119,1,376.3
17121,4,68.9
17123,2,32.7
17125,6,27.2
17127,7,65
17129,3,40.4
17131,2,29.3
17133,1,85.6
17135,6,42.8
17137,4,62.5
17139,6,44.2
17141,4,70.5
17143,2,301.2
17145,6,50.6
17147,3,38.1
17149,7,19.8
17151,8,12.1
17153,8,30.9
17155,8,37.5
17157,6,58.2
17159,7,45.1
17161,2,345
17163,1,410.6
17165,6,65.6
17167,3,227.4
17169,7,17.3
17171,9,21.3
17173,6,29.5
17175,2,20.8
17177,4,84.5
17179,2,208.6
17181,6,43.1
17183,3,90.9
17185,7,53.5
17187,6,32.6
17189,6,26.2
17191,7,23.5
17193,6,29.6
17195,4,85.5
17197,1,809.6
17199,3,157.9
17201,2,575.2
17203,2,73.3
18000,NA,181
18001,6,101.4
18003,2,540.6
18005,3,188.7
18007,3,21.8
18009,6,77.3
18011,1,133.9
18013,1,48.9
18015,3,54.1
18017,4,94.5
18019,1,295.6
18021,3,75.2
18023,6,82
18025,8,35.1
18027,7,73.7
18029,1,164.1
18031,6,69.1
18033,4,116.4
18035,3,300.1
18037,5,98
18039,3,426.5
18041,6,112.9
18043,1,504.1
18045,6,43.6
18047,6,60.1
18049,7,56.6
18051,6,68.7
18053,4,169.2
18055,6,61.1
18057,1,696.4
18059,1,228.8
18061,1,81.2
18063,1,357.4
18065,4,126.2
18067,3,282.4
18069,6,97
18071,4,83.2
18073,1,59.8
18075,6,55.4
18077,6,89.9
18079,6,75.7
18081,1,435.8
18083,5,74.5
18085,4,145.6
18087,6,97.8
18089,1,994.1
18091,3,186.3
18093,6,102.7
18095,1,291.3
18097,1,2279.6
18099,6,106.1
18101,7,30.8
18103,6,98.7
18105,3,349.7
18107,6,75.6
18109,1,170.5
18111,1,35.5
18113,6,115.7
18115,1,71.1
18117,6,49.8
18119,3,56
18121,6,39
18123,6,50.7
18125,8,38.4
18127,1,393
18129,2,63.3
18131,6,30.9
18133,1,79
18135,6,57.9
18137,6,64.6
18139,6,42.6
18141,2,583
18143,1,127
18145,1,108.1
18147,8,52.8
18149,6,75.6
18151,7,110.7
18153,3,48
18155,8,48.1
18157,3,345.7
18159,6,61.2
18161,1,46.6
18163,2,769.7
18165,3,63.1
18167,3,267.4
18169,6,79.7
18171,8,23.3
18173,2,155.1
18175,1,55
18177,5,171.5
18179,2,75.1
18181,6,48.8
18183,2,99.2
19000,NA,54.5
19001,8,13.5
19003,9,9.5
19005,6,22.4
19007,7,25.9
19009,8,13.8
19011,2,36.4
19013,3,231.7
19015,6,46
19017,3,55.7
19019,6,36.7
19021,7,35.2
19023,8,25.6
19025,9,17
19027,7,36.6
19029,6,24.7
19031,6,31.9
19033,5,77.7
19035,6,20.9
19037,6,24.7
19039,6,21.5
19041,7,29.4
19043,8,23.3
19045,4,70.7
19047,7,23.9
19049,2,112.4
19051,9,17.4
19053,9,15.9
19055,6,30.7
19057,5,96.9
19059,7,43.8
19061,3,154
19063,7,26
19065,6,28.6
19067,7,32.6
19069,7,18.4
19071,8,14.6
19073,6,16.4
19075,3,24.8
19077,2,18.5
19079,6,27.2
19081,7,19.9
19083,6,30.8
19085,2,21.4
19087,6,46.4
19089,6,20.2
19091,7,22.6
19093,8,16.4
19095,6,27.9
19097,6,31.2
19099,6,50.4
19101,7,38.7
19103,3,213.1
19105,2,35.9
19107,8,18.1
19109,7,16
19111,5,69.3
19113,2,294.6
19115,8,28.3
19117,6,20.7
19119,8,19.7
19121,2,27.9
19123,7,39.2
19125,6,60.1
19127,4,71
19129,2,34.4
19131,7,23
19133,6,13.3
19135,7,18.4
19137,6,25.3
19139,4,97.7
19141,7,25.1
19143,7,16.2
19145,6,29.8
19147,7,16.7
19149,3,29
19151,9,12.7
19153,2,750.5
19155,2,98
19157,7,32.3
19159,9,9.6
19161,9,18
19163,2,360.7
19165,6,20.6
19167,7,43.9
19169,3,156.3
19171,6,24.6
19173,9,11.9
19175,6,29.6
19177,9,15.6
19179,5,82.5
19181,2,81.1
19183,3,38.2
19185,9,12.2
19187,5,53.1
19189,7,27.1
19191,7,30.5
19193,3,117.1
19195,9,19
19197,7,22.8
20000,NA,34.9
20001,7,26.7
20003,6,14
20005,6,39.3
20007,9,4.3
20009,7,30.9
20011,6,23.9
20013,6,17.5
20015,2,46.1
20017,9,3.6
20019,8,5.7
20021,6,36.8
20023,9,2.7
20025,9,2.3
20027,6,13.2
20029,7,13.3
20031,6,13.7
20033,9,2.4
20035,4,32.3
20037,4,66.4
20039,9,3.3
20041,7,23.3
20043,3,20.2
20045,3,243.1
20047,9,4.9
20049,8,4.5
20051,5,31.6
20053,7,9.1
20055,5,28.2
20057,5,30.8
20059,6,45.5
20061,4,89.3
20063,9,2.5
20065,9,2.9
20067,7,13.6
20069,9,6.9
20071,9,1.6
20073,6,5.9
20075,9,2.7
20077,8,7.5
20079,2,64.3
20081,9,7.4
20083,9,2.2
20085,3,20.5
20087,3,35.9
20089,9,3.4
20091,1,1149.6
20093,9,4.6
20095,2,9.1
20097,9,3.5
20099,7,33.5
20101,9,2.4
20103,1,164.7
20105,9,4.5
20107,1,16.3
20109,9,2.6
20111,4,39.8
20113,7,32.5
20115,6,13.4
20117,6,11.2
20119,9,4.7
20121,1,57
20123,7,9.1
20125,5,55.1
20127,8,8.5
20129,9,4.4
20131,6,14.2
20133,7,28.9
20135,9,2.9
20137,7,6.5
20139,3,23.1
20141,9,4.3
20143,9,8.5
20145,7,9.2
20147,7,6.4
20149,3,25.7
20151,7,13.1
20153,9,2.4
20155,4,51.4
20157,9,6.9
20159,7,13.9
20161,3,116.6
20163,9,5.8
20165,9,4.6
20167,7,7.9
20169,5,77.2
20171,7,6.9
20173,2,499.6
20175,5,35.9
20177,3,327.1
20179,9,2.9
20181,7,5.7
20183,9,4.3
20185,9,5.6
20187,9,3.3
20189,7,7.9
20191,2,20.4
20193,7,7.4
20195,9,3.4
20197,3,8.9
20199,9,1.6
20201,9,6.5
20203,9,3.1
20205,7,16.5
20207,9,6.6
20209,1,1039
21000,NA,109.9
21001,7,46
21003,3,58
21005,6,106.1
21007,9,33.4
21009,6,86.5
21011,8,41.6
21013,7,79.9
21015,1,482.3
21017,2,69
21019,2,309.9
21021,7,157.8
21023,1,41.3
21025,7,28.2
21027,8,35.4
21029,1,250.2
21031,3,29.8
21033,7,37.7
21035,7,96.6
21037,1,597
21039,9,26.9
21041,6,84.1
21043,6,67.7
21045,9,35.9
21047,2,103.1
21049,2,141.1
21051,7,46.3
21053,9,52.1
21055,7,25.9
21057,9,22.5
21059,3,210.9
21061,3,40.2
21063,9,33.5
21065,6,58
21067,2,1042.8
21069,7,41.2
21071,7,100.3
21073,4,237.2
21075,9,33.2
21077,1,84.8
21079,6,73.5
21081,1,95.6
21083,7,67.3
21085,6,51.8
21087,8,39.4
21089,2,107.2
21091,3,45.6
21093,3,169.3
21095,7,62.9
21097,6,61.5
21099,8,44.2
21101,2,105.9
21103,1,53.9
21105,9,20.2
21107,5,86.6
21109,9,39.1
21111,1,1948.1
21113,2,282.3
21115,7,89.2
21117,1,996.7
21119,9,46.5
21121,7,82.5
21123,3,54.3
21125,5,135.6
21127,6,38.2
21129,9,37.8
21131,9,28.2
21133,9,72.6
21135,8,28.7
21137,7,74.1
21139,9,30.4
21141,6,48.6
21143,9,38.9
21145,5,263.6
21147,9,42.9
21149,3,37.8
21151,4,189.6
21153,9,43.2
21155,7,57.8
21157,7,104.4
21159,9,56.3
21161,6,72.8
21163,3,93.6
21165,9,31
21167,6,85.7
21169,9,34.9
21171,8,33.3
21173,6,134.3
21175,9,36.5
21177,6,67.4
21179,6,104
21181,8,36.6
21183,6,40.6
21185,1,322.2
21187,8,30.9
21189,9,24.1
21191,1,53.7
21193,7,84.5
21195,7,82.6
21197,6,70.5
21199,5,95.8
21201,8,22.8
21203,7,53.9
21205,7,83.4
21207,9,69.2
21209,2,167.4
21211,1,110.8
21213,6,74
21215,1,91.4
21217,7,92
21219,8,33.3
21221,2,32.5
21223,1,58.1
21225,6,43.8
21227,3,210.1
21229,9,39.4
21231,7,45.4
21233,8,41
21235,7,81.4
21237,9,33.1
21239,2,132.1
22000,NA,104.9
22001,2,94.3
22003,6,33.8
22005,2,369.7
22007,6,69.2
22009,6,50.5
22011,6,30.8
22013,6,17.7
22015,2,139.3
22017,2,290.2
22019,3,181.2
22021,8,19.1
22023,3,5.3
22025,9,14.7
22027,6,22.8
22029,7,29.9
22031,2,30.4
22033,2,966.6
22035,7,18.4
22037,2,44.7
22039,6,51.3
22041,7,33.2
22043,3,34.7
22045,2,127.6
22047,2,54
22049,6,28.6
22051,1,1463.1
22053,6,48.5
22055,2,824.6
22057,3,90.2
22059,6,23.8
22061,4,99.1
22063,2,197.5
22065,7,19.4
22067,6,35.2
22069,6,31.6
22071,1,2029.4
22073,3,251.8
22075,1,29.5
22077,2,40.9
22079,3,99.9
22081,8,23.4
22083,6,37.1
22085,6,28
22087,1,95.1
22089,1,189.1
22091,2,27.4
22093,1,91.5
22095,1,215.5
22097,4,90.3
22099,2,70.7
22101,4,98.4
22103,1,276.4
22105,3,153
22107,9,8.7
22109,3,90.8
22111,3,25.9
22113,2,49.4
22115,5,39.4
22117,6,70.4
22119,2,69.5
22121,2,123.6
22123,9,32.3
22125,2,38.8
22127,6,16.1
23000,NA,43.1
23001,3,230.2
23003,7,10.8
23005,2,337.2
23007,6,18.1
23009,6,34.3
23011,4,140.8
23013,7,108.8
23015,8,75.6
23017,6,27.8
23019,3,45.3
23021,8,4.4
23023,2,139.1
23025,6,13.3
23027,6,53.1
23029,7,12.8
23031,2,199
24000,NA,594.8
24001,3,177
24003,1,1295.9
24005,1,1345.5
24009,1,416.3
24011,6,103.5
24013,1,373.4
24015,1,292
24017,1,320.2
24019,6,60.3
24021,1,353.5
24023,6,46.5
24025,1,560.1
24027,1,1144.9
24029,6,72.9
24031,1,1978.2
24033,1,1788.8
24035,1,128.5
24037,3,294.4
24039,2,82.8
24041,6,140.7
24043,2,322.1
24045,2,263.7
24047,2,109.9
24510,1,7671.5
25000,NA,839.4
25001,3,548.3
25003,3,141.6
25005,1,991.3
25007,7,160.2
25009,1,1508.8
25011,4,102.1
25013,2,751
25015,2,299.8
25017,1,1837.9
25019,7,226.2
25021,1,1693.6
25023,1,750.9
25025,1,12415.6
25027,2,528.6
26000,NA,174.8
26001,9,16.2
26003,7,10.5
26005,4,135
26007,7,51.8
26009,9,49.6
26011,8,43.8
26013,9,9.9
26015,2,107
26017,3,243.7
26019,9,54.8
26021,3,276.2
26023,6,89.4
26025,3,192.8
26027,2,106.7
26029,7,62.3
26031,7,36.6
26033,7,24.7
26035,6,54.8
26037,2,133.1
26039,7,25.3
26041,5,31.7
26043,7,34.4
26045,2,187.4
26047,7,69.9
26049,2,668.5
26051,6,51.2
26053,7,14.9
26055,5,187.3
26057,6,74.7
26059,6,78.1
26061,5,36.3
26063,7,39.6
26065,2,505.1
26067,4,111.9
26069,7,47.1
26071,7,10.1
26073,4,122.8
26075,3,228.4
26077,2,445.7
26079,7,30.6
26081,2,711.5
26083,9,4
26085,9,20.3
26087,1,137.4
26089,9,62.5
26091,4,133.3
26093,1,320.2
26095,7,7.4
26097,7,10.9
26099,1,1754.9
26101,7,45.6
26103,5,37.1
26105,7,58
26107,6,77.1
26109,7,23
26111,3,162
26113,9,26.3
26115,3,276.7
26117,2,89.8
26119,9,17.9
26121,3,344.9
26123,6,59.6
26125,1,1385.7
26127,6,51.9
26129,9,38.5
26131,9,5.2
26133,9,41.5
26135,9,15.3
26137,7,46.9
26139,2,468.2
26141,7,20.3
26143,7,47.1
26145,3,250.2
26147,1,226.1
26149,4,122.4
26151,6,44.8
26153,7,7.2
26155,4,133.1
26157,6,69.4
26159,2,125.5
26161,2,488.4
26163,1,2974.4
26165,7,57.9
27000,NA,66.6
27001,8,8.9
27003,1,782.1
27005,6,24.7
27007,7,17.7
27009,3,94.2
27011,9,10.6
27013,3,85.6
27015,6,42.4
27017,2,41.1
27019,1,256.9
27021,9,14.1
27023,7,21.4
27025,1,129.9
27027,3,56.4
27029,8,8.7
27031,9,3.6
27033,7,18.3
27035,4,62.6
27037,1,709
27039,3,45.7
27041,6,56.5
27043,6,20.4
27045,3,24.2
27047,7,44.2
27049,4,61
27051,9,11
27053,1,2081.7
27055,3,34.5
27057,7,22.1
27059,1,86.8
27061,6,16.9
27063,7,14.6
27065,6,31.1
27067,4,53
27069,9,4.1
27071,6,4.3
27073,9,9.5
27075,6,5.2
27077,9,3.1
27079,1,61.7
27081,9,11
27083,7,36.2
27085,6,74.6
27087,8,9.7
27089,8,5.3
27091,7,29.3
27093,6,38.3
27095,1,45.6
27097,6,29.5
27099,4,55.1
27101,9,12.4
27103,3,73
27105,7,29.9
27107,8,7.9
27109,3,220.8
27111,6,29.1
27113,6,22.6
27115,6,21.1
27117,6,20.6
27119,3,16
27121,8,16.4
27123,1,3341.6
27125,8,9.5
27127,7,18.3
27129,8,16
27131,4,129.4
27133,6,20.1
27135,7,9.3
27137,2,32
27139,1,364.5
27141,1,204.4
27143,1,25.9
27145,3,112.2
27147,5,85.1
27149,7,17.3
27151,7,13.2
27153,6,26.3
27155,9,6.2
27157,3,41.4
27159,7,25.8
27161,6,45.2
27163,1,619.7
27165,6,25.8
27167,6,8.8
27169,4,82.2
27171,1,188.5
27173,9,13.8
28000,NA,63.2
28001,5,69.8
28003,7,92.6
28005,8,18
28007,6,26.6
28009,1,21.5
28011,7,39
28013,9,25.5
28015,9,16.9
28017,7,34.7
28019,9,20.4
28021,8,19.7
28023,9,24.2
28025,7,50.3
28027,7,47.3
28029,2,37.9
28031,8,47.3
28033,1,338.7
28035,3,160.7
28037,9,14.4
28039,6,47.2
28041,8,20.2
28043,7,51.9
28045,2,92.7
28047,2,326
28049,2,282
28051,6,25.4
28053,6,22.4
28055,8,3.4
28057,7,43.9
28059,2,193.2
28061,9,25.2
28063,8,14.9
28065,8,30.6
28067,4,97.5
28069,9,13.6
28071,4,75
28073,3,112
28075,5,114.1
28077,8,30
28079,6,40.8
28081,5,184.3
28083,5,54.5
28085,6,59.5
28087,5,118.3
28089,2,133.2
28091,6,49.9
28093,1,52.6
28095,7,48.3
28097,7,26.8
28099,7,52.1
28101,7,37.6
28103,7,16.6
28105,5,104
28107,6,50.7
28109,6,68.9
28111,3,18.9
28113,6,98.8
28115,7,60.2
28117,7,60.9
28119,6,20.3
28121,2,182.6
28123,6,46.4
28125,8,11.4
28127,2,46.7
28129,8,25.9
28131,6,39.9
28133,7,42.2
28135,7,23.8
28137,1,71.4
28139,6,48.6
28141,8,46.2
28143,1,23.7
28145,6,65.3
28147,9,38.2
28149,4,82.9
28151,5,70.6
28153,7,25.6
28155,9,24.4
28157,8,14.6
28159,7,31.6
28161,7,27.1
28163,2,30.4
29000,NA,87.1
29001,7,45.1
29003,3,40
29005,9,10.4
29007,6,36.9
29009,6,45.7
29011,6,21
29013,1,20.4
29015,7,27.1
29017,3,20
29019,3,237.3
29021,3,218.6
29023,5,61.6
29025,1,22.1
29027,3,53.1
29029,7,67.1
29031,3,130.8
29033,6,13.4
29035,9,12.3
29037,1,142.8
29039,6,29.5
29041,9,10.4
29043,2,137.6
29045,9,14.1
29047,1,558.6
29049,1,49.5
29051,3,193
29053,6,31.2
29055,6,33.3
29057,8,16.1
29059,2,31
29061,8,15
29063,3,30.6
29065,7,20.8
29067,6,16.8
29069,7,59.1
29071,1,110
29073,6,29.4
29075,8,13.7
29077,2,407.5
29079,7,23.6
29081,7,12.4
29083,6,32
29085,8,24.1
29087,8,10.6
29089,6,21.9
29091,7,43.6
29093,7,19.3
29095,1,1115.3
29097,3,183.9
29099,1,333.1
29101,4,63.4
29103,9,8.2
29105,6,46.5
29107,1,53.1
29109,6,63.2
29111,9,20.2
29113,1,83.9
29115,7,20.7
29117,6,28.5
29119,2,42.8
29121,7,19.4
29123,6,24.7
29125,8,17.4
29127,5,65.9
29129,9,8.3
29131,6,41.8
29133,6,34.9
29135,3,37.6
29137,9,13.6
29139,6,22.8
29141,8,34.4
29143,7,28.1
29145,3,93
29147,6,26.6
29149,9,13.8
29151,3,23
29153,9,13.1
29155,7,37.1
29157,6,40
29159,4,61.9
29161,5,67.2
29163,6,27.6
29165,1,212.6
29167,2,49
29169,5,95.5
29171,9,9.6
29173,9,21.6
29175,6,52.7
29177,1,41.3
29179,9,8.3
29181,9,22.4
29183,1,643.2
29185,8,14.6
29186,6,36.4
29187,4,144.6
29189,1,1967.2
29195,6,30.9
29197,9,14.4
29199,9,11.1
29201,4,93.3
29203,9,8.4
29205,9,12.7
29207,6,36.4
29209,6,69.4
29211,9,10.4
29213,4,81.7
29215,9,22.1
29217,7,25.6
29219,1,75.9
29221,6,33.2
29223,9,17.8
29225,2,61.1
29227,9,8.1
29229,6,27.6
29510,1,5157.5
30000,NA,6.8
30001,7,1.7
30003,6,2.6
30005,9,1.5
30007,9,4.7
30009,3,4.9
30011,9,0.3
30013,3,30.1
30015,8,1.5
30017,7,3.1
30019,9,1.2
30021,7,3.8
30023,7,12.6
30025,9,1.8
30027,7,2.7
30029,5,17.9
30031,5,34.4
30033,9,0.3
30035,7,4.5
30037,3,0.8
30039,8,1.8
30041,7,5.6
30043,9,6.9
30045,8,1.1
30047,6,19.3
30049,5,18.3
30051,9,1.6
30053,7,5.4
30055,9,0.7
30057,9,2.1
30059,9,0.8
30061,8,3.5
30063,3,42.1
30065,8,2.4
30067,7,5.6
30069,9,0.3
30071,9,0.8
30073,7,3.8
30075,9,0.5
30077,6,3
30079,9,0.7
30081,6,16.8
30083,7,4.7
30085,7,4.4
30087,9,1.8
30089,8,4.1
30091,9,2
30093,5,47.6
30095,8,5.1
30097,9,2
30099,8,2.7
30101,7,2.8
30103,8,0.7
30105,7,1.5
30107,9,1.5
30109,9,1.1
30111,3,56.2
31000,NA,23.8
31001,4,55.7
31003,9,7.8
31005,9,0.6
31007,9,0.9
31009,9,0.7
31011,9,8
31013,7,10.5
31015,9,3.9
31017,9,2.6
31019,4,47.6
31021,8,14
31023,6,14.4
31025,2,45.3
31027,9,12
31029,9,4.4
31031,7,1
31033,7,8.4
31035,8,11.4
31037,7,25.5
31039,7,16
31041,7,4.2
31043,3,79.5
31045,7,6.6
31047,7,24
31049,9,4.4
31051,3,12.6
31053,4,69.4
31055,2,1574.4
31057,9,2.2
31059,8,10.2
31061,9,5.6
31063,9,2.8
31065,9,6.9
31067,6,26.2
31069,9,1.2
31071,9,3.6
31073,9,4.5
31075,9,0.8
31077,8,4.5
31079,3,107.3
31081,3,16.8
31083,9,6.2
31085,9,1.4
31087,9,4.1
31089,7,4.3
31091,9,1
31093,3,11
31095,7,13.2
31097,8,13.9
31099,7,12.6
31101,7,7.9
31103,9,1.1
31105,8,4
31107,9,7.9
31109,2,340.8
31111,5,14.2
31113,9,1.3
31115,9,1.1
31117,9,0.6
31119,5,60.9
31121,3,16.2
31123,9,3.5
31125,8,8.5
31127,7,17.8
31129,9,7.8
31131,6,25.6
31133,9,6.4
31135,9,3.4
31137,7,17
31139,9,12.7
31141,5,47.8
31143,9,12.3
31145,7,15.4
31147,7,15.2
31149,9,1.5
31151,6,24.7
31153,2,664.6
31155,2,27.7
31157,5,50
31159,2,29.3
31161,9,2.2
31163,8,5.6
31165,9,0.6
31167,9,14.3
31169,9,9.1
31171,9,0.9
31173,8,17.6
31175,9,7.5
31177,2,51.9
31179,6,21.7
31181,9,6.6
31183,9,1.4
31185,6,23.9
32000,NA,24.6
32001,6,5
32003,1,247.3
32005,4,66.2
32007,5,2.8
32009,9,0.2
32011,9,0.5
32013,7,1.7
32015,7,1.1
32017,8,0.5
32019,4,26
32021,7,1.3
32023,4,2.4
32027,9,1.1
32029,2,15.3
32031,2,66.9
32033,7,1.1
32510,3,382.1
33000,NA,147
33001,4,150.1
33003,6,51.4
33005,4,109.1
33007,7,18.4
33009,5,52.2
33011,2,457.4
33013,4,156.8
33015,1,425
33017,1,333.7
33019,7,81.4
34000,NA,1195.5
34001,2,494.1
34003,1,3884.5
34005,1,561.9
34007,1,2321.5
34009,3,386.9
34011,3,324.4
34013,1,6211.5
34015,1,895.3
34017,1,13731.4
34019,1,300
34021,2,1632.2
34023,1,2621.6
34025,1,1344.7
34027,1,1069.8
34029,1,917
34031,1,2715.3
34033,1,199.1
34035,1,1071.7
34037,1,287.6
34039,1,5216.1
34041,2,304.5
35000,NA,17
35001,2,570.8
35003,9,0.5
35005,5,10.8
35006,6,6
35007,7,3.7
35009,5,34.4
35011,9,0.9
35013,3,55
35015,5,12.9
35017,7,7.4
35019,7,1.5
35021,9,0.3
35023,9,1.4
35025,5,14.7
35027,7,4.2
35028,6,164.4
35029,6,8.5
35031,5,13.1
35033,9,2.5
35035,4,9.6
35037,7,3.1
35039,4,6.9
35041,7,8.1
35043,2,35.5
35045,3,23.6
35047,6,6.2
35049,3,75.5
35051,6,2.9
35053,6,2.7
35055,7,15
35057,2,4.9
35059,9,1.2
35061,2,71.8
36000,NA,411.2
36001,2,581.9
36003,7,47.6
36005,1,32903.3
36007,2,284.2
36009,4,61.4
36011,4,115.7
36013,4,127.2
36015,3,218.1
36017,6,56.5
36019,5,79.1
36021,6,99.4
36023,4,98.9
36025,6,33.3
36027,1,373.9
36029,1,881.4
36031,6,21.9
36033,7,31.7
36035,4,112.1
36037,4,121.9
36039,6,76.1
36041,8,2.8
36043,2,45.7
36045,3,91.6
36047,1,35369.2
36049,6,21.3
36051,1,103.5
36053,2,112.2
36055,1,1132.6
36057,4,124.6
36059,1,4704.8
36061,1,69468.4
36063,1,414.4
36065,2,193.7
36067,2,600
36069,1,167.6
36071,1,459.3
36073,1,109.6
36075,2,128.3
36077,7,62.2
36079,1,432.9
36081,1,20553.6
36083,2,244.4
36085,1,8030.3
36087,1,1795.9
36089,4,41.8
36091,2,271.1
36093,2,756.6
36095,2,52.7
36097,6,55.9
36099,6,108.9
36101,4,71.2
36103,1,1637.4
36105,4,80.1
36107,2,98.6
36109,3,214
36111,3,162.3
36113,3,75.8
36115,3,76.1
36117,1,155.3
36119,1,2204.7
36121,6,71.1
36123,1,75
37000,NA,196.1
37001,3,356.5
37003,2,143.1
37005,9,47.5
37007,6,50.7
37009,7,64
37011,8,72
37013,6,57.7
37015,7,30.4
37017,6,40.2
37019,2,126.8
37021,2,362.9
37023,2,179.3
37025,1,492.1
37027,2,176.1
37029,8,41.5
37031,4,131.3
37033,8,55.8
37035,2,387.1
37037,2,93.1
37039,9,60.3
37041,6,85.8
37043,9,49.3
37045,4,211.3
37047,6,62
37049,3,146
37051,2,489.7
37053,1,89.9
37055,4,88.5
37057,2,294.7
37059,2,156.1
37061,6,71.7
37063,2,935.7
37065,3,111.9
37067,2,859.2
37069,1,123.3
37071,1,578.8
37073,1,35.8
37075,9,30.3
37077,4,112.7
37079,8,80.3
37081,2,756.4
37083,4,75.5
37085,4,192.7
37087,2,106.6
37089,2,286.1
37091,6,69.9
37093,2,120.2
37095,9,9.5
37097,1,277.8
37099,6,82.1
37101,1,213.4
37103,3,21.6
37105,4,227
37107,4,148.5
37109,1,262.7
37111,6,102.1
37113,7,65.8
37115,2,46.2
37117,6,53.1
37119,1,1755.5
37121,7,70.4
37123,6,56.5
37125,4,126.5
37127,3,177.3
37129,2,1058.1
37131,9,41.2
37133,3,233.1
37135,2,336.2
37137,3,39.1
37139,4,179.2
37141,2,60
37143,8,54.4
37145,2,100.6
37147,3,257.9
37149,8,86.3
37151,2,181.1
37153,5,98.4
37155,4,141.3
37157,2,165.6
37159,1,270.7
37161,4,120.2
37163,6,67.1
37165,6,113.4
37167,6,153.3
37169,2,105.6
37171,4,138.4
37173,8,26.5
37175,6,87.4
37177,9,11.3
37179,1,318.7
37181,4,179.2
37183,1,1078.8
37185,8,48.9
37187,7,38
37189,5,163.4
37191,3,221.7
37193,6,91.9
37195,4,220.6
37197,2,114.7
37199,8,57
38000,NA,9.7
38001,9,2.4
38003,6,7.4
38005,9,4.8
38007,9,0.7
38009,9,3.9
38011,9,2.7
38013,9,1.8
38015,3,49.8
38017,3,84.9
38019,9,2.7
38021,9,4.7
38023,9,1.6
38025,9,1.8
38027,9,3.8
38029,8,2.4
38031,9,5.3
38033,9,1.7
38035,3,46.5
38037,8,1.4
38039,9,3.4
38041,9,2.2
38043,8,1.8
38045,9,3.6
38047,9,2
38049,9,2.9
38051,9,2.9
38053,9,2.3
38055,8,4.2
38057,7,8.1
38059,3,14.3
38061,9,4.2
38063,8,3.2
38065,3,2.6
38067,9,6.6
38069,7,4.3
38071,7,9.6
38073,8,6.3
38075,9,2.8
38077,6,11.4
38079,9,15.4
38081,9,4.5
38083,9,1.4
38085,3,3.8
38087,9,0.6
38089,7,18.1
38091,8,2.8
38093,7,9.5
38095,9,2.2
38097,8,9.4
38099,6,8.7
38101,5,30.6
38103,9,3.3
38105,7,10.8
39000,NA,282.3
39001,6,48.9
39003,3,264.2
39005,4,125.6
39007,4,144.6
39009,4,128.6
39011,4,114.5
39013,3,132.3
39015,1,91.5
39017,1,788.2
39019,2,73.1
39021,6,93.5
39023,3,348
39025,1,436.5
39027,6,102.9
39029,4,202.7
39031,6,65.4
39033,4,109
39035,1,2800
39037,6,88.5
39039,4,94.9
39041,1,393.2
39043,4,306.4
39045,1,289.8
39047,6,71.4
39049,1,2186.1
39051,2,105.3
39053,6,66.3
39055,1,233.4
39057,2,390.5
39059,6,76.8
39061,1,1976.7
39063,4,140.7
39065,6,68.1
39067,6,39.4
39069,6,67.8
39071,6,78.8
39073,1,69.7
39075,7,100.3
39077,4,121.3
39079,7,79
39081,3,170.7
39083,4,115.9
39085,1,1011.2
39087,2,137.7
39089,1,243.9
39091,6,100
39093,1,613.6
39095,2,1296.2
39097,1,93.2
39099,2,580.2
39101,4,164.7
39103,1,409
39105,6,55.3
39107,7,88.3
39109,2,252.1
39111,8,32.1
39113,2,1159.5
39115,6,36.2
39117,1,85.8
39119,4,129.5
39121,7,36.8
39123,4,162.5
39125,6,47.1
39127,1,88.4
39129,1,111.1
39131,7,65.2
39133,2,331.2
39135,6,99.7
39137,6,71.5
39139,3,251.3
39141,4,113.3
39143,4,149.2
39145,4,130.3
39147,4,103
39149,4,121.2
39151,2,652.9
39153,2,1312.6
39155,2,340.1
39157,4,163.1
39159,1,121.1
39161,6,70.3
39163,8,32.6
39165,1,530
39167,4,97.8
39169,4,206.4
39171,6,89.4
39173,2,203.3
39175,7,55.6
40000,NA,54.7
40001,6,39.6
40003,9,6.5
40005,9,14.5
40007,9,3.1
40009,7,24.5
40011,6,12.9
40013,6,46.9
40015,6,23.2
40017,1,128.9
40019,5,57.8
40021,6,62.7
40023,7,19.7
40025,9,1.3
40027,1,474.7
40029,9,11.5
40031,3,116.1
40033,3,9.8
40035,6,19.7
40037,2,73.6
40039,7,27.8
40041,6,56.2
40043,9,4.8
40045,9,3.4
40047,5,57.2
40049,6,34.4
40051,1,47.6
40053,9,4.5
40055,7,9.8
40057,9,5.4
40059,9,3.5
40061,6,22.1
40063,7,17.4
40065,7,32.9
40067,8,8.5
40069,9,17
40071,5,50.6
40073,6,16.7
40075,6,9.3
40077,7,15.4
40079,2,31.7
40081,1,36
40083,1,56.3
40085,9,18.3
40087,1,60.5
40089,7,17.9
40091,6,32.7
40093,9,7.9
40095,6,42.7
40097,6,63
40099,7,32.4
40101,4,87.6
40103,6,15.8
40105,6,18.6
40107,6,19.7
40109,1,1013.8
40111,2,57.5
40113,2,21.1
40115,6,67.6
40117,2,29.2
40119,4,113
40121,5,35.1
40123,7,52
40125,4,88.2
40127,9,8.3
40129,9,3.2
40131,2,128.6
40133,7,40.3
40135,2,63
40137,4,51.8
40139,7,10.1
40141,6,9.2
40143,2,1058.1
40145,2,130.1
40147,4,122.7
40149,7,11.6
40151,7,6.9
40153,7,16.2
41000,NA,39.9
41001,7,5.3
41003,3,126.6
41005,1,201
41007,4,44.7
41009,1,75.1
41011,5,39.5
41013,6,7
41015,7,13.7
41017,3,52.3
41019,4,21.4
41021,9,1.6
41023,9,1.6
41025,7,0.7
41027,6,42.8
41029,3,73
41031,6,12.2
41033,3,50.4
41035,5,11.2
41037,7,1
41039,2,77.2
41041,5,47
41043,3,50.9
41045,6,3.2
41047,2,266.7
41049,6,5.5
41051,1,1704.9
41053,2,101.8
41055,9,2.1
41057,6,22.9
41059,4,23.6
41061,7,12.6
41063,9,2.2
41065,6,10.6
41067,1,731.4
41069,9,0.8
41071,1,138.6
42000,NA,283.9
42001,3,195.5
42003,1,1675.6
42005,1,105.5
42007,1,392.3
42009,6,49.2
42011,2,480.4
42013,3,241.7
42015,6,54.6
42017,1,1034.7
42019,1,233.1
42021,3,208.7
42023,7,12.8
42025,2,171.1
42027,3,138.7
42029,1,664.7
42031,6,66.6
42033,4,71.3
42035,4,44.2
42037,3,139.3
42039,4,87.7
42041,2,431.6
42043,2,510.6
42045,1,3040.5
42047,7,38.6
42049,2,351.1
42051,1,172.8
42053,9,18.1
42055,3,193.7
42057,8,33.9
42059,6,67.2
42061,6,52.5
42063,4,107.5
42065,7,69.3
42067,6,63
42069,2,467.1
42071,2,550.4
42073,4,254.4
42075,3,369.1
42077,2,1012.5
42079,2,360.4
42081,3,94.5
42083,7,44.4
42085,2,173.4
42087,4,113.6
42089,3,279.2
42091,1,1655.9
42093,3,140.3
42095,2,805.4
42097,4,206.2
42099,2,83.4
42101,1,11379.5
42103,1,105.3
42105,9,16.1
42107,4,190.4
42109,7,120.8
42111,4,72.4
42113,8,14.3
42115,6,52.7
42117,6,37
42119,4,142.2
42121,4,81.5
42123,6,47.3
42125,1,242.5
42127,6,72.8
42129,1,355.4
42131,2,71.2
42133,2,481.1
44000,NA,1018.1
44001,1,2064
44003,1,985.9
44005,1,809.6
44007,1,1530.3
44009,1,385.7
45000,NA,153.9
45001,6,51.8
45003,2,149.5
45005,6,25.5
45007,2,261.6
45009,7,40.6
45011,6,41.2
45013,3,281.5
45015,2,161.8
45017,2,39.8
45019,2,382.3
45021,4,140.9
45023,1,57.1
45025,6,58.5
45027,6,57.6
45029,6,36.8
45031,3,122.4
45033,6,79.2
45035,2,238.2
45037,2,53.9
45039,2,34.9
45041,3,171.1
45043,4,73.9
45045,2,574.7
45047,4,153.2
45049,6,37.7
45051,2,237.5
45053,3,37.8
45055,2,84.9
45057,1,139.6
45059,2,93.2
45061,6,46.9
45063,2,375.4
45065,8,28.5
45067,6,67.6
45069,6,60.3
45071,6,59.5
45073,4,118.6
45075,4,83.6
45077,2,240.2
45079,2,507.9
45081,2,43.9
45083,2,351.9
45085,3,161.6
45087,2,56.3
45089,6,36.8
45091,1,332.2
46000,NA,10.7
46003,9,3.8
46005,7,13.8
46007,9,2.9
46009,9,12.5
46011,5,40.3
46013,5,21.3
46015,9,6.4
46017,9,4.1
46019,6,4.5
46021,9,2
46023,9,8.3
46025,9,3.9
46027,6,33.6
46029,5,39.5
46031,9,1.6
46033,3,5.3
46035,7,44.8
46037,9,5.6
46039,9,7
46041,9,2.3
46043,9,7
46045,9,3.6
46047,6,4.1
46049,9,2.4
46051,7,10.8
46053,9,4.2
46055,8,1.1
46057,9,11.6
46059,9,2.4
46061,8,7.7
46063,9,0.5
46065,7,23
46067,8,9
46069,9,1.7
46071,8,1.6
46073,9,3.9
46075,9,1
46077,9,6.2
46079,6,19.9
46081,6,30.1
46083,3,77.7
46085,9,2.3
46087,3,9.8
46089,9,2.2
46091,9,5.6
46093,3,7.3
46095,9,1.6
46097,8,4.2
46099,3,210
46101,8,12.5
46102,6,NA
46103,3,36.4
46105,8,1
46107,9,2.7
46109,9,9.2
46111,9,4.1
46115,9,4.3
46117,9,2.1
46119,9,1.4
46121,9,6.9
46123,7,3.5
46125,3,13.5
46127,3,31.3
46129,7,7.7
46135,7,43.1
46137,8,1.4
47000,NA,153.9
47001,2,222.8
47003,4,95.1
47005,7,41.8
47007,8,31.7
47009,2,220.2
47011,3,301
47013,2,84.8
47015,1,52
47017,6,47.6
47019,3,168.3
47021,1,129.3
47023,3,60
47025,6,74.1
47027,9,33.2
47029,6,82.1
47031,4,123.1
47033,3,54.9
47035,4,82.3
47037,1,1243.3
47039,9,35.2
47041,6,61.5
47043,1,101.4
47045,5,74.8
47047,1,54.5
47049,9,36
47051,6,74
47053,4,82.4
47055,6,48.3
47057,2,80.7
47059,4,110.6
47061,8,38
47063,3,388
47065,2,620.3
47067,8,30.7
47069,6,40.8
47071,6,45.1
47073,2,116.7
47075,6,35.2
47077,6,53.4
47079,7,57.5
47081,1,40.3
47083,8,42.1
47085,6,34.9
47087,8,37.7
47089,3,187.6
47091,6,61.1
47093,2,850.5
47095,9,47.2
47097,6,58.9
47099,6,67.8
47101,6,43.1
47103,6,58.5
47105,2,211.8
47107,4,121.5
47109,6,46.3
47111,1,72.4
47113,3,176.4
47115,2,56.7
47117,6,81.5
47119,1,132
47121,8,60.2
47123,6,70
47125,2,319.6
47127,9,49.2
47129,2,42.1
47131,7,58.4
47133,7,50.9
47135,8,19.1
47137,9,31.2
47139,3,38.7
47141,4,180.3
47143,6,100.9
47145,2,150.2
47147,1,139.2
47149,1,424
47151,6,41.8
47153,2,53.1
47155,4,151.7
47157,1,1215.5
47159,1,61
47161,8,29
47163,2,379.4
47165,1,303.4
47167,1,133.3
47169,1,68.9
47171,3,98.4
47173,2,85.5
47175,9,20.3
47177,6,92.1
47179,3,376.7
47181,8,23.2
47183,7,60.3
47185,7,68.6
47187,1,314.4
47189,1,199.7
48000,NA,96.3
48001,7,55
48003,6,9.9
48005,5,108.8
48007,2,91.9
48009,3,10
48011,2,2.1
48013,1,36.8
48015,1,44
48017,7,8.7
48019,1,25.9
48021,1,83.5
48023,8,4.3
48025,6,36.2
48027,2,295.2
48029,1,1383.1
48031,8,14.8
48033,8,0.7
48035,6,18.5
48037,3,104.6
48039,1,230.7
48041,3,332.8
48043,7,1.5
48045,9,1.8
48047,7,7.7
48049,5,40.3
48051,3,26.1
48053,6,43
48055,1,69.8
48057,6,42.2
48059,3,15.1
48061,2,456
48063,6,63.3
48065,2,6.7
48067,6,32.5
48069,6,9
48071,1,58.8
48073,6,48.3
48075,7,10.1
48077,3,9.9
48079,9,4
48081,8,3.6
48083,6,7
48085,1,930
48087,9,3.3
48089,6,21.7
48091,1,193.9
48093,7,14.9
48095,8,4.2
48097,6,43.9
48099,2,71.7
48101,9,1.7
48103,6,5.6
48105,7,1.3
48107,2,6.7
48109,9,0.6
48111,7,4.5
48113,1,2718
48115,7,15.4
48117,6,12.9
48119,8,20.4
48121,1,754.3
48123,6,22.1
48125,8,2.7
48127,6,7.5
48129,8,4
48131,7,6.6
48133,6,20.1
48135,3,152.8
48137,9,0.9
48139,1,159.9
48141,2,790.6
48143,4,35
48145,2,23.3
48147,6,38.1
48149,6,25.8
48151,8,4.4
48153,6,6.5
48155,9,1.9
48157,1,679.5
48159,7,37.3
48161,7,22.6
48163,6,15.2
48165,7,11.7
48167,1,769.9
48169,6,7.2
48171,7,23.5
48173,8,1.4
48175,3,8.5
48177,6,18.6
48179,6,24.3
48181,3,129.6
48183,3,445.4
48185,6,33.8
48187,1,184.9
48189,4,36.1
48191,9,3.8
48193,6,10.2
48195,7,6.1
48197,9,6
48199,2,61.3
48201,1,2402.4
48203,4,72.9
48205,7,4.1
48207,6,6.5
48209,1,231.7
48211,7,4.2
48213,4,89.9
48215,2,493.2
48217,6,36.6
48219,6,25.2
48221,1,121.7
48223,6,45.8
48225,7,19.3
48227,4,38.9
48229,2,0.8
48231,1,102.5
48233,6,25
48235,3,1.5
48237,6,9.9
48239,6,17
48241,6,38
48243,9,1
48245,2,287.9
48247,6,4.7
48249,4,47.2
48251,1,208.3
48253,3,21.8
48255,6,19.8
48257,1,132.4
48259,1,50.4
48261,9,0.3
48263,9,0.9
48265,4,45
48267,7,3.7
48269,9,0.3
48271,7,2.6
48273,4,36.4
48275,9,4.4
48277,5,54.9
48279,6,13.8
48281,2,27.6
48283,6,4.6
48285,6,19.9
48287,6,26.4
48289,8,15.7
48291,1,65.3
48293,6,25.8
48295,9,3.5
48297,8,11.1
48299,7,20.7
48301,9,0.1
48303,2,311.3
48305,2,6.6
48307,7,7.8
48309,2,226.5
48311,9,0.6
48313,6,29.3
48315,8,27.7
48317,3,5.2
48319,9,4.3
48321,4,33.4
48323,5,42.4
48325,1,34.7
48327,9,2.5
48329,3,152
48331,6,24.3
48333,9,6.6
48335,7,10.3
48337,6,21.2
48339,1,437.5
48341,7,24.3
48343,6,51.3
48345,9,1.2
48347,5,68.2
48349,4,47.3
48351,2,15.5
48353,6,16.7
48355,2,405.8
48357,7,11.1
48359,2,1.4
48361,2,245.3
48363,6,29.5
48365,6,29.7
48367,1,129.4
48369,7,11.7
48371,7,3.3
48373,6,43
48375,2,133.3
48377,7,2
48379,8,47.6
48381,2,132.4
48383,6,2.9
48385,9,4.7
48387,6,12.4
48389,7,5.2
48391,6,9.6
48393,9,1
48395,3,19.4
48397,1,616.7
48399,6,10
48401,3,57.7
48403,8,22
48405,9,16.7
48407,8,46.3
48409,2,93.5
48411,7,5.4
48413,8,2.6
48415,7,18.7
48417,8,3.7
48419,7,32
48421,9,3.3
48423,3,227.6
48425,1,45.5
48427,4,49.8
48429,7,10.7
48431,8,1.2
48433,9,1.6
48435,7,2.8
48437,6,8.8
48439,1,2094.7
48441,3,143.6
48443,9,0.4
48445,6,14.2
48447,9,1.8
48449,7,79.6
48451,3,72.4
48453,1,1034.4
48455,7,21
48457,6,23.5
48459,3,67.4
48461,8,2.7
48463,6,17
48465,5,15.5
48467,6,62.4
48469,3,98.4
48471,4,86.5
48473,1,84.1
48475,6,12.8
48477,6,55.8
48479,2,74.5
48481,4,38
48483,9,5.9
48485,3,209.5
48487,6,13.9
48489,6,37.5
48491,1,378
48493,1,53.4
48495,6,8.5
48497,1,65.4
48499,6,65
48501,7,9.9
48503,7,20.3
48505,6,14
48507,7,9
49000,NA,33.6
49001,7,2.6
49003,2,8.7
49005,3,96.7
49007,7,14.5
49009,9,1.5
49011,2,1025.8
49013,7,5.7
49015,7,2.5
49017,9,1
49019,7,2.5
49021,4,14
49023,2,3
49025,6,1.8
49027,7,1.9
49029,2,15.5
49031,9,2.1
49033,8,2.2
49035,1,1387.1
49037,7,1.9
49039,6,17.5
49041,7,10.9
49043,4,19.4
49045,1,8.4
49047,7,7.3
49049,2,257.8
49051,6,20
49053,3,56.9
49055,9,1.1
49057,2,401.4
50000,NA,67.9
50001,6,48
50003,6,55
50005,7,48.1
50007,3,291.7
50009,9,9.5
50011,3,75.3
50013,3,85.2
50015,8,53.3
50017,9,42.1
50019,7,39.3
50021,4,66.3
50023,4,86.6
50025,7,56.7
50027,7,58.5
51000,NA,202.6
51001,8,73.8
51003,3,137.3
51005,6,36.5
51007,1,35.7
51009,2,68.3
51011,2,44.9
51013,1,7993.5
51015,3,76.3
51017,8,8.9
51019,2,91.2
51021,8,19.1
51023,2,61.2
51025,6,30.8
51027,9,47.9
51029,3,29.6
51031,2,108.8
51033,1,54.1
51035,7,63.3
51036,1,39.7
51037,8,26.5
51041,1,747.1
51043,1,79.7
51045,2,15.7
51047,1,123.1
51049,8,33.8
51051,9,48.1
51053,1,55.6
51057,6,43.4
51059,1,2766.8
51061,1,100.7
51063,3,40.2
51065,3,89.8
51067,2,81.3
51069,3,189.4
51071,3,48.6
51073,1,169.2
51075,1,77.2
51077,9,35.1
51079,3,117.8
51081,6,41.5
51083,6,44.3
51085,1,213.1
51087,1,1313.4
51089,4,141.6
51091,8,5.6
51093,1,111.8
51095,1,470.4
51097,8,22
51099,6,131.3
51101,1,58.2
51103,9,85.5
51105,8,58.8
51107,1,605.8
51109,8,66.8
51111,9,29.9
51113,8,41.5
51115,1,104.5
51117,7,52.3
51119,8,84.1
51121,3,243.9
51125,3,31.9
51127,1,87.9
51131,8,58.5
51133,9,64.5
51135,6,50.4
51137,6,98.2
51139,6,77.3
51141,8,38.3
51143,4,65.5
51145,1,107.8
51147,6,66.8
51149,1,134.7
51153,1,1195
51155,3,109
51157,1,27.7
51159,9,48.3
51161,2,368.7
51163,6,37.3
51165,3,89.9
51167,7,61
51169,2,43.3
51171,6,82.5
51173,7,71.4
51175,6,31
51177,1,304.9
51179,1,479.5
51181,8,25.3
51183,1,24.7
51185,5,86.9
51187,1,176
51191,2,97.8
51193,6,76.1
51195,7,102.8
51197,6,63.3
51199,1,624.8
51510,1,9314.3
51520,2,1370.6
51530,6,992
51540,3,4246.3
51550,1,652
51570,1,2315.3
51580,6,1090.1
51590,4,1002.8
51595,6,859.8
51600,1,3616.6
51610,1,6169.8
51620,6,1045.8
51630,1,2326.2
51640,7,854.7
51650,1,2673.2
51660,3,2808.2
51670,1,2197.9
51678,6,2820.3
51680,2,1538.2
51683,1,3827.8
51685,1,5633.1
51690,4,1261.5
51700,1,2630
51710,1,4486.3
51720,7,529.1
51730,1,1413.8
51735,1,793.3
51740,1,2838.9
51750,3,1662.2
51760,1,3414.7
51770,2,2279.8
51775,2,1718
51790,3,1188.8
51800,1,211.4
51810,1,1758.9
51820,3,1396.8
51830,1,1559.3
51840,3,2838.1
53000,NA,101.2
53001,6,9.7
53003,3,34
53005,2,103
53007,3,24.8
53009,5,41.1
53011,1,676.2
53013,3,4.7
53015,3,89.8
53017,3,21.1
53019,9,3.4
53021,2,62.9
53023,8,3.2
53025,5,33.3
53027,4,38.3
53029,4,376.6
53031,6,16.6
53033,1,912.9
53035,2,635.9
53037,4,17.8
53039,6,10.9
53041,4,31.4
53043,8,4.6
53045,4,63.3
53047,6,7.8
53049,7,22.4
53051,2,9.3
53053,1,476.3
53055,9,90.7
53057,3,67.5
53059,1,6.7
53061,1,341.8
53063,2,267.2
53065,2,17.6
53067,2,349.4
53069,8,15.1
53071,3,46.3
53073,3,95.5
53075,4,20.7
53077,3,56.6
54000,NA,77.1
54001,6,48.6
54003,2,324.4
54005,3,49.1
54007,8,28.4
54009,3,269.8
54011,2,342.8
54013,8,27.3
54015,3,27.5
54017,9,25.7
54019,3,69.6
54021,7,25.7
54023,7,25
54025,6,34.8
54027,3,37.4
54029,3,371.3
54031,6,24.1
54033,5,166.1
54035,6,62.9
54037,1,255.2
54039,3,214.1
54041,7,42.5
54043,2,49.7
54045,6,81
54047,7,41.5
54049,4,182.7
54051,3,108.4
54053,6,63.4
54055,4,148.6
54057,3,86.1
54059,7,63.4
54061,3,267.1
54063,8,28.6
54065,8,76.6
54067,6,40.6
54069,3,420
54071,8,11.1
54073,6,58.5
54075,9,9.3
54077,3,51.7
54079,2,160.5
54081,3,130.3
54083,7,28.3
54085,8,23.1
54087,6,30.9
54089,6,38.6
54091,6,97.8
54093,8,17
54095,9,35.9
54097,7,68.4
54099,2,84
54101,9,16.5
54103,6,46.3
54105,3,24.6
54107,3,237.4
54109,6,47.6
55000,NA,105
55001,8,32.3
55003,7,15.5
55005,6,53.2
55007,8,10.2
55009,2,468.2
55011,8,20.2
55013,8,18.8
55015,3,153.9
55017,3,61.9
55019,6,28.7
55021,2,74.2
55023,7,29.2
55025,2,407.7
55027,4,101.4
55029,6,57.6
55031,2,33.9
55033,6,51.6
55035,3,154.8
55037,9,9.1
55039,3,141.2
55041,9,9.2
55043,6,44.7
55045,2,63.1
55047,6,54.5
55049,2,31.1
55051,9,7.8
55053,6,20.7
55055,4,150.4
55057,7,34.8
55059,1,611.9
55061,2,60.1
55063,3,253.8
55065,8,26.6
55067,6,22.9
55069,6,32.7
55071,4,138.3
55073,3,86.8
55075,6,29.8
55077,8,33.8
55078,8,11.8
55079,1,3926
55081,6,49.6
55083,2,37.7
55085,7,32.3
55087,3,277.2
55089,1,370.7
55091,8,32.2
55093,1,71.5
55095,6,48.4
55097,4,87.4
55099,9,11.3
55101,3,587.7
55103,6,30.7
55105,3,223.3
55107,6,16.2
55109,1,116.8
55111,4,74.6
55113,7,13.2
55115,6,47
55117,3,225.9
55119,6,21.2
55121,6,39.3
55123,6,37.6
55125,9,25
55127,4,184.2
55129,7,20
55131,1,306.2
55133,1,709.4
55135,6,70.1
55137,6,39.1
55139,3,384.3
55141,4,94.2
56000,NA,5.8
56001,4,8.5
56003,9,3.7
56005,5,9.6
56007,7,2
56009,6,3.3
56011,9,2.5
56013,7,4.4
56015,7,6
56017,7,2.4
56019,7,2.1
56021,3,34.2
56023,7,4.4
56025,3,14.1
56027,9,0.9
56029,7,4.1
56031,7,4.2
56033,7,11.5
56035,9,2.1
56037,5,4.2
56039,7,5.3
56041,7,10.1
56043,7,3.8
56045,7,3
72000,NA,1088.2
72001,6,292.1
72003,2,1360
72005,2,1668.5
72007,1,952.6
72009,1,827.2
72011,2,744.8
72013,3,765.7
72015,3,1304.3
72017,1,1327.6
72019,1,885.1
72021,1,4695.3
72023,3,723.5
72025,1,2438.6
72027,3,758.5
72029,1,1449.8
72031,1,3900.3
72033,1,5808.6
72035,1,926.5
72037,1,469.5
72039,1,282.3
72041,1,1207.1
72043,4,519.3
72045,1,731.6
72047,1,872.4
72049,9,156.4
72051,1,1653
72053,1,1238.7
72054,1,833.7
72055,2,524.3
72057,3,698
72059,2,510.5
72061,1,3550.7
72063,1,1626.9
72065,3,1004.1
72067,3,1520.6
72069,1,1306.4
72071,2,825.1
72073,6,373.7
72075,2,841.9
72077,1,1521
72079,3,429.6
72081,2,500.5
72083,6,213.1
72085,1,1141.5
72087,1,1552.2
72089,1,777.5
72091,1,977.5
72093,6,171.4
72095,1,580.3
72097,3,1147.3
72099,2,796.7
72101,1,838.9
72103,1,517.2
72105,1,1109.5
72107,1,368.2
72109,3,412.8
72111,2,544.2
72113,2,1449.3
72115,3,1142.7
72117,2,1063.8
72119,1,895.8
72121,3,705.1
72123,4,448
72125,3,651.9
72127,1,8262.3
72129,1,773.1
72131,2,602.5
72133,4,684.1
72135,1,2741.5
72137,1,3855.7
72139,1,3604.4
72141,2,292
72143,1,1440.8
72145,1,1301.1
72147,7,183.2
72149,2,731.6
72151,1,687.2
72153,2,616.5
