FIPS;Combined_Key;2/3/2020;2/4/2020;2/5/2020;2/6/2020;2/7/2020;2/8/2020;2/9/2020;2/10/2020;2/11/2020;2/12/2020;2/13/2020;2/14/2020;2/15/2020;2/16/2020;2/17/2020;2/18/2020;2/19/2020;2/20/2020;2/21/2020;2/22/2020;2/23/2020;2/24/2020;2/25/2020;2/26/2020;2/27/2020;2/28/2020;2/29/2020;3/1/2020;3/2/2020;3/3/2020;3/4/2020;3/5/2020;3/6/2020;3/7/2020;3/8/2020;3/9/2020;3/10/2020;3/11/2020;3/12/2020;3/13/2020;3/14/2020;3/15/2020;3/16/2020;3/17/2020;3/18/2020;3/19/2020;3/20/2020;3/21/2020;3/22/2020;3/23/2020;3/24/2020;3/25/2020;3/26/2020;3/27/2020;3/28/2020;3/29/2020;3/30/2020;3/31/2020;4/1/2020;4/2/2020;4/3/2020;4/4/2020;4/5/2020;4/6/2020;4/7/2020
1000.0;AL;NA;NA;NA;NA;NA;NA;NA;NA;NA;NA;NA;NA;NA;NA;NA;NA;NA;NA;NA;NA;NA;NA;NA;NA;NA;2236696434677060;2236696434677060;2236696434677060;2236696434677060;2236696434677060;2236696434677060;2236696434677060;2236696434677060;2236696434677060;2236696434677060;2236696434677060;2236696434677060;2236696434677060;2236696434677060;21787378058523800;21787378058523800;21787378058523800;20923065438933100;20923065438933100;20923065438933100;2024108418165650;1956394015974560;1956394015974560;1956394015974560;1956394015974560;1956394015974560;1956394015974560;17302754072362000;17302754072362000;17302754072362000;17302754072362000;17302754072362000;17302754072362000;17302754072362000;17302754072362000;17302754072362000;17302754072362000;17302754072362000;17302754072362000;17302754072362000
2000.0;AK;NA;NA;NA;NA;NA;NA;NA;NA;NA;NA;NA;NA;NA;NA;NA;NA;NA;NA;NA;NA;NA;NA;NA;NA;NA;NA;NA;NA;NA;NA;NA;NA;NA;NA;NA;NA;NA;NA;NA;NA;NA;NA;NA;NA;NA;NA;NA;NA;NA;NA;NA;NA;NA;NA;NA;NA;NA;NA;NA;NA;NA;NA;NA;NA;NA
4000.0;AZ;NA;NA;NA;NA;NA;NA;NA;NA;NA;NA;NA;NA;NA;NA;NA;NA;NA;NA;NA;NA;NA;NA;NA;2315552073371580;2315552073371580;2315552073371580;2315552073371580;2315552073371580;2315552073371580;2315552073371580;2315552073371580;2315552073371580;2315552073371580;2315552073371580;2315552073371580;2315552073371580;2315552073371580;2315552073371580;2315552073371580;2315552073371580;2315552073371580;2315552073371580;22229079495716000;22229079495716000;22229079495716000;22229079495716000;2148211516009170;2148211516009170;2148211516009170;2148211516009170;2148211516009170;2148211516009170;2148211516009170;2148211516009170;2148211516009170;2148211516009170;2148211516009170;1802202096501820;1802202096501820;1802202096501820;1802202096501820;1802202096501820;1802202096501820;1802202096501820;1802202096501820
5000.0;AR;NA;NA;NA;NA;NA;NA;NA;NA;NA;NA;NA;NA;NA;NA;NA;NA;NA;NA;NA;NA;NA;NA;NA;NA;NA;NA;NA;NA;NA;NA;NA;NA;NA;NA;NA;NA;NA;NA;NA;NA;NA;NA;NA;NA;NA;NA;NA;NA;NA;NA;NA;NA;NA;NA;NA;NA;NA;NA;NA;NA;NA;NA;NA;NA;NA
6000.0;CA;NA;NA;NA;NA;NA;NA;NA;NA;NA;NA;NA;NA;NA;2500364767780630;2500364767780630;2500364767780630;2500364767780630;2500364767780630;2500364767780630;2500364767780630;2500364767780630;2500364767780630;2500364767780630;2500364767780630;2500364767780630;2500364767780630;2500364767780630;2500364767780630;2500364767780630;2500364767780630;2500364767780630;2500364767780630;2500364767780630;2500364767780630;2500364767780630;2500364767780630;2500364767780630;2500364767780630;2500364767780630;2500364767780630;2500364767780630;2314798879799460;2314798879799460;2314798879799460;2314798879799460;185192035554683;185192035554683;185192035554683;185192035554683;185192035554683;185192035554683;185192035554683;185192035554683;185192035554683;185192035554683;185192035554683;185192035554683;185192035554683;185192035554683;185192035554683;185192035554683;185192035554683;185192035554683;185192035554683;185192035554683
8000.0;CO;NA;NA;NA;NA;NA;NA;NA;NA;NA;NA;NA;NA;NA;NA;NA;NA;NA;NA;NA;NA;NA;25166949698278800;25166949698278800;25166949698278800;25166949698278800;25166949698278800;25166949698278800;25166949698278800;25166949698278800;25166949698278800;25166949698278800;25166949698278800;25166949698278800;25166949698278800;25166949698278800;25166949698278800;25166949698278800;25166949698278800;25166949698278800;2450241914420240;2450241914420240;2450241914420240;2450241914420240;2347586761346510;2347586761346510;2347586761346510;22687031766716800;22687031766716800;22687031766716800;21789188301098700;21055763355690700;21055763355690700;18684171551460100;18684171551460100;18684171551460100;18684171551460100;18684171551460100;18684171551460100;18684171551460100;18684171551460100;18684171551460100;18684171551460100;18684171551460100;18684171551460100;18684171551460100
9000.0;CT;NA;NA;NA;NA;NA;NA;NA;NA;NA;NA;NA;NA;NA;NA;NA;NA;NA;NA;NA;28267771819056900;28267771819056900;28267771819056900;28267771819056900;28267771819056900;28267771819056900;28267771819056900;28267771819056900;28267771819056900;28267771819056900;28267771819056900;28267771819056900;28267771819056900;28267771819056900;28267771819056900;28267771819056900;28267771819056900;28267771819056900;28267771819056900;28267771819056900;28267771819056900;28267771819056900;28267771819056900;26168019138010300;2507655246835110;2507655246835110;2507655246835110;2507655246835110;2507655246835110;2507655246835110;2092165037410410;2092165037410410;2092165037410410;2092165037410410;2092165037410410;2092165037410410;2092165037410410;2092165037410410;2092165037410410;2092165037410410;2092165037410410;2092165037410410;2092165037410410;2092165037410410;2092165037410410;2092165037410410
10000.0;DE;NA;NA;NA;NA;NA;NA;NA;NA;NA;NA;NA;NA;NA;NA;NA;NA;NA;NA;NA;NA;NA;NA;NA;NA;NA;NA;NA;NA;2259119305346520;2259119305346520;2259119305346520;2259119305346520;2259119305346520;2259119305346520;2259119305346520;2259119305346520;2259119305346520;2259119305346520;2093407025892880;2093407025892880;2093407025892880;2093407025892880;2004781977283820;2004781977283820;2004781977283820;2004781977283820;2004781977283820;2004781977283820;2004781977283820;2004781977283820;16692340757369900;16692340757369900;16692340757369900;16692340757369900;16692340757369900;16692340757369900;16692340757369900;16692340757369900;16692340757369900;16692340757369900;16692340757369900;16692340757369900;16692340757369900;16692340757369900;16692340757369900
11000.0;DC;NA;NA;NA;NA;NA;NA;NA;NA;NA;NA;NA;NA;NA;NA;NA;NA;NA;NA;NA;NA;NA;NA;NA;NA;NA;NA;NA;NA;NA;2440230186553380;2440230186553380;2440230186553380;2440230186553380;2440230186553380;2440230186553380;2440230186553380;2440230186553380;2440230186553380;2440230186553380;2440230186553380;2440230186553380;2440230186553380;21689895420542000;21689895420542000;21689895420542000;21689895420542000;21689895420542000;21689895420542000;21689895420542000;21689895420542000;21689895420542000;2043119041823090;2043119041823090;2043119041823090;2043119041823090;2043119041823090;2043119041823090;2043119041823090;18150380392764300;18150380392764300;18150380392764300;18150380392764300;18150380392764300;18150380392764300;18150380392764300
12000.0;FL;NA;NA;NA;NA;NA;NA;NA;NA;NA;NA;NA;NA;NA;NA;NA;NA;NA;2716354548111760;2716354548111760;2716354548111760;2716354548111760;2716354548111760;2716354548111760;2716354548111760;2716354548111760;2716354548111760;2716354548111760;2716354548111760;2716354548111760;2716354548111760;2716354548111760;2716354548111760;2716354548111760;2716354548111760;2716354548111760;2716354548111760;2716354548111760;2716354548111760;2716354548111760;2716354548111760;2716354548111760;2716354548111760;26061839776117100;24537234386807000;24537234386807000;24537234386807000;22702787623869600;22702787623869600;22702787623869600;22702787623869600;22702787623869600;22702787623869600;22702787623869600;22702787623869600;22702787623869600;22702787623869600;2010933664836990;2010933664836990;2010933664836990;2010933664836990;2010933664836990;2010933664836990;2010933664836990;2010933664836990;2010933664836990
13000.0;GA;NA;NA;NA;NA;NA;NA;NA;NA;NA;NA;NA;NA;NA;NA;NA;NA;2506824757673650;2506824757673650;2506824757673650;2506824757673650;2506824757673650;2506824757673650;2506824757673650;2506824757673650;2506824757673650;2506824757673650;2506824757673650;2506824757673650;2506824757673650;2506824757673650;2506824757673650;2506824757673650;2506824757673650;2506824757673650;2506824757673650;2506824757673650;2506824757673650;2506824757673650;2506824757673650;2506824757673650;2506824757673650;2506824757673650;2506824757673650;23608054732587400;2265410487853300;2265410487853300;20989981119927600;20989981119927600;20989981119927600;20989981119927600;18617138236670800;18617138236670800;18617138236670800;18617138236670800;18617138236670800;18617138236670800;18617138236670800;18617138236670800;18617138236670800;18617138236670800;18617138236670800;18617138236670800;18617138236670800;18617138236670800;18617138236670800
15000.0;HI;NA;NA;NA;NA;NA;NA;NA;NA;NA;NA;NA;NA;NA;NA;NA;NA;NA;NA;NA;NA;NA;NA;NA;NA;NA;NA;NA;NA;NA;NA;NA;NA;NA;NA;NA;NA;NA;NA;NA;NA;NA;NA;NA;NA;NA;NA;NA;NA;NA;NA;NA;NA;NA;NA;NA;NA;NA;NA;NA;NA;NA;NA;NA;NA;NA
16000.0;ID;NA;NA;NA;NA;NA;NA;NA;NA;NA;NA;NA;NA;NA;NA;NA;NA;NA;NA;NA;NA;NA;NA;NA;NA;NA;NA;NA;NA;NA;NA;NA;NA;NA;NA;NA;NA;NA;NA;NA;NA;NA;NA;NA;NA;NA;NA;NA;NA;NA;NA;NA;NA;NA;NA;NA;NA;NA;NA;NA;NA;NA;NA;NA;NA;NA
17000.0;IL;NA;NA;NA;NA;NA;NA;NA;NA;NA;NA;NA;NA;NA;NA;NA;NA;NA;NA;NA;2871235896438710;2871235896438710;2871235896438710;2871235896438710;2871235896438710;2871235896438710;2871235896438710;2871235896438710;2871235896438710;2871235896438710;2871235896438710;2871235896438710;2871235896438710;2871235896438710;2871235896438710;2871235896438710;2871235896438710;2871235896438710;2871235896438710;2871235896438710;2871235896438710;2871235896438710;2871235896438710;2871235896438710;27560759527565900;24039932642034200;24039932642034200;24039932642034200;2125716383480150;2125716383480150;2125716383480150;2125716383480150;2125716383480150;2125716383480150;2125716383480150;2125716383480150;2125716383480150;2125716383480150;2125716383480150;2125716383480150;2125716383480150;2125716383480150;2125716383480150;2125716383480150;2125716383480150;2125716383480150
18000.0;IN;NA;NA;NA;NA;NA;NA;NA;NA;NA;NA;NA;NA;NA;NA;NA;NA;NA;NA;NA;NA;24482294026336100;24482294026336100;24482294026336100;24482294026336100;24482294026336100;24482294026336100;24482294026336100;24482294026336100;24482294026336100;24482294026336100;24482294026336100;24482294026336100;24482294026336100;24482294026336100;24482294026336100;24482294026336100;24482294026336100;24482294026336100;24482294026336100;23879958524510800;23879958524510800;23879958524510800;23879958524510800;220998446561024;220998446561024;21223210207864400;21223210207864400;21223210207864400;21223210207864400;21223210207864400;18162922634544000;18162922634544000;18162922634544000;18162922634544000;18162922634544000;18162922634544000;18162922634544000;18162922634544000;18162922634544000;18162922634544000;18162922634544000;18162922634544000;18162922634544000;18162922634544000;18162922634544000
19000.0;IA;NA;NA;NA;NA;NA;NA;NA;NA;NA;NA;NA;NA;NA;NA;NA;NA;NA;NA;NA;NA;NA;NA;NA;NA;NA;NA;NA;NA;NA;NA;NA;NA;NA;NA;NA;NA;NA;NA;NA;NA;NA;NA;NA;NA;NA;NA;NA;NA;NA;NA;NA;NA;NA;NA;NA;NA;NA;NA;NA;NA;NA;NA;NA;NA;NA
20000.0;KS;NA;NA;NA;NA;NA;NA;NA;NA;NA;NA;NA;NA;NA;NA;NA;NA;NA;NA;NA;NA;NA;NA;NA;NA;NA;NA;NA;NA;2175390746161420;2175390746161420;2175390746161420;2175390746161420;2175390746161420;2175390746161420;2175390746161420;2175390746161420;2175390746161420;2175390746161420;2175390746161420;2175390746161420;2175390746161420;2175390746161420;2175390746161420;2175390746161420;20904737950106200;20904737950106200;20904737950106200;20904737950106200;20904737950106200;20904737950106200;19367721868804400;19367721868804400;19367721868804400;19367721868804400;19367721868804400;19367721868804400;16190670590522500;16190670590522500;16190670590522500;16190670590522500;16190670590522500;16190670590522500;16190670590522500;16190670590522500;16190670590522500
21000.0;KY;NA;NA;NA;NA;NA;NA;NA;NA;NA;NA;NA;NA;NA;NA;NA;NA;NA;NA;NA;NA;NA;NA;NA;NA;NA;NA;NA;NA;NA;NA;NA;NA;NA;NA;NA;NA;NA;NA;NA;NA;NA;NA;NA;NA;NA;NA;NA;NA;NA;NA;NA;NA;NA;NA;NA;NA;NA;NA;NA;NA;NA;NA;NA;NA;NA
22000.0;LA;NA;NA;NA;NA;NA;NA;NA;NA;NA;NA;NA;NA;NA;NA;NA;273658356861346;273658356861346;273658356861346;273658356861346;273658356861346;273658356861346;273658356861346;273658356861346;273658356861346;273658356861346;273658356861346;273658356861346;273658356861346;273658356861346;273658356861346;273658356861346;273658356861346;273658356861346;273658356861346;273658356861346;273658356861346;273658356861346;273658356861346;273658356861346;273658356861346;273658356861346;273658356861346;262643749991671;22882890951447600;22882890951447600;22882890951447600;22882890951447600;22882890951447600;22882890951447600;2030403938872990;2030403938872990;2030403938872990;2030403938872990;2030403938872990;2030403938872990;2030403938872990;2030403938872990;2030403938872990;2030403938872990;2030403938872990;2030403938872990;2030403938872990;2030403938872990;2030403938872990;2030403938872990
23000.0;ME;NA;NA;NA;NA;NA;NA;NA;NA;NA;NA;NA;NA;NA;NA;NA;NA;NA;NA;NA;NA;NA;NA;NA;NA;NA;NA;NA;NA;NA;NA;NA;NA;NA;NA;NA;NA;NA;NA;NA;NA;NA;NA;NA;NA;NA;NA;NA;NA;NA;NA;NA;NA;NA;NA;NA;NA;NA;NA;NA;NA;NA;NA;NA;NA;NA
24000.0;MD;NA;NA;NA;NA;NA;NA;NA;NA;NA;NA;NA;NA;NA;NA;NA;NA;NA;NA;NA;NA;NA;NA;NA;NA;NA;NA;2869516045807850;2869516045807850;2869516045807850;2869516045807850;2869516045807850;2869516045807850;2869516045807850;2869516045807850;2869516045807850;2869516045807850;2869516045807850;2869516045807850;2869516045807850;27966170884961500;27966170884961500;27966170884961500;24057220433276500;24057220433276500;24057220433276500;24057220433276500;24057220433276500;24057220433276500;24057220433276500;24057220433276500;24057220433276500;24057220433276500;24057220433276500;24057220433276500;24057220433276500;24057220433276500;21323109070343800;21323109070343800;21323109070343800;21323109070343800;21323109070343800;21323109070343800;21323109070343800;21323109070343800;21323109070343800
25000.0;MA;NA;NA;NA;NA;NA;NA;NA;NA;NA;NA;NA;NA;NA;NA;NA;NA;NA;NA;NA;NA;NA;NA;27545981228134300;27545981228134300;27545981228134300;27545981228134300;27545981228134300;27545981228134300;27545981228134300;27545981228134300;27545981228134300;27545981228134300;27545981228134300;27545981228134300;27545981228134300;27545981228134300;27545981228134300;27545981228134300;27545981228134300;27545981228134300;27545981228134300;27545981228134300;27545981228134300;2303328671727590;2303328671727590;2303328671727590;2303328671727590;2303328671727590;2303328671727590;2303328671727590;20403733522108000;20403733522108000;20403733522108000;20403733522108000;20403733522108000;20403733522108000;20403733522108000;20403733522108000;20403733522108000;20403733522108000;20403733522108000;20403733522108000;20403733522108000;20403733522108000;20403733522108000
26000.0;MI;NA;NA;NA;NA;NA;NA;NA;NA;NA;NA;NA;NA;NA;NA;NA;NA;NA;NA;NA;30664992131008500;30664992131008500;30664992131008500;30664992131008500;30664992131008500;30664992131008500;30664992131008500;30664992131008500;30664992131008500;30664992131008500;30664992131008500;30664992131008500;30664992131008500;30664992131008500;30664992131008500;30664992131008500;30664992131008500;30664992131008500;30664992131008500;30664992131008500;30664992131008500;30664992131008500;30664992131008500;2724684048907460;2724684048907460;2724684048907460;2724684048907460;2724684048907460;2724684048907460;2724684048907460;2724684048907460;2269295616802590;2269295616802590;2269295616802590;2269295616802590;2269295616802590;2269295616802590;2269295616802590;2269295616802590;2269295616802590;2269295616802590;2269295616802590;2269295616802590;2269295616802590;2269295616802590;2269295616802590
27000.0;MN;NA;NA;NA;NA;NA;NA;NA;NA;NA;NA;NA;NA;NA;NA;NA;NA;NA;NA;NA;NA;NA;NA;NA;NA;NA;NA;NA;NA;NA;NA;NA;NA;NA;NA;NA;NA;NA;NA;NA;NA;NA;NA;NA;NA;NA;NA;NA;NA;NA;NA;NA;NA;NA;NA;NA;NA;NA;NA;NA;NA;NA;NA;NA;NA;NA
28000.0;MS;NA;NA;NA;NA;NA;NA;NA;NA;NA;NA;NA;NA;NA;NA;NA;NA;NA;NA;NA;NA;NA;NA;NA;NA;2402292491392010;2402292491392010;2402292491392010;2402292491392010;2402292491392010;2402292491392010;2402292491392010;2402292491392010;2402292491392010;2402292491392010;2402292491392010;2402292491392010;2402292491392010;2402292491392010;2402292491392010;2402292491392010;2402292491392010;2402292491392010;2402292491392010;2402292491392010;2402292491392010;2402292491392010;23055798025445500;23055798025445500;23055798025445500;23055798025445500;23055798025445500;20111102107946700;20111102107946700;20111102107946700;20111102107946700;20111102107946700;20111102107946700;17852376957754100;17852376957754100;17852376957754100;17852376957754100;17852376957754100;17852376957754100;17852376957754100;17852376957754100
29000.0;MO;NA;NA;NA;NA;NA;NA;NA;NA;NA;NA;NA;NA;NA;NA;NA;NA;NA;NA;NA;NA;NA;NA;NA;NA;2427876383432900;2427876383432900;2427876383432900;2427876383432900;2427876383432900;2427876383432900;2427876383432900;2427876383432900;2427876383432900;2427876383432900;2427876383432900;2427876383432900;2427876383432900;2427876383432900;2427876383432900;2427876383432900;2427876383432900;2427876383432900;2427876383432900;2427876383432900;2427876383432900;23321942167697500;23321942167697500;212310425307203;212310425307203;212310425307203;212310425307203;212310425307203;18769546692884300;18769546692884300;18769546692884300;18769546692884300;18769546692884300;18769546692884300;18769546692884300;18769546692884300;18769546692884300;18769546692884300;18769546692884300;18769546692884300;18769546692884300
30000.0;MT;NA;NA;NA;NA;NA;NA;NA;NA;NA;NA;NA;NA;NA;NA;NA;NA;NA;NA;NA;NA;NA;NA;NA;NA;NA;NA;NA;NA;NA;NA;NA;NA;NA;NA;NA;NA;NA;NA;NA;NA;NA;NA;NA;NA;NA;NA;NA;NA;NA;NA;NA;NA;NA;NA;NA;NA;NA;NA;NA;NA;NA;NA;NA;NA;NA
31000.0;NE;NA;NA;NA;NA;NA;NA;NA;NA;NA;NA;NA;NA;NA;NA;NA;NA;NA;NA;NA;NA;NA;NA;NA;NA;NA;NA;NA;NA;NA;NA;NA;NA;NA;NA;NA;NA;NA;NA;NA;NA;NA;NA;NA;NA;NA;NA;NA;NA;NA;NA;NA;NA;NA;NA;NA;NA;NA;NA;NA;NA;NA;NA;NA;NA;NA
32000.0;NV;NA;NA;NA;NA;NA;NA;NA;NA;NA;NA;NA;NA;NA;NA;NA;NA;NA;NA;NA;NA;NA;NA;NA;NA;NA;NA;NA;NA;NA;NA;NA;NA;NA;NA;NA;NA;NA;NA;NA;NA;NA;NA;NA;NA;NA;NA;NA;NA;NA;NA;NA;NA;NA;NA;NA;NA;NA;NA;NA;NA;NA;NA;NA;NA;NA
33000.0;NH;NA;NA;NA;NA;NA;NA;NA;NA;NA;NA;NA;NA;NA;NA;NA;NA;NA;NA;NA;NA;NA;NA;NA;NA;NA;NA;NA;NA;NA;NA;NA;NA;NA;NA;23304988001861400;23304988001861400;23304988001861400;23304988001861400;23304988001861400;23304988001861400;23304988001861400;23304988001861400;21626848542643300;21626848542643300;21626848542643300;21626848542643300;21626848542643300;21626848542643300;21626848542643300;21626848542643300;20382316987953900;20382316987953900;20382316987953900;17989723299794900;17989723299794900;17989723299794900;17989723299794900;17989723299794900;17989723299794900;17989723299794900;17989723299794900;17989723299794900;17989723299794900;17989723299794900;17989723299794900
34000.0;NJ;NA;NA;NA;NA;NA;NA;NA;NA;NA;NA;NA;NA;NA;NA;NA;NA;NA;37537106607601800;37537106607601800;37537106607601800;37537106607601800;37537106607601800;37537106607601800;37537106607601800;37537106607601800;37537106607601800;37537106607601800;37537106607601800;37537106607601800;37537106607601800;37537106607601800;37537106607601800;37537106607601800;37537106607601800;37537106607601800;37537106607601800;37537106607601800;37537106607601800;37537106607601800;37537106607601800;37537106607601800;37537106607601800;32723140677303900;32723140677303900;31388835868402400;31388835868402400;31388835868402400;27730080424319800;27730080424319800;27730080424319800;27730080424319800;27730080424319800;27730080424319800;27730080424319800;27730080424319800;27730080424319800;27730080424319800;27730080424319800;27730080424319800;27730080424319800;27730080424319800;27730080424319800;27730080424319800;27730080424319800;27730080424319800
35000.0;NM;NA;NA;NA;NA;NA;NA;NA;NA;NA;NA;NA;NA;NA;NA;NA;NA;NA;NA;NA;NA;NA;NA;NA;NA;NA;NA;NA;NA;NA;NA;NA;NA;NA;NA;NA;NA;NA;NA;NA;NA;NA;NA;NA;NA;NA;NA;NA;NA;NA;NA;NA;NA;NA;NA;NA;NA;NA;NA;NA;NA;NA;NA;NA;NA;NA
36000.0;NY;NA;NA;NA;NA;NA;NA;NA;NA;NA;NA;NA;NA;3752442188036480;3752442188036480;3752442188036480;3752442188036480;3752442188036480;3752442188036480;3752442188036480;3752442188036480;3752442188036480;3752442188036480;3752442188036480;3752442188036480;3752442188036480;3752442188036480;3752442188036480;3752442188036480;3752442188036480;3752442188036480;3752442188036480;3752442188036480;3752442188036480;3752442188036480;3752442188036480;3752442188036480;3752442188036480;3752442188036480;3752442188036480;3656426283890180;3656426283890180;3656426283890180;32723431883615900;32723431883615900;3137764369012840;3137764369012840;3137764369012840;3137764369012840;27746445294227100;27746445294227100;27746445294227100;27746445294227100;27746445294227100;27746445294227100;27746445294227100;27746445294227100;27746445294227100;27746445294227100;27746445294227100;27746445294227100;27746445294227100;27746445294227100;27746445294227100;27746445294227100;27746445294227100
37000.0;NC;NA;NA;NA;NA;NA;NA;NA;NA;NA;NA;NA;NA;NA;NA;NA;NA;NA;NA;NA;NA;NA;NA;NA;NA;NA;NA;NA;25060218675475800;25060218675475800;25060218675475800;25060218675475800;25060218675475800;25060218675475800;25060218675475800;25060218675475800;25060218675475800;25060218675475800;25060218675475800;244205440440131;244205440440131;244205440440131;244205440440131;23455856287031700;22664619875840200;22664619875840200;22664619875840200;22664619875840200;22664619875840200;22664619875840200;2100958717829690;2100958717829690;2100958717829690;2100958717829690;2100958717829690;2100958717829690;2100958717829690;185564525294482;185564525294482;185564525294482;185564525294482;185564525294482;185564525294482;185564525294482;185564525294482;185564525294482
38000.0;ND;NA;NA;NA;NA;NA;NA;NA;NA;NA;NA;NA;NA;NA;NA;NA;NA;NA;NA;NA;NA;NA;NA;NA;NA;NA;NA;NA;NA;NA;NA;NA;NA;NA;NA;NA;NA;NA;NA;NA;NA;NA;NA;NA;NA;NA;NA;NA;NA;NA;NA;NA;NA;NA;NA;NA;NA;NA;NA;NA;NA;NA;NA;NA;NA;NA
39000.0;OH;NA;NA;NA;NA;NA;NA;NA;NA;NA;NA;NA;NA;NA;NA;NA;NA;NA;NA;NA;NA;NA;2649527547157020;2649527547157020;2649527547157020;2649527547157020;2649527547157020;2649527547157020;2649527547157020;2649527547157020;2649527547157020;2649527547157020;2649527547157020;2649527547157020;2649527547157020;2649527547157020;2649527547157020;2649527547157020;2649527547157020;2649527547157020;2649527547157020;2649527547157020;24109642518275;24109642518275;23146847602453100;23146847602453100;23146847602453100;23146847602453100;23146847602453100;22207941821115900;19575101812553500;19575101812553500;19575101812553500;19575101812553500;19575101812553500;19575101812553500;19575101812553500;19575101812553500;19575101812553500;19575101812553500;19575101812553500;19575101812553500;19575101812553500;19575101812553500;19575101812553500;19575101812553500
40000.0;OK;NA;NA;NA;NA;NA;NA;NA;NA;NA;NA;NA;NA;NA;NA;NA;NA;NA;NA;NA;NA;NA;NA;NA;NA;NA;NA;NA;NA;NA;NA;NA;NA;NA;NA;NA;NA;NA;NA;NA;NA;NA;NA;NA;NA;NA;NA;NA;NA;NA;NA;NA;NA;NA;NA;NA;NA;NA;NA;NA;NA;NA;NA;NA;NA;NA
41000.0;OR;NA;NA;NA;NA;NA;NA;NA;NA;NA;NA;NA;NA;NA;NA;NA;NA;NA;NA;NA;NA;NA;NA;NA;NA;NA;NA;NA;NA;NA;NA;NA;NA;NA;NA;NA;NA;NA;NA;NA;NA;NA;NA;NA;NA;NA;NA;NA;NA;NA;NA;NA;NA;NA;NA;NA;NA;NA;NA;NA;NA;NA;NA;NA;NA;NA
42000.0;PA;NA;NA;NA;NA;NA;NA;NA;NA;NA;NA;NA;NA;NA;NA;NA;NA;NA;NA;NA;NA;NA;2630395533864660;2630395533864660;2630395533864660;2630395533864660;2630395533864660;2630395533864660;2630395533864660;2630395533864660;2630395533864660;2630395533864660;2630395533864660;2630395533864660;2630395533864660;2630395533864660;2630395533864660;2630395533864660;2630395533864660;2630395533864660;2630395533864660;2630395533864660;2630395533864660;2527215510858470;2339610008930720;2339610008930720;2339610008930720;2339610008930720;2339610008930720;2339610008930720;2205178333774500;2205178333774500;2205178333774500;2205178333774500;2205178333774500;19535906917915800;19535906917915800;19535906917915800;19535906917915800;19535906917915800;19535906917915800;19535906917915800;19535906917915800;19535906917915800;19535906917915800;19535906917915800
44000.0;RI;NA;NA;NA;NA;NA;NA;NA;NA;NA;NA;NA;NA;NA;NA;NA;NA;NA;NA;NA;NA;NA;NA;NA;NA;NA;NA;NA;NA;NA;NA;NA;NA;NA;NA;NA;NA;NA;NA;NA;NA;NA;NA;NA;NA;NA;NA;NA;NA;NA;NA;NA;NA;NA;NA;NA;NA;NA;NA;NA;NA;NA;NA;NA;NA;NA
45000.0;SC;NA;NA;NA;NA;NA;NA;NA;NA;NA;NA;NA;NA;NA;NA;NA;NA;NA;NA;NA;NA;NA;NA;NA;20162191126840300;20162191126840300;20162191126840300;20162191126840300;20162191126840300;20162191126840300;20162191126840300;20162191126840300;20162191126840300;20162191126840300;20162191126840300;20162191126840300;20162191126840300;20162191126840300;20162191126840300;20162191126840300;20162191126840300;20162191126840300;20162191126840300;19350547250019500;19350547250019500;17590565519222100;17590565519222100;17590565519222100;17590565519222100;17590565519222100;17590565519222100;17590565519222100;17590565519222100;17590565519222100;17590565519222100;17590565519222100;17590565519222100;17590565519222100;17590565519222100;17590565519222100;17590565519222100;17590565519222100;17590565519222100;17590565519222100;17590565519222100;17590565519222100
46000.0;SD;NA;NA;NA;NA;NA;NA;NA;NA;NA;NA;NA;NA;NA;NA;NA;NA;NA;NA;NA;NA;NA;NA;NA;NA;NA;NA;NA;NA;NA;NA;NA;NA;NA;NA;NA;NA;NA;NA;NA;NA;NA;NA;NA;NA;NA;NA;NA;NA;NA;NA;NA;NA;NA;NA;NA;NA;NA;NA;NA;NA;NA;NA;NA;NA;NA
47000.0;TN;NA;NA;NA;NA;NA;NA;NA;NA;NA;NA;NA;NA;NA;NA;NA;NA;NA;NA;NA;NA;NA;NA;NA;NA;NA;NA;2525587163058060;2525587163058060;2525587163058060;2525587163058060;2525587163058060;2525587163058060;2525587163058060;2525587163058060;2525587163058060;2525587163058060;2525587163058060;2525587163058060;2525587163058060;2525587163058060;2525587163058060;2525587163058060;2525587163058060;2525587163058060;2525587163058060;2525587163058060;24241065415030500;24241065415030500;24241065415030500;22446481316537100;22446481316537100;21151979626584200;21151979626584200;21151979626584200;21151979626584200;21151979626584200;21151979626584200;18719357822324500;18719357822324500;18719357822324500;18719357822324500;18719357822324500;18719357822324500;18719357822324500;18719357822324500
48000.0;TX;NA;NA;NA;NA;NA;NA;NA;NA;NA;NA;NA;NA;NA;NA;NA;NA;NA;NA;NA;NA;26663584632111800;26663584632111800;26663584632111800;26663584632111800;26663584632111800;26663584632111800;26663584632111800;26663584632111800;26663584632111800;26663584632111800;26663584632111800;26663584632111800;26663584632111800;26663584632111800;26663584632111800;26663584632111800;26663584632111800;26663584632111800;26663584632111800;26663584632111800;2597823316108770;2597823316108770;2597823316108770;2597823316108770;2597823316108770;2406766624003690;2406766624003690;23266190597509000;23266190597509000;22326324178891000;19708532276158200;19708532276158200;19708532276158200;19708532276158200;19708532276158200;19708532276158200;19708532276158200;19708532276158200;19708532276158200;19708532276158200;19708532276158200;19708532276158200;19708532276158200;19708532276158200;19708532276158200
49000.0;UT;NA;NA;NA;NA;NA;NA;NA;NA;NA;NA;NA;NA;NA;NA;NA;NA;NA;NA;NA;NA;NA;NA;NA;NA;NA;NA;NA;NA;NA;NA;NA;NA;NA;NA;NA;NA;NA;NA;NA;NA;NA;NA;NA;NA;NA;NA;NA;NA;NA;NA;NA;NA;NA;NA;NA;NA;NA;NA;NA;NA;NA;NA;NA;NA;NA
50000.0;VT;NA;NA;NA;NA;NA;NA;NA;NA;NA;NA;NA;NA;NA;NA;NA;NA;NA;NA;NA;NA;NA;NA;NA;NA;NA;NA;NA;NA;NA;NA;NA;NA;NA;NA;NA;NA;NA;NA;NA;NA;NA;NA;NA;NA;NA;NA;NA;NA;NA;NA;NA;NA;NA;NA;NA;NA;NA;NA;NA;NA;NA;NA;NA;NA;NA
51000.0;VA;NA;NA;NA;NA;NA;NA;NA;NA;NA;NA;NA;NA;NA;NA;NA;NA;NA;NA;NA;NA;NA;NA;15066074474122000;15066074474122000;15066074474122000;15066074474122000;15066074474122000;15066074474122000;15066074474122000;15066074474122000;15066074474122000;15066074474122000;15066074474122000;15066074474122000;15066074474122000;15066074474122000;15066074474122000;15066074474122000;15066074474122000;15066074474122000;15066074474122000;15066074474122000;13868892884497400;13868892884497400;13868892884497400;13868892884497400;13868892884497400;13868892884497400;13868892884497400;13399814012484400;12662978990669600;12662978990669600;12662978990669600;12662978990669600;12662978990669600;12662978990669600;1136480490851510;1136480490851510;1136480490851510;1136480490851510;1136480490851510;1136480490851510;1136480490851510;1136480490851510;1136480490851510
53000.0;WA;18318394193944500;18318394193944500;18318394193944500;18318394193944500;18318394193944500;18318394193944500;18318394193944500;18318394193944500;18318394193944500;18318394193944500;18318394193944500;18318394193944500;18318394193944500;18318394193944500;18318394193944500;18318394193944500;18318394193944500;18318394193944500;18318394193944500;18318394193944500;18318394193944500;18318394193944500;18318394193944500;18318394193944500;18318394193944500;18318394193944500;18318394193944500;18318394193944500;18318394193944500;18318394193944500;18318394193944500;18318394193944500;18318394193944500;18318394193944500;18318394193944500;18318394193944500;18318394193944500;17855147188153100;17855147188153100;17855147188153100;17855147188153100;17855147188153100;17855147188153100;15882747945447300;15882747945447300;15882747945447300;15882747945447300;15882747945447300;15882747945447300;13617740117396100;13617740117396100;13617740117396100;13617740117396100;13617740117396100;13617740117396100;13617740117396100;13617740117396100;13617740117396100;13617740117396100;13617740117396100;13617740117396100;13617740117396100;13617740117396100;13617740117396100;13617740117396100
54000.0;WV;NA;NA;NA;NA;NA;NA;NA;NA;NA;NA;NA;NA;NA;NA;NA;NA;NA;NA;NA;NA;NA;NA;NA;NA;NA;NA;NA;NA;NA;NA;NA;NA;NA;NA;NA;NA;NA;NA;NA;NA;NA;NA;NA;NA;NA;NA;NA;NA;NA;NA;NA;NA;NA;NA;NA;NA;NA;NA;NA;NA;NA;NA;NA;NA;NA
55000.0;WI;NA;NA;NA;NA;NA;NA;NA;NA;NA;NA;NA;NA;NA;NA;NA;NA;NA;NA;NA;NA;NA;NA;25790602359814100;25790602359814100;25790602359814100;25790602359814100;25790602359814100;25790602359814100;25790602359814100;25790602359814100;25790602359814100;25790602359814100;25790602359814100;25790602359814100;25790602359814100;25790602359814100;25790602359814100;25790602359814100;25790602359814100;25790602359814100;25790602359814100;25790602359814100;25790602359814100;22498416931969400;21597979139919700;21597979139919700;21597979139919700;21597979139919700;21597979139919700;21597979139919700;21597979139919700;19098667402766300;19098667402766300;19098667402766300;19098667402766300;19098667402766300;19098667402766300;19098667402766300;19098667402766300;19098667402766300;19098667402766300;19098667402766300;19098667402766300;19098667402766300;19098667402766300
56000.0;WY;NA;NA;NA;NA;NA;NA;NA;NA;NA;NA;NA;NA;NA;NA;NA;NA;NA;NA;NA;NA;NA;NA;NA;NA;NA;NA;NA;NA;NA;NA;NA;NA;NA;NA;NA;NA;NA;NA;NA;NA;NA;NA;NA;NA;NA;NA;NA;NA;NA;NA;NA;NA;NA;NA;NA;NA;NA;NA;NA;NA;NA;NA;NA;NA;NA
72000.0;PR;NA;NA;NA;NA;NA;NA;NA;NA;NA;NA;NA;NA;NA;NA;NA;NA;NA;NA;NA;NA;NA;NA;NA;NA;NA;NA;NA;NA;NA;NA;NA;NA;NA;NA;NA;NA;NA;NA;NA;NA;NA;NA;NA;NA;NA;NA;NA;NA;NA;NA;NA;NA;NA;NA;NA;NA;NA;NA;NA;NA;NA;NA;NA;NA;NA
