,FIPS,STATE,AREA_NAME,stay at home,>50 gatherings,>500 gatherings,public schools,restaurant dine-in,entertainment/gym,federal guidelines,foreign travel ban,required_masks,stay at home rollback,>50 gatherings rollback,>500 gatherings rollback,restaurant dine-in rollback,entertainment/gym rollback
0,01000_0,AL,"Alabama Super-county, Cluster 1",737519,737504,737497,737500,737503,737512,737500,737495,737621,737545,740000,740000,737556,737556
1,01000_4,AL,"Alabama Super-county, Cluster 5",737519,737504,737497,737500,737503,737512,737500,737495,737621,737545,740000,740000,737556,737556
2,01073,AL,jefferson county,737510,737504,737497,737500,737503,737512,737500,737495,737621,737545,740000,740000,737556,737556
3,01097,AL,mobile county,737519,737504,737497,737500,737503,737512,737500,737495,737621,737545,740000,740000,737556,737556
4,01101,AL,montgomery county,737519,737504,737497,737500,737503,737512,737500,737495,737621,737545,740000,740000,737556,737556
5,01123,AL,tallapoosa county,737519,737504,737497,737500,737503,737512,737500,737495,737621,737545,740000,740000,737556,737556
6,01125,AL,tuscaloosa county,737519,737504,737497,737500,737503,737512,737500,737495,737621,737545,740000,740000,737556,737556
7,01127,AL,walker county,737519,737504,737497,737500,737503,737512,737500,737495,737621,737545,740000,740000,737556,737556
8,04001,AZ,apache county,737515,737501,737501,737500,737503,737503,737500,737495,740000,737560,737577,737577,740000,740000
9,04003,AZ,cochise county,737515,737501,737501,737500,737503,737503,737500,737495,740000,737560,737577,737577,740000,740000
10,04005,AZ,coconino county,737515,737501,737501,737500,737503,737503,737500,737495,740000,737560,737577,737577,740000,740000
11,04013,AZ,maricopa county,737515,737501,737501,737500,737503,737503,737500,737495,740000,737560,737577,737577,740000,740000
12,04015,AZ,mohave county,737515,737501,737501,737500,737503,737503,737500,737495,740000,737560,737577,737577,740000,740000
13,04017,AZ,navajo county,737515,737501,737501,737500,737503,737503,737500,737495,740000,737560,737577,737577,740000,740000
14,04019,AZ,pima county,737515,737501,737501,737500,737503,737503,737500,737495,740000,737560,737577,737577,740000,740000
15,04021,AZ,pinal county,737515,737501,737501,737500,737503,737503,737500,737495,740000,737560,737577,737577,740000,740000
16,04023,AZ,santa cruz county,737515,737501,737501,737500,737503,737503,737500,737495,740000,737560,737577,737577,740000,740000
17,04025,AZ,yavapai county,737515,737501,737501,737500,737503,737503,737500,737495,740000,737560,737577,737577,740000,740000
18,04027,AZ,yuma county,737515,737501,737501,737500,737503,737503,737500,737495,740000,737560,737577,737577,740000,740000
19,05000_0,AR,"Arkansas Super-county, Cluster 1",740000,737510,737510,737501,737503,737503,737500,737495,737626,740000,740000,740000,737549,737556
20,05000_1,AR,"Arkansas Super-county, Cluster 2",740000,737510,737510,737501,737503,737503,737500,737495,737626,740000,740000,740000,737549,737556
21,05000_4,AR,"Arkansas Super-county, Cluster 5",740000,737510,737510,737501,737503,737503,737500,737495,737626,740000,740000,740000,737549,737556
22,05119,AR,pulaski county,740000,737510,737510,737501,737503,737503,737500,737495,737626,740000,740000,740000,737549,737556
23,06001,CA,alameda county,737503,737503,737503,737503,737499,737499,737500,737495,737594,737554,740000,740000,737594,737554
24,06000_1,CA,"California Super-county, Cluster 2",737503,737503,737503,737503,737499,737499,737500,737495,737594,737558,737558,740000,737558,737558
25,06000_2,CA,"California Super-county, Cluster 3",737503,737503,737503,737503,737499,737499,737500,737495,737594,737558,737558,740000,737558,737558
26,06013,CA,contra costa county,737503,737503,737503,737503,737499,737499,737500,737495,737594,737554,740000,740000,737554,737554
27,06019,CA,fresno county,737503,737503,737503,737503,737499,737499,737500,737495,737594,737558,737558,740000,737558,737558
28,06025,CA,imperial county,737503,737503,737503,737503,737499,737499,737500,737495,737594,737554,740000,740000,737554,737554
29,06029,CA,kern county,737503,737503,737503,737503,737499,737499,737500,737495,737594,737558,737558,740000,737558,737558
30,06031,CA,kings county,737503,737503,737503,737503,737499,737499,737500,737495,737594,737558,737558,740000,737558,737558
31,06037,CA,los angeles county,737503,737503,737503,737503,737499,737499,737500,737495,737594,737554,740000,740000,737594,737594
32,06041,CA,marin county,737503,737503,737503,737503,737499,737499,737500,737495,737594,737554,740000,740000,737554,737554
33,06047,CA,merced county,737503,737503,737503,737503,737499,737499,737500,737495,737594,737558,737558,740000,737558,737558
34,06059,CA,orange county,737503,737503,737503,737503,737499,737499,737500,737495,737594,737558,737558,740000,737558,737558
35,06065,CA,riverside county,737503,737503,737503,737503,737499,737499,737500,737495,737594,737558,737558,740000,737558,737558
36,06067,CA,sacramento county,737503,737503,737503,737503,737499,737499,737500,737495,737594,737558,737558,740000,737558,737558
37,06071,CA,san bernardino county,737503,737503,737503,737503,737499,737499,737500,737495,737594,737558,737558,740000,737558,737558
38,06073,CA,san diego county,737503,737503,737503,737503,737499,737499,737500,737495,737594,737558,737558,740000,737558,737558
39,06075,CA,san francisco county,737501,737503,737503,737503,737499,737499,737500,737495,737594,737588,740000,740000,737588,737554
40,06077,CA,san joaquin county,737503,737503,737503,737503,737499,737499,737500,737495,737594,737558,737558,740000,737558,737558
41,06081,CA,san mateo county,737503,737503,737503,737503,737499,737499,737500,737495,737594,737558,737593,740000,737593,737593
42,06083,CA,santa barbara county,737503,737503,737503,737503,737499,737499,737500,737495,737594,737558,737558,740000,737558,737558
43,06085,CA,santa clara county,737503,737503,737503,737503,737499,737499,737500,737495,737594,737554,740000,740000,737554,737554
44,06099,CA,stanislaus county,737503,737503,737503,737503,737499,737499,737500,737495,737594,737558,737558,740000,737558,737558
45,06107,CA,tulare county,737503,737503,737503,737503,737499,737499,737500,737495,737594,737563,737563,740000,737563,737563
46,06111,CA,ventura county,737503,737503,737503,737503,737499,737499,737500,737495,737594,737558,737558,740000,737558,737558
47,06113,CA,yolo county,737503,737503,737503,737503,737499,737499,737500,737495,737594,737558,737558,740000,737558,737558
48,08001,CO,adams county,737508,737508,737497,737507,737504,737501,737500,737495,737623,737541,740000,740000,737553,737553
49,08000_0,CO,"Colorado Super-county, Cluster 1",737510,737508,737497,737507,737504,737501,737500,737495,737623,737541,740000,740000,737553,737553
50,08005,CO,arapahoe county,737508,737508,737497,737507,737504,737501,737500,737495,737623,737541,740000,740000,737553,737553
51,08013,CO,boulder county,737508,737508,737497,737507,737504,737501,737500,737495,737623,737541,740000,740000,737553,737553
52,08000_2,CO,"Colorado Super-county, Cluster 3",737510,737508,737497,737507,737504,737501,737500,737495,737623,737541,740000,740000,737553,737553
53,08031,CO,denver county,737508,737508,737497,737507,737504,737501,737500,737495,737623,737541,740000,740000,737553,737553
54,08035,CO,douglas county,737508,737508,737497,737507,737504,737501,737500,737495,737623,737541,740000,740000,737553,737553
55,08041,CO,el paso county,737510,737508,737497,737507,737504,737501,737500,737495,737623,737541,740000,740000,737553,737553
56,08059,CO,jefferson county,737508,737508,737497,737507,737504,737501,737500,737495,737623,737541,740000,740000,737553,737553
57,08000_1,CO,"Colorado Super-county, Cluster 2",737510,737508,737497,737507,737504,737501,737500,737495,737623,737541,740000,740000,737553,737553
58,08123,CO,weld county,737510,737508,737497,737507,737504,737501,737500,737495,737623,737541,740000,740000,737553,737553
59,09001,CT,fairfield county,737507,737507,737507,737501,737500,737500,737500,737495,737535,737565,740000,740000,737593,737593
60,09003,CT,hartford county,737507,737507,737507,737501,737500,737500,737500,737495,737535,737565,740000,740000,737593,737593
61,09005,CT,litchfield county,737507,737507,737507,737501,737500,737500,737500,737495,737535,737565,740000,740000,737593,737593
62,09007,CT,middlesex county,737507,737507,737507,737501,737500,737500,737500,737495,737535,737565,740000,740000,737593,737593
63,09009,CT,new haven county,737507,737507,737507,737501,737500,737500,737500,737495,737535,737565,740000,740000,737593,737593
64,09011,CT,new london county,737507,737507,737507,737501,737500,737500,737500,737495,737535,737565,740000,740000,737593,737593
65,09013,CT,tolland county,737507,737507,737507,737501,737500,737500,737500,737495,737535,737565,740000,740000,737593,737593
66,10001,DE,kent county,737508,737508,737508,737500,737496,737496,737500,737495,737543,737563,737581,737581,737591,737591
67,10003,DE,new castle county,737508,737508,737508,737500,737496,737496,737500,737495,737543,737563,737581,737581,737591,737591
68,10005,DE,sussex county,737508,737508,737508,737500,737496,737496,737500,737495,737543,737563,737581,737581,737591,737591
69,11001,DC,district of columbia,737516,737509,737509,737500,737500,737500,737500,737495,737561,737598,740000,740000,737542,737542
70,12000_0,FL,"Florida Super-county, Cluster 1",737518,737501,737501,737500,737504,737504,737500,737495,740000,737594,740000,740000,737594,737594
71,12000_4,FL,"Florida Super-county, Cluster 5",737518,737501,737501,737500,737504,737504,737500,737495,740000,737594,740000,740000,737594,737594
72,12009,FL,brevard county,737518,737501,737501,737500,737504,737504,737500,737495,740000,737594,740000,740000,737594,737594
73,12011,FL,broward county,737511,737501,737501,737500,737504,737504,737500,737495,740000,737594,740000,740000,737594,737594
74,12015,FL,charlotte county,737518,737501,737501,737500,737504,737504,737500,737495,740000,737594,740000,740000,737594,737594
75,12019,FL,clay county,737518,737501,737501,737500,737504,737504,737500,737495,740000,737594,740000,740000,737594,737594
76,12021,FL,collier county,737518,737501,737501,737500,737504,737504,737500,737495,740000,737594,740000,740000,737594,737594
77,12031,FL,duval county,737509,737501,737501,737500,737504,737504,737500,737495,740000,737594,740000,740000,737594,737594
78,12033,FL,escambia county,737518,737501,737501,737500,737504,737504,737500,737495,740000,737594,740000,740000,737594,737594
79,12057,FL,hillsborough county,737511,737501,737501,737500,737504,737504,737500,737495,740000,737594,740000,740000,737594,737594
80,12069,FL,lake county,737518,737501,737501,737500,737504,737504,737500,737495,740000,737594,740000,740000,737594,737594
81,12071,FL,lee county,737518,737501,737501,737500,737504,737504,737500,737495,740000,737594,740000,740000,737594,737594
82,12081,FL,manatee county,737518,737501,737501,737500,737504,737504,737500,737495,740000,737594,740000,740000,737594,737594
83,12083,FL,marion county,737518,737501,737501,737500,737504,737504,737500,737495,740000,737594,740000,740000,737594,737594
84,12085,FL,martin county,737518,737501,737501,737500,737504,737504,737500,737495,740000,737594,740000,740000,737594,737594
85,12086,FL,miami-dade county,737509,737501,737501,737500,737504,737504,737500,737495,740000,737594,740000,740000,737594,737594
86,12095,FL,orange county,737510,737501,737501,737500,737504,737504,737500,737495,740000,737594,740000,740000,737594,737594
87,12097,FL,osceola county,737510,737501,737501,737500,737504,737504,737500,737495,740000,737594,740000,740000,737594,737594
88,12099,FL,palm beach county,737514,737501,737501,737500,737504,737504,737500,737495,740000,737594,740000,740000,737594,737594
89,12101,FL,pasco county,737518,737501,737501,737500,737504,737504,737500,737495,740000,737594,740000,740000,737594,737594
90,12103,FL,pinellas county,737510,737501,737501,737500,737504,737504,737500,737495,740000,737594,740000,740000,737594,737594
91,12105,FL,polk county,737518,737501,737501,737500,737504,737504,737500,737495,740000,737594,740000,740000,737594,737594
92,12111,FL,st. lucie county,737518,737501,737501,737500,737504,737504,737500,737495,740000,737594,740000,740000,737594,737594
93,12115,FL,sarasota county,737518,737501,737501,737500,737504,737504,737500,737495,740000,737594,740000,740000,737594,737594
94,12117,FL,seminole county,737518,737501,737501,737500,737504,737504,737500,737495,740000,737594,740000,740000,737594,737594
95,12127,FL,volusia county,737518,737501,737501,737500,737504,737504,737500,737495,740000,737594,740000,740000,737594,737594
96,13000_0,GA,"Georgia Super-county, Cluster 1",737518,737501,737501,737502,737504,737504,737500,737495,740000,737545,740000,740000,737542,737539
97,13000_1,GA,"Georgia Super-county, Cluster 2",737518,737501,737501,737502,737504,737504,737500,737495,740000,737545,740000,740000,737542,737539
98,13015,GA,bartow county,737518,737501,737501,737502,737504,737504,737500,737495,740000,737545,740000,740000,737542,737539
99,13045,GA,carroll county,737518,737501,737501,737502,737504,737504,737500,737495,740000,737545,740000,740000,737542,737539
100,13051,GA,chatham county,737508,737501,737501,737502,737504,737504,737500,737495,740000,737545,740000,740000,737542,737539
101,13057,GA,cherokee county,737518,737501,737501,737502,737504,737504,737500,737495,740000,737545,740000,740000,737542,737539
102,13063,GA,clayton county,737518,737501,737501,737502,737504,737504,737500,737495,740000,737545,740000,740000,737542,737539
103,13067,GA,cobb county,737518,737501,737501,737502,737504,737504,737500,737495,740000,737545,740000,740000,737542,737539
104,13089,GA,dekalb county,737518,737501,737501,737502,737504,737504,737500,737495,740000,737545,740000,740000,737542,737539
105,13095,GA,dougherty county,737505,737501,737501,737502,737504,737504,737500,737495,740000,737545,740000,740000,737542,737539
106,13097,GA,douglas county,737518,737501,737501,737502,737504,737504,737500,737495,740000,737545,740000,740000,737542,737539
107,13121,GA,fulton county,737508,737501,737501,737502,737504,737504,737500,737495,740000,737545,740000,740000,737542,737539
108,13135,GA,gwinnett county,737518,737501,737501,737502,737504,737504,737500,737495,740000,737545,740000,740000,737542,737539
109,13137,GA,habersham county,737518,737501,737501,737502,737504,737504,737500,737495,740000,737545,740000,740000,737542,737539
110,13139,GA,hall county,737518,737501,737501,737502,737504,737504,737500,737495,740000,737545,740000,740000,737542,737539
111,13153,GA,houston county,737518,737501,737501,737502,737504,737504,737500,737495,740000,737545,740000,740000,737542,737539
112,13215,GA,muscogee county,737518,737501,737501,737502,737504,737504,737500,737495,740000,737545,740000,740000,737542,737539
113,13245,GA,richmond county,737518,737501,737501,737502,737504,737504,737500,737495,740000,737545,740000,740000,737542,737539
114,13261,GA,sumter county,737518,737501,737501,737502,737504,737504,737500,737495,740000,737545,740000,740000,737542,737539
115,13285,GA,troup county,737518,737501,737501,737502,737504,737504,737500,737495,740000,737545,740000,740000,737542,737539
116,16001,ID,ada county,737509,737509,737509,737507,737507,737507,737500,737495,740000,737546,737575,737589,737563,737563
117,16000_0,ID,"Idaho Super-county, Cluster 1",737509,737509,737509,737507,737507,737507,737500,737495,740000,737546,737575,737589,737563,737563
118,17000_4,IL,"Illinois Super-county, Cluster 5",737505,737502,737502,737501,737502,737502,737500,737495,737546,737575,737588,737588,737553,737553
119,17000_0,IL,"Illinois Super-county, Cluster 1",737505,737502,737502,737501,737502,737502,737500,737495,737546,737575,737588,737588,737553,737553
120,17000_1,IL,"Illinois Super-county, Cluster 2",737505,737502,737502,737501,737502,737502,737500,737495,737546,737575,737588,737588,737553,737553
121,17031,IL,cook county,737505,737502,737502,737501,737502,737502,737500,737495,737546,737575,737588,737588,737553,737553
122,17043,IL,dupage county,737505,737502,737502,737501,737502,737502,737500,737495,737546,737575,737588,737588,737553,737553
123,17089,IL,kane county,737505,737502,737502,737501,737502,737502,737500,737495,737546,737575,737588,737588,737553,737553
124,17091,IL,kankakee county,737505,737502,737502,737501,737502,737502,737500,737495,737546,737575,737588,737588,737553,737553
125,17097,IL,lake county,737505,737502,737502,737501,737502,737502,737500,737495,737546,737575,737588,737588,737553,737553
126,17111,IL,mchenry county,737505,737502,737502,737501,737502,737502,737500,737495,737546,737575,737588,737588,737553,737553
127,17119,IL,madison county,737505,737502,737502,737501,737502,737502,737500,737495,737546,737575,737588,737588,737553,737553
128,17163,IL,st. clair county,737505,737502,737502,737501,737502,737502,737500,737495,737546,737575,737588,737588,737553,737553
129,17197,IL,will county,737505,737502,737502,737501,737502,737502,737500,737495,737546,737575,737588,737588,737553,737553
130,17201,IL,winnebago county,737505,737502,737502,737501,737502,737502,737500,737495,737546,737575,737588,737588,737553,737553
131,18000_0,IN,"Indiana Super-county, Cluster 1",737508,737508,737497,737503,737501,737501,737500,737495,740000,737549,737567,737567,740000,740000
132,18003,IN,allen county,737508,737508,737497,737503,737501,737501,737500,737495,740000,737549,737567,737567,740000,740000
133,18000_4,IN,"Indiana Super-county, Cluster 5",737508,737508,737497,737503,737501,737501,737500,737495,740000,737549,737567,737567,740000,740000
134,18035,IN,delaware county,737508,737508,737497,737503,737501,737501,737500,737495,740000,737549,737567,737567,740000,740000
135,18039,IN,elkhart county,737508,737508,737497,737503,737501,737501,737500,737495,740000,737549,737567,737567,740000,740000
136,18000_1,IN,"Indiana Super-county, Cluster 2",737508,737508,737497,737503,737501,737501,737500,737495,740000,737549,737567,737567,740000,740000
137,18057,IN,hamilton county,737508,737508,737497,737503,737501,737501,737500,737495,740000,737549,737567,737567,740000,740000
138,18063,IN,hendricks county,737508,737508,737497,737503,737501,737501,737500,737495,740000,737549,737567,737567,740000,740000
139,18067,IN,howard county,737508,737508,737497,737503,737501,737501,737500,737495,740000,737549,737567,737567,740000,740000
140,18081,IN,johnson county,737508,737508,737497,737503,737501,737501,737500,737495,740000,737549,737567,737567,740000,740000
141,18089,IN,lake county,737508,737508,737497,737503,737501,737501,737500,737495,740000,737549,737567,737567,740000,740000
142,18095,IN,madison county,737508,737508,737497,737503,737501,737501,737500,737495,740000,737549,737567,737567,740000,740000
143,18097,IN,marion county,737508,737508,737497,737503,737501,737501,737500,737495,740000,737549,737567,737567,740000,740000
144,18141,IN,st. joseph county,737508,737508,737497,737503,737501,737501,737500,737495,740000,737549,737567,737567,740000,740000
145,19000_0,IA,"Iowa Super-county, Cluster 1",740000,737517,737517,737517,737501,737501,737500,737495,740000,740000,740000,740000,737560,737560
146,19000_4,IA,"Iowa Super-county, Cluster 5",740000,737517,737517,737517,737501,737501,737500,737495,740000,740000,740000,740000,737560,737560
147,19013,IA,black hawk county,740000,737517,737517,737517,737501,737501,737500,737495,740000,740000,740000,740000,737560,737560
148,19113,IA,linn county,740000,737517,737517,737517,737501,737501,737500,737495,740000,740000,740000,740000,737560,737560
149,19153,IA,polk county,740000,737517,737517,737517,737501,737501,737500,737495,740000,740000,740000,740000,737560,737560
150,19193,IA,woodbury county,740000,737517,737517,737517,737501,737501,737500,737495,740000,740000,740000,740000,737560,737560
151,20091,KS,johnson county,737508,737501,737501,737502,737508,737508,737500,737495,737609,737560,737560,737560,737546,737546
152,20209,KS,wyandotte county,737508,737501,737501,737502,737508,737508,737500,737495,737609,737560,737560,737560,737546,737546
153,21000_0,KY,"Kentucky Super-county, Cluster 1",737510,737510,737510,737500,737500,737502,737500,737495,737556,737576,740000,740000,737546,737546
154,21000_1,KY,"Kentucky Super-county, Cluster 2",737510,737510,737510,737500,737500,737502,737500,737495,737556,737576,740000,740000,737546,737546
155,21000_4,KY,"Kentucky Super-county, Cluster 5",737510,737510,737510,737500,737500,737502,737500,737495,737556,737576,740000,740000,737546,737546
156,21111,KY,jefferson county,737510,737510,737510,737500,737500,737502,737500,737495,737556,737576,740000,740000,737546,737546
157,22001,LA,acadia parish,737507,737501,737501,737500,737501,737501,737500,737495,737619,737560,737586,737586,737560,737560
158,22000_0,LA,"Louisiana Super-county, Cluster 1",737507,737501,737501,737500,737501,737501,737500,737495,737619,737560,737586,737586,737560,737560
159,22005,LA,ascension parish,737507,737501,737501,737500,737501,737501,737500,737495,737619,737560,737586,737586,737560,737560
160,22015,LA,bossier parish,737507,737501,737501,737500,737501,737501,737500,737495,737619,737560,737586,737586,737560,737560
161,22017,LA,caddo parish,737507,737501,737501,737500,737501,737501,737500,737495,737619,737560,737586,737586,737560,737560
162,22019,LA,calcasieu parish,737507,737501,737501,737500,737501,737501,737500,737495,737619,737560,737586,737586,737560,737560
163,22033,LA,east baton rouge parish,737507,737501,737501,737500,737501,737501,737500,737495,737619,737560,737586,737586,737560,737560
164,22045,LA,iberia parish,737507,737501,737501,737500,737501,737501,737500,737495,737619,737560,737586,737586,737560,737560
165,22051,LA,jefferson parish,737507,737501,737501,737500,737501,737501,737500,737495,737619,737560,737586,737586,737560,737560
166,22055,LA,lafayette parish,737507,737501,737501,737500,737501,737501,737500,737495,737619,737560,737586,737586,737560,737560
167,22057,LA,lafourche parish,737507,737501,737501,737500,737501,737501,737500,737495,737619,737560,737586,737586,737560,737560
168,22063,LA,livingston parish,737507,737501,737501,737500,737501,737501,737500,737495,737619,737560,737586,737586,737560,737560
169,22071,LA,orleans parish,737507,737501,737501,737500,737501,737501,737500,737495,737619,737560,737586,737586,737560,737560
170,22073,LA,ouachita parish,737507,737501,737501,737500,737501,737501,737500,737495,737619,737560,737586,737586,737560,737560
171,22000_4,LA,"Louisiana Super-county, Cluster 5",737507,737501,737501,737500,737501,737501,737500,737495,737619,737560,737586,737586,737560,737560
172,22079,LA,rapides parish,737507,737501,737501,737500,737501,737501,737500,737495,737619,737560,737586,737586,737560,737560
173,22089,LA,st. charles parish,737507,737501,737501,737500,737501,737501,737500,737495,737619,737560,737586,737586,737560,737560
174,22095,LA,st. john the baptist parish,737507,737501,737501,737500,737501,737501,737500,737495,737619,737560,737586,737586,737560,737560
175,22097,LA,st. landry parish,737507,737501,737501,737500,737501,737501,737500,737495,737619,737560,737586,737586,737560,737560
176,22103,LA,st. tammany parish,737507,737501,737501,737500,737501,737501,737500,737495,737619,737560,737586,737586,737560,737560
177,22105,LA,tangipahoa parish,737507,737501,737501,737500,737501,737501,737500,737495,737619,737560,737586,737586,737560,737560
178,22109,LA,terrebonne parish,737507,737501,737501,737500,737501,737501,737500,737495,737619,737560,737586,737586,737560,737560
179,22117,LA,washington parish,737507,737501,737501,737500,737501,737501,737500,737495,737619,737560,737586,737586,737560,737560
180,23005,ME,cumberland county,737517,737502,737502,737499,737502,737508,737500,737495,737546,740000,740000,740000,737563,737563
181,24000_4,MD,"Maryland Super-county, Cluster 5",737514,737500,737497,737500,737500,737500,737500,737495,737533,737577,740000,740000,737552,737552
182,24003,MD,anne arundel county,737514,737500,737497,737500,737500,737500,737500,737495,737533,737577,740000,740000,737574,737580
183,24005,MD,baltimore county,737514,737500,737497,737500,737500,737500,737500,737495,737533,737577,740000,740000,737574,737595
184,24000_1,MD,"Maryland Super-county, Cluster 2",737514,737500,737497,737500,737500,737500,737500,737495,737533,737577,740000,740000,737552,737552
185,24013,MD,carroll county,737514,737500,737497,737500,737500,737500,737500,737495,737533,737577,740000,740000,737552,737552
186,24017,MD,charles county,737514,737500,737497,737500,737500,737500,737500,737495,737533,737577,740000,740000,737552,737552
187,24021,MD,frederick county,737514,737500,737497,737500,737500,737500,737500,737495,737533,737577,740000,740000,737574,737595
188,24025,MD,harford county,737514,737500,737497,737500,737500,737500,737500,737495,737533,737577,740000,740000,737552,737552
189,24027,MD,howard county,737514,737500,737497,737500,737500,737500,737500,737495,737533,737577,740000,740000,737574,737581
190,24031,MD,montgomery county,737514,737500,737497,737500,737500,737500,737500,737495,737533,737577,740000,740000,737577,737595
191,24033,MD,prince george's county,737514,737500,737497,737500,737500,737500,737500,737495,737533,737577,740000,740000,737577,737605
192,24037,MD,st. mary's county,737514,737500,737497,737500,737500,737500,737500,737495,737533,737577,740000,740000,737552,737552
193,25001,MA,barnstable county,737508,737501,737501,737501,737501,737501,737500,737495,737551,737563,740000,740000,737598,740000
194,25005,MA,bristol county,737508,737501,737501,737501,737501,737501,737500,737495,737551,737563,740000,740000,737598,740000
195,25009,MA,essex county,737508,737501,737501,737501,737501,737501,737500,737495,737551,737563,740000,740000,737598,740000
196,25011,MA,franklin county,737508,737501,737501,737501,737501,737501,737500,737495,737551,737563,740000,740000,737598,740000
197,25013,MA,hampden county,737508,737501,737501,737501,737501,737501,737500,737495,737551,737563,740000,740000,737598,740000
198,25015,MA,hampshire county,737508,737501,737501,737501,737501,737501,737500,737495,737551,737563,740000,740000,737598,740000
199,25017,MA,middlesex county,737508,737501,737501,737501,737501,737501,737500,737495,737551,737563,740000,740000,737598,740000
200,25021,MA,norfolk county,737508,737501,737501,737501,737501,737501,737500,737495,737551,737563,740000,740000,737598,740000
201,25023,MA,plymouth county,737508,737501,737501,737501,737501,737501,737500,737495,737551,737563,740000,740000,737598,740000
202,25025,MA,suffolk county,737508,737501,737501,737501,737501,737501,737500,737495,737551,737563,740000,740000,737598,740000
203,25027,MA,worcester county,737508,737501,737501,737501,737501,737501,737500,737495,737551,737563,740000,740000,737598,740000
204,26000_0,MI,"Michigan Super-county, Cluster 1",737508,737508,737508,737500,737500,737500,737500,737495,737594,737542,740000,740000,737542,737542
205,26000_4,MI,"Michigan Super-county, Cluster 5",737508,737508,737508,737500,737500,737500,737500,737495,737594,737542,740000,740000,737542,737542
206,26021,MI,berrien county,737508,737508,737508,737500,737500,737500,737500,737495,737594,737542,740000,740000,737542,737542
207,26049,MI,genesee county,737508,737508,737508,737500,737500,737500,737500,737495,737594,737542,740000,740000,737542,737542
208,26077,MI,kalamazoo county,737508,737508,737508,737500,737500,737500,737500,737495,737594,737542,740000,740000,737542,737542
209,26081,MI,kent county,737508,737508,737508,737500,737500,737500,737500,737495,737594,737542,740000,740000,737542,737542
210,26099,MI,macomb county,737508,737508,737508,737500,737500,737500,737500,737495,737594,737542,740000,740000,737542,737542
211,26121,MI,muskegon county,737508,737508,737508,737500,737500,737500,737500,737495,737594,737542,740000,740000,737542,737542
212,26125,MI,oakland county,737508,737508,737508,737500,737500,737500,737500,737495,737594,737542,740000,740000,737542,737542
213,26139,MI,ottawa county,737508,737508,737508,737500,737500,737500,737500,737495,737594,737542,740000,740000,737542,737542
214,26145,MI,saginaw county,737508,737508,737508,737500,737500,737500,737500,737495,737594,737542,740000,740000,737542,737542
215,26147,MI,st. clair county,737508,737508,737508,737500,737500,737500,737500,737495,737594,737542,740000,740000,737542,737542
216,26161,MI,washtenaw county,737508,737508,737508,737500,737500,737500,737500,737495,737594,737542,740000,740000,737542,737542
217,26163,MI,wayne county,737508,737508,737508,737500,737500,737500,737500,737495,737594,737542,740000,740000,737542,737542
218,27003,MN,anoka county,737511,737511,737511,737502,737501,737501,737500,737495,740000,737560,737549,737549,737586,737586
219,27000_4,MN,"Minnesota Super-county, Cluster 5",737511,737511,737511,737502,737501,737501,737500,737495,740000,737560,737549,737549,737586,737586
220,27000_0,MN,"Minnesota Super-county, Cluster 1",737511,737511,737511,737502,737501,737501,737500,737495,740000,737560,737549,737549,737586,737586
221,27000_1,MN,"Minnesota Super-county, Cluster 2",737511,737511,737511,737502,737501,737501,737500,737495,740000,737560,737549,737549,737586,737586
222,27037,MN,dakota county,737511,737511,737511,737502,737501,737501,737500,737495,740000,737560,737549,737549,737586,737586
223,27053,MN,hennepin county,737511,737511,737511,737502,737501,737501,737500,737495,740000,737560,737549,737549,737586,737586
224,27123,MN,ramsey county,737511,737511,737511,737502,737501,737501,737500,737495,740000,737560,737549,737549,737586,737586
225,28000_0,MS,"Mississippi Super-county, Cluster 1",737521,737509,737509,737504,737509,737509,737500,737495,740000,737541,737577,737577,737546,737546
226,28000_4,MS,"Mississippi Super-county, Cluster 5",737521,737509,737509,737504,737509,737509,737500,737495,740000,737541,737577,737577,737546,737546
227,28035,MS,forrest county,737521,737509,737509,737504,737509,737509,737500,737495,740000,737541,737577,737577,737546,737546
228,28049,MS,hinds county,737521,737509,737509,737504,737509,737509,737500,737495,740000,737541,737577,737577,737546,737546
229,28067,MS,jones county,737521,737509,737509,737504,737509,737509,737500,737495,740000,737541,737577,737577,737546,737546
230,28075,MS,lauderdale county,737515,737509,737509,737504,737509,737509,737500,737495,740000,737541,737577,737577,737546,737546
231,28083,MS,leflore county,737521,737509,737509,737504,737509,737509,737500,737495,740000,737541,737577,737577,737546,737546
232,28089,MS,madison county,737521,737509,737509,737504,737509,737509,737500,737495,740000,737541,737577,737577,737546,737546
233,28095,MS,monroe county,737521,737509,737509,737504,737509,737509,737500,737495,740000,737541,737577,737577,737546,737546
234,28099,MS,neshoba county,737521,737509,737509,737504,737509,737509,737500,737495,740000,737541,737577,737577,737546,737546
235,29000_4,MO,"Missouri Super-county, Cluster 5",737521,737505,737505,737503,737505,737521,737500,737495,740000,737549,737591,737591,737591,737591
236,29000_0,MO,"Missouri Super-county, Cluster 1",737521,737505,737505,737503,737505,737521,737500,737495,740000,737549,737591,737591,737591,737591
237,29095,MO,jackson county,737508,737505,737505,737503,737505,737521,737500,737495,740000,737549,737591,737591,737591,737591
238,29183,MO,st. charles county,737521,737505,737505,737503,737505,737521,737500,737495,740000,737549,737591,737591,737591,737591
239,29189,MO,st. louis county,737507,737505,737505,737503,737505,737521,737500,737495,740000,737549,737605,737605,737591,737591
240,31000_4,NE,"Nebraska Super-county, Cluster 5",740000,737503,737503,737503,737519,737519,737500,737495,740000,740000,740000,740000,737556,737556
241,31000_0,NE,"Nebraska Super-county, Cluster 1",740000,737503,737503,737503,737519,737519,737500,737495,740000,740000,740000,740000,737556,737556
242,31055,NE,douglas county,740000,737503,737503,737503,737519,737519,737500,737495,740000,740000,740000,740000,737556,737556
243,32003,NV,clark county,737516,737508,737508,737500,737504,737504,737500,737495,737600,737585,740000,740000,737547,737547
244,32031,NV,washoe county,737516,737508,737508,737500,737504,737504,737500,737495,737600,737585,740000,740000,737547,737547
245,33011,NH,hillsborough county,737511,737508,737508,737500,737500,737511,737500,737495,740000,737591,740000,740000,737560,737560
246,33015,NH,rockingham county,737511,737508,737508,737500,737500,737511,737500,737495,740000,737591,740000,740000,737560,737560
247,34001,NJ,atlantic county,737505,737500,737500,737502,737500,737500,737500,737495,737523,737584,740000,740000,737591,737608
248,34003,NJ,bergen county,737505,737500,737500,737502,737500,737500,737500,737495,737523,737584,740000,740000,737591,737608
249,34005,NJ,burlington county,737505,737500,737500,737502,737500,737500,737500,737495,737523,737584,740000,740000,737591,737608
250,34007,NJ,camden county,737505,737500,737500,737502,737500,737500,737500,737495,737523,737584,740000,740000,737591,737608
251,34009,NJ,cape may county,737505,737500,737500,737502,737500,737500,737500,737495,737523,737584,740000,740000,737591,737608
252,34011,NJ,cumberland county,737505,737500,737500,737502,737500,737500,737500,737495,737523,737584,740000,740000,737591,737608
253,34013,NJ,essex county,737505,737500,737500,737502,737500,737500,737500,737495,737523,737584,740000,740000,737591,737608
254,34015,NJ,gloucester county,737505,737500,737500,737502,737500,737500,737500,737495,737523,737584,740000,740000,737591,737608
255,34017,NJ,hudson county,737505,737500,737500,737502,737500,737500,737500,737495,737523,737584,740000,740000,737591,737608
256,34019,NJ,hunterdon county,737505,737500,737500,737502,737500,737500,737500,737495,737523,737584,740000,740000,737591,737608
257,34021,NJ,mercer county,737505,737500,737500,737502,737500,737500,737500,737495,737523,737584,740000,740000,737591,737608
258,34023,NJ,middlesex county,737505,737500,737500,737502,737500,737500,737500,737495,737523,737584,740000,740000,737591,737608
259,34025,NJ,monmouth county,737505,737500,737500,737502,737500,737500,737500,737495,737523,737584,740000,740000,737591,737608
260,34027,NJ,morris county,737505,737500,737500,737502,737500,737500,737500,737495,737523,737584,740000,740000,737591,737608
261,34029,NJ,ocean county,737505,737500,737500,737502,737500,737500,737500,737495,737523,737584,740000,740000,737591,737608
262,34031,NJ,passaic county,737505,737500,737500,737502,737500,737500,737500,737495,737523,737584,740000,740000,737591,737608
263,34033,NJ,salem county,737505,737500,737500,737502,737500,737500,737500,737495,737523,737584,740000,740000,737591,737608
264,34035,NJ,somerset county,737505,737500,737500,737502,737500,737500,737500,737495,737523,737584,740000,740000,737591,737608
265,34037,NJ,sussex county,737505,737500,737500,737502,737500,737500,737500,737495,737523,737584,740000,740000,737591,737608
266,34039,NJ,union county,737505,737500,737500,737502,737500,737500,737500,737495,737523,737584,740000,740000,737591,737608
267,34041,NJ,warren county,737505,737500,737500,737502,737500,737500,737500,737495,737523,737584,740000,740000,737591,737608
268,35001,NM,bernalillo county,737508,737502,737502,737500,737502,737502,737500,737495,737561,737553,740000,740000,737573,737577
269,35000_2,NM,"New Mexico Super-county, Cluster 3",737508,737502,737502,737500,737502,737502,737500,737495,737561,737553,740000,740000,737573,737577
270,35031,NM,mckinley county,737508,737502,737502,737500,737502,737502,737500,737495,737561,737553,740000,740000,737577,737577
271,35045,NM,san juan county,737508,737502,737502,737500,737502,737502,737500,737495,737561,737553,740000,740000,737577,737577
272,36001,NY,albany county,737506,737500,737497,737502,737500,737500,737500,737495,737532,740000,737607,737607,737607,737607
273,36007,NY,broome county,737506,737500,737497,737502,737500,737500,737500,737495,737532,740000,737602,737602,737602,737602
274,36027,NY,dutchess county,737506,737500,737497,737502,737500,737500,737500,737495,737532,740000,737614,737614,737614,737614
275,36029,NY,erie county,737506,737500,737497,737502,737500,737500,737500,737495,737532,740000,737606,737606,737606,737606
276,36055,NY,monroe county,737506,737500,737497,737502,737500,737500,737500,737495,737532,740000,737602,737602,737602,737602
277,36059,NY,nassau county,737506,737500,737497,737502,737500,737500,737500,737495,737532,740000,737614,737614,737614,737614
278,36061,NY,new york county,737506,737500,737497,737502,737500,737500,737500,737495,737532,740000,740000,740000,740000,740000
279,36063,NY,niagara county,737506,737500,737497,737502,737500,737500,737500,737495,737532,740000,737606,737606,737606,737606
280,36065,NY,oneida county,737506,737500,737497,737502,737500,737500,737500,737495,737532,740000,737602,737602,737602,737602
281,36067,NY,onondaga county,737506,737500,737497,737502,737500,737500,737500,737495,737532,740000,737602,737602,737602,737602
282,36071,NY,orange county,737506,737500,737497,737502,737500,737500,737500,737495,737532,740000,737614,737614,737614,737614
283,36073,NY,orleans county,737506,737500,737497,737502,737500,737500,737500,737495,737532,740000,737602,737602,737602,737602
284,36079,NY,putnam county,737506,737500,737497,737502,737500,737500,737500,737495,737532,740000,737614,737614,737614,737614
285,36000_1,NY,"New York Super-county, Cluster 2",737506,737500,737497,737502,737500,737500,737500,737495,737532,740000,737607,737607,737607,737607
286,36087,NY,rockland county,737506,737500,737497,737502,737500,737500,737500,737495,737532,740000,737614,737614,737614,737614
287,36103,NY,suffolk county,737506,737500,737497,737502,737500,737500,737500,737495,737532,740000,737614,737614,737614,737614
288,36111,NY,ulster county,737506,737500,737497,737502,737500,737500,737500,737495,737532,740000,737614,737614,737614,737614
289,36119,NY,westchester county,737506,737500,737497,737502,737500,737500,737500,737495,737532,740000,737614,737614,737614,737614
290,37000_4,NC,"North Carolina Super-county, Cluster 5",737514,737507,737496,737500,737501,737507,737500,737495,737602,737565,740000,740000,737549,740000
291,37000_0,NC,"North Carolina Super-county, Cluster 1",737514,737507,737496,737500,737501,737507,737500,737495,737602,737565,740000,740000,737549,740000
292,37021,NC,buncombe county,737514,737507,737496,737500,737501,737507,737500,737495,737602,737565,740000,740000,737549,740000
293,37000_1,NC,"North Carolina Super-county, Cluster 2",737514,737507,737496,737500,737501,737507,737500,737495,737602,737565,740000,740000,737549,740000
294,37037,NC,chatham county,737514,737507,737496,737500,737501,737507,737500,737495,737602,737565,740000,740000,737549,740000
295,37051,NC,cumberland county,737514,737507,737496,737500,737501,737507,737500,737495,737602,737565,740000,740000,737549,740000
296,37063,NC,durham county,737514,737507,737496,737500,737501,737507,737500,737495,737602,737565,740000,740000,737549,740000
297,37081,NC,guilford county,737514,737507,737496,737500,737501,737507,737500,737495,737602,737565,740000,740000,737549,740000
298,37089,NC,henderson county,737514,737507,737496,737500,737501,737507,737500,737495,737602,737565,740000,740000,737549,740000
299,37119,NC,mecklenburg county,737514,737507,737496,737500,737501,737507,737500,737495,737602,737565,740000,740000,737549,740000
300,37155,NC,robeson county,737514,737507,737496,737500,737501,737507,737500,737495,737602,737565,740000,740000,737549,740000
301,37183,NC,wake county,737514,737507,737496,737500,737501,737507,737500,737495,737602,737565,740000,740000,737549,740000
302,38017,ND,cass county,740000,740000,740000,737500,737503,737503,737500,737495,740000,740000,737569,737569,737539,737539
303,39000_0,OH,"Ohio Super-county, Cluster 1",737507,737499,737499,737501,737499,737506,737500,737495,740000,737586,737566,740000,740000,740000
304,39000_4,OH,"Ohio Super-county, Cluster 5",737507,737499,737499,737501,737499,737506,737500,737495,740000,737586,737566,740000,740000,740000
305,39017,OH,butler county,737507,737499,737499,737501,737499,737506,737500,737495,740000,737586,737566,740000,740000,740000
306,39000_1,OH,"Ohio Super-county, Cluster 2",737507,737499,737499,737501,737499,737506,737500,737495,740000,737586,737566,740000,740000,740000
307,39029,OH,columbiana county,737507,737499,737499,737501,737499,737506,737500,737495,740000,737586,737566,740000,740000,740000
308,39035,OH,cuyahoga county,737507,737499,737499,737501,737499,737506,737500,737495,740000,737586,737566,740000,740000,740000
309,39049,OH,franklin county,737507,737499,737499,737501,737499,737506,737500,737495,740000,737586,737566,740000,740000,740000
310,39061,OH,hamilton county,737507,737499,737499,737501,737499,737506,737500,737495,740000,737586,737566,740000,740000,740000
311,39093,OH,lorain county,737507,737499,737499,737501,737499,737506,737500,737495,740000,737586,737566,740000,740000,740000
312,39095,OH,lucas county,737507,737499,737499,737501,737499,737506,737500,737495,740000,737586,737566,740000,740000,740000
313,39099,OH,mahoning county,737507,737499,737499,737501,737499,737506,737500,737495,740000,737586,737566,740000,740000,740000
314,39113,OH,montgomery county,737507,737499,737499,737501,737499,737506,737500,737495,740000,737586,737566,740000,740000,740000
315,39133,OH,portage county,737507,737499,737499,737501,737499,737506,737500,737495,740000,737586,737566,740000,740000,740000
316,39151,OH,stark county,737507,737499,737499,737501,737499,737506,737500,737495,740000,737586,737566,740000,740000,740000
317,39153,OH,summit county,737507,737499,737499,737501,737499,737506,737500,737495,740000,737586,737566,740000,740000,740000
318,39155,OH,trumbull county,737507,737499,737499,737501,737499,737506,737500,737495,740000,737586,737566,740000,740000,740000
319,39169,OH,wayne county,737507,737499,737499,737501,737499,737506,737500,737495,740000,737586,737566,740000,740000,740000
320,39173,OH,wood county,737507,737499,737499,737501,737499,737506,737500,737495,740000,737586,737566,740000,740000,740000
321,40000_0,OK,"Oklahoma Super-county, Cluster 1",740000,737513,737513,737501,737516,737516,737500,737495,740000,737581,740000,740000,737553,737553
322,40109,OK,oklahoma county,740000,737513,737513,737501,737501,737501,737500,737495,740000,737581,740000,740000,737553,737553
323,40143,OK,tulsa county,740000,737513,737513,737501,737516,737516,737500,737495,740000,737581,740000,740000,737553,737553
324,41000_2,OR,"Oregon Super-county, Cluster 3",737507,737500,737500,737500,737501,737501,737500,737495,737607,737554,740000,740000,737560,737560
325,41047,OR,marion county,737507,737500,737500,737500,737501,737501,737500,737495,737607,737554,740000,740000,737567,737567
326,41051,OR,multnomah county,737507,737500,737500,737500,737501,737501,737500,737495,737607,737554,740000,740000,737595,737595
327,42000_4,PA,"Pennsylvania Super-county, Cluster 5",737516,737507,737507,737500,737501,737501,737500,737495,737534,737567,737588,737588,737588,737588
328,42003,PA,allegheny county,737507,737507,737507,737500,737501,737501,737500,737495,737534,737560,737581,737581,737581,737581
329,42007,PA,beaver county,737512,737507,737507,737500,737501,737501,737500,737495,737534,737567,737588,737588,737588,737588
330,42011,PA,berks county,737511,737507,737507,737500,737501,737501,737500,737495,737534,737581,737602,737602,737602,737602
331,42017,PA,bucks county,737507,737507,737507,737500,737501,737501,737500,737495,737534,737581,737602,737602,737602,737602
332,42029,PA,chester county,737507,737507,737507,737500,737501,737501,737500,737495,737534,737581,737602,737602,737602,737602
333,42041,PA,cumberland county,737516,737507,737507,737500,737501,737501,737500,737495,737534,737567,737588,737588,737588,737588
334,42043,PA,dauphin county,737516,737507,737507,737500,737501,737501,737500,737495,737534,737574,737595,737595,737595,737595
335,42045,PA,delaware county,737507,737507,737507,737500,737501,737501,737500,737495,737534,737581,737602,737602,737602,737602
336,42055,PA,franklin county,737516,737507,737507,737500,737501,737501,737500,737495,737534,737574,737595,737595,737595,737595
337,42069,PA,lackawanna county,737511,737507,737507,737500,737501,737501,737500,737495,737534,737581,737602,737602,737602,737602
338,42071,PA,lancaster county,737511,737507,737507,737500,737501,737501,737500,737495,737534,737581,737602,737602,737602,737602
339,42075,PA,lebanon county,737516,737507,737507,737500,737501,737501,737500,737495,737534,737574,737609,737609,737609,737609
340,42077,PA,lehigh county,737509,737507,737507,737500,737501,737501,737500,737495,737534,737581,737602,737602,737602,737602
341,42079,PA,luzerne county,737511,737507,737507,737500,737501,737501,737500,737495,737534,737574,737595,737595,737595,737595
342,42089,PA,monroe county,737507,737507,737507,737500,737501,737501,737500,737495,737534,737574,737595,737595,737595,737595
343,42091,PA,montgomery county,737507,737507,737507,737500,737501,737501,737500,737495,737534,737581,737602,737602,737602,737602
344,42095,PA,northampton county,737509,737507,737507,737500,737501,737501,737500,737495,737534,737581,737602,737602,737602,737602
345,42101,PA,philadelphia county,737507,737507,737507,737500,737501,737501,737500,737495,737534,737581,737602,737602,737602,737602
346,42107,PA,schuylkill county,737516,737507,737507,737500,737501,737501,737500,737495,737534,737574,737595,737595,737595,737595
347,42133,PA,york county,737511,737507,737507,737500,737501,737501,737500,737495,737534,737567,737588,737588,737588,737588
348,45000_0,SC,"South Carolina Super-county, Cluster 1",737522,737502,737502,737500,737502,737516,737500,737495,740000,737546,737580,737580,737556,737563
349,45000_4,SC,"South Carolina Super-county, Cluster 5",737522,737502,737502,737500,737502,737516,737500,737495,740000,737546,737580,737580,737556,737563
350,45013,SC,beaufort county,737522,737502,737502,737500,737502,737516,737500,737495,740000,737546,737580,737580,737556,737563
351,45015,SC,berkeley county,737522,737502,737502,737500,737502,737516,737500,737495,740000,737546,737580,737580,737556,737563
352,45019,SC,charleston county,737522,737502,737502,737500,737502,737516,737500,737495,740000,737546,737580,737580,737556,737563
353,45027,SC,clarendon county,737522,737502,737502,737500,737502,737516,737500,737495,740000,737546,737580,737580,737556,737563
354,45041,SC,florence county,737522,737502,737502,737500,737502,737516,737500,737495,740000,737546,737580,737580,737556,737563
355,45045,SC,greenville county,737522,737502,737502,737500,737502,737516,737500,737495,740000,737546,737580,737580,737556,737563
356,45051,SC,horry county,737522,737502,737502,737500,737502,737516,737500,737495,740000,737546,737580,737580,737556,737563
357,45063,SC,lexington county,737522,737502,737502,737500,737502,737516,737500,737495,740000,737546,737580,737580,737556,737563
358,45075,SC,orangeburg county,737522,737502,737502,737500,737502,737516,737500,737495,740000,737546,737580,737580,737556,737563
359,45079,SC,richland county,737522,737502,737502,737500,737502,737516,737500,737495,740000,737546,737580,737580,737556,737563
360,45083,SC,spartanburg county,737522,737502,737502,737500,737502,737516,737500,737495,740000,737546,737580,737580,737556,737563
361,46099,SD,minnehaha county,740000,740000,740000,737500,737507,740000,737500,737495,740000,740000,737546,737546,740000,740000
362,47000_0,TN,"Tennessee Super-county, Cluster 1",737515,737509,737509,737504,737507,737507,737500,737495,740000,737560,740000,740000,737567,737567
363,47000_4,TN,"Tennessee Super-county, Cluster 5",737515,737509,737509,737504,737507,737507,737500,737495,740000,737560,740000,740000,737567,737567
364,47037,TN,davidson county,737509,737509,737509,737504,737507,737507,737500,737495,740000,737560,740000,740000,737549,737609
365,47000_1,TN,"Tennessee Super-county, Cluster 2",737515,737509,737509,737504,737507,737507,737500,737495,740000,737560,740000,740000,737567,737567
366,47149,TN,rutherford county,737515,737509,737509,737504,737507,737507,737500,737495,740000,737560,740000,740000,737567,737567
367,47157,TN,shelby county,737515,737509,737509,737504,737507,737507,737500,737495,740000,737560,740000,740000,737591,737591
368,47165,TN,sumner county,737515,737509,737509,737504,737507,737507,737500,737495,740000,737560,740000,740000,737567,737567
369,48000_0,TX,"Texas Super-county, Cluster 1",737517,737505,737498,737507,737503,737503,737500,737495,737609,737581,740000,740000,737560,737560
370,48000_4,TX,"Texas Super-county, Cluster 5",737517,737505,737498,737507,737503,737503,737500,737495,737609,737581,740000,740000,737560,737560
371,48000_1,TX,"Texas Super-county, Cluster 2",737508,737505,737498,737507,737503,737503,737500,737495,737609,737581,740000,740000,737560,737560
372,48029,TX,bexar county,737508,737505,737498,737507,737503,737503,737500,737495,737609,737581,740000,740000,737560,737560
373,48039,TX,brazoria county,737517,737505,737498,737507,737503,737503,737500,737495,737609,737581,740000,740000,737560,737560
374,48000_2,TX,"Texas Super-county, Cluster 3",737517,737505,737498,737507,737503,737503,737500,737495,737609,737581,740000,740000,737560,737560
375,48061,TX,cameron county,737517,737505,737498,737507,737503,737503,737500,737495,737609,737581,740000,740000,737560,737560
376,48085,TX,collin county,737508,737505,737498,737507,737503,737503,737500,737495,737609,737581,740000,740000,737560,737560
377,48091,TX,comal county,737517,737505,737498,737507,737503,737503,737500,737495,737609,737581,740000,740000,737560,737560
378,48113,TX,dallas county,737507,737505,737498,737507,737503,737503,737500,737495,737609,737581,740000,740000,737560,737560
379,48121,TX,denton county,737517,737505,737498,737507,737503,737503,737500,737495,737609,737581,740000,740000,737560,737560
380,48141,TX,el paso county,737508,737505,737498,737507,737503,737503,737500,737495,737609,737581,740000,740000,737560,737560
381,48157,TX,fort bend county,737508,737505,737498,737507,737503,737503,737500,737495,737609,737581,740000,740000,737560,737560
382,48167,TX,galveston county,737508,737505,737498,737507,737503,737503,737500,737495,737609,737581,740000,740000,737560,737560
383,48201,TX,harris county,737508,737505,737498,737507,737503,737503,737500,737495,737609,737581,740000,740000,737560,737560
384,48215,TX,hidalgo county,737517,737505,737498,737507,737503,737503,737500,737495,737609,737581,740000,740000,737560,737560
385,48245,TX,jefferson county,737517,737505,737498,737507,737503,737503,737500,737495,737609,737581,740000,740000,737560,737560
386,48303,TX,lubbock county,737517,737505,737498,737507,737503,737503,737500,737495,737609,737581,740000,740000,737560,737560
387,48339,TX,montgomery county,737517,737505,737498,737507,737503,737503,737500,737495,737609,737581,740000,740000,737560,737560
388,48355,TX,nueces county,737517,737505,737498,737507,737503,737503,737500,737495,737609,737581,740000,740000,737560,737560
389,48427,TX,starr county,737517,737505,737498,737507,737503,737503,737500,737495,737609,737581,740000,740000,737560,737560
390,48439,TX,tarrant county,737508,737505,737498,737507,737503,737503,737500,737495,737609,737581,740000,740000,737560,737560
391,48453,TX,travis county,737517,737505,737498,737507,737503,737503,737500,737495,737609,737581,740000,740000,737560,737560
392,48479,TX,webb county,737517,737505,737498,737507,737503,737503,737500,737495,737609,737581,740000,740000,737560,737560
393,48491,TX,williamson county,737517,737505,737498,737507,737503,737503,737500,737495,737609,737581,740000,740000,737560,737560
394,49000_1,UT,"Utah Super-county, Cluster 2",740000,737502,737496,737500,737502,737502,737500,737495,740000,740000,740000,740000,737546,737546
395,49035,UT,salt lake county,737514,737502,737496,737500,737502,737502,737500,737495,740000,740000,740000,740000,737546,737546
396,51000_4,VA,"Virginia Super-county, Cluster 5",737514,737508,737508,737500,737507,737500,737500,737495,737574,737558,740000,740000,737556,737556
397,51000_1,VA,"Virginia Super-county, Cluster 2",737514,737508,737508,737500,737507,737500,737500,737495,737574,737558,740000,740000,737556,737556
398,51000_0,VA,"Virginia Super-county, Cluster 1",737514,737508,737508,737500,737507,737500,737500,737495,737574,737558,740000,740000,737556,737556
399,51013,VA,arlington county,737514,737508,737508,737500,737507,737500,737500,737495,737574,737558,740000,740000,737556,737556
400,51041,VA,chesterfield county,737514,737508,737508,737500,737507,737500,737500,737495,737574,737558,740000,740000,737556,737556
401,51059,VA,fairfax county,737514,737508,737508,737500,737507,737500,737500,737495,737574,737558,740000,740000,737556,737556
402,51087,VA,henrico county,737514,737508,737508,737500,737507,737500,737500,737495,737574,737558,740000,740000,737556,737556
403,51107,VA,loudoun county,737514,737508,737508,737500,737507,737500,737500,737495,737574,737558,740000,740000,737556,737556
404,51000_3,VA,"Virginia Super-county, Cluster 4",737514,737508,737508,737500,737507,737500,737500,737495,737574,737558,740000,740000,737556,737556
405,51153,VA,prince william county,737514,737508,737508,737500,737507,737500,737500,737495,737574,737558,740000,740000,737556,737556
406,51510,VA,alexandria city,737514,737508,737508,737500,737507,737500,737500,737495,737574,737558,740000,740000,737556,737556
407,51800,VA,suffolk city,737514,737508,737508,737500,737507,737500,737500,737495,737574,737558,740000,740000,737556,737556
408,53005,WA,benton county,737507,737507,737495,737501,737501,737501,737500,737495,737602,737576,740000,740000,737549,737549
409,53000_2,WA,"Washington Super-county, Cluster 3",737507,737507,737495,737501,737501,737501,737500,737495,737602,737576,740000,740000,737549,737549
410,53000_1,WA,"Washington Super-county, Cluster 2",737507,737507,737495,737501,737501,737501,737500,737495,737602,737576,740000,740000,737549,737549
411,53033,WA,king county,737507,737507,737495,737501,737501,737501,737500,737495,737602,737576,740000,740000,737564,737549
412,53053,WA,pierce county,737507,737507,737495,737501,737501,737501,737500,737495,737602,737576,740000,740000,737581,737549
413,53061,WA,snohomish county,737507,737507,737495,737501,737501,737501,737500,737495,737602,737576,740000,740000,737581,737549
414,53063,WA,spokane county,737507,737507,737495,737501,737501,737501,737500,737495,737602,737576,740000,740000,737567,737549
415,53077,WA,yakima county,737507,737507,737495,737501,737501,737501,737500,737495,737602,737576,740000,740000,737549,737549
416,55000_0,WI,"Wisconsin Super-county, Cluster 1",737509,737501,737501,737502,737501,737501,737500,737495,740000,737558,740000,740000,740000,740000
417,55009,WI,brown county,737509,737501,737501,737502,737501,737501,737500,737495,740000,737558,740000,740000,740000,740000
418,55000_4,WI,"Wisconsin Super-county, Cluster 5",737509,737501,737501,737502,737501,737501,737500,737495,740000,737558,740000,740000,740000,740000
419,55059,WI,kenosha county,737509,737501,737501,737502,737501,737501,737500,737495,740000,737558,740000,740000,740000,740000
420,55079,WI,milwaukee county,737509,737501,737501,737502,737501,737501,737500,737495,740000,737558,740000,740000,740000,740000
421,55101,WI,racine county,737509,737501,737501,737502,737501,737501,737500,737495,740000,737558,740000,740000,740000,740000
422,55133,WI,waukesha county,737509,737501,737501,737502,737501,737501,737500,737495,740000,737558,740000,740000,740000,740000
