FIPS,Density per square mile of land area - Population,Rural-urban_Continuum Code_2013
0,87.4,NA
1000,94.4,NA
1001,91.8,2
1003,114.6,3
1005,31,6
1007,36.8,1
1009,88.9,1
1011,17.5,6
1013,27,6
1015,195.7,3
1017,57.4,6
1019,46.9,6
1021,63,1
1023,15.2,9
1025,20.9,7
1027,23.1,9
1029,26.7,8
1031,73.6,4
1033,91.8,3
1035,15.6,7
1037,17.7,8
1039,36.6,6
1041,22.8,8
1043,109.4,4
1045,89.6,4
1047,44.8,4
1049,91.5,6
1051,128.2,2
1053,40.5,6
1055,195.2,3
1057,27.5,6
1059,50,6
1061,46.6,3
1063,14,8
1065,24.5,3
1067,30.8,3
1069,175.1,3
1071,49.4,6
1073,592.5,1
1075,24.1,8
1077,138.8,3
1079,49.7,3
1081,230.8,3
1083,147.8,2
1085,15.8,2
1087,35.2,6
1089,417.7,2
1091,21.5,7
1093,41.5,7
1095,164.4,4
1097,335.9,2
1099,22.5,7
1101,292.5,2
1103,206.3,3
1105,14.7,8
1107,22.4,3
1109,48.9,6
1111,39.5,6
1113,82.6,2
1115,132.3,1
1117,248.5,1
1119,15.2,8
1121,111.7,4
1123,58.1,6
1125,147.3,3
1127,84.7,1
1129,16.3,8
1131,13.1,9
1133,39.9,6
2000,1.2,NA
2013,0.4,9
2016,1.3,9
2020,171.2,2
2050,0.4,7
2060,2,9
2068,0.1,8
2070,0.3,9
2090,13.3,3
2100,1.1,9
2105,0.3,9
2110,11.6,5
2122,3.4,7
2130,2.8,7
2150,2.1,7
2158,NA,9
2164,0.1,9
2170,3.6,2
2180,0.4,7
2185,0.1,7
2188,0.2,7
2195,1.2,9
2198,1.4,9
2220,3.1,7
2230,2.1,9
2240,0.3,9
2261,0.3,9
2275,0.9,9
2282,0.1,9
2290,0,9
4000,56.3,NA
4001,6.4,6
4003,21.3,3
4005,7.2,3
4007,11.3,4
4009,8.1,7
4011,4.6,7
4012,4.6,6
4013,414.9,1
4015,15,3
4017,10.8,4
4019,106.7,2
4021,70,1
4023,38.3,4
4025,26,3
4027,35.5,3
5000,56,NA
5001,19.2,6
5003,23.6,7
5005,74.9,7
5007,261.2,2
5009,62.5,7
5011,17.7,7
5013,8.5,9
5015,43.6,6
5017,18.3,7
5019,26.6,7
5021,25.2,7
5023,46.9,6
5025,14.5,3
5027,32.1,7
5029,38.5,6
5031,136.4,3
5033,104.4,2
5035,83.5,1
5037,29,6
5039,12.2,6
5041,16.9,6
5043,22.3,6
5045,174.8,2
5047,29.8,6
5049,19.8,9
5051,141.7,3
5053,28.3,2
5055,72.9,4
5057,31.1,6
5059,53.5,6
5061,23.4,6
5063,48,7
5065,23.6,9
5067,28.4,6
5069,88.9,3
5071,38.7,7
5073,14.5,8
5075,29.6,6
5077,17.3,7
5079,25.2,3
5081,24.7,3
5083,31.6,6
5085,88.7,2
5087,18.8,2
5089,27.9,9
5091,69.5,3
5093,51.6,4
5095,13.4,7
5097,12.2,8
5099,14.6,7
5101,10.1,9
5103,35.6,7
5105,18.9,2
5107,31.3,6
5109,18.8,9
5111,32.4,3
5113,24.1,7
5115,76,5
5117,13.4,8
5119,503.8,2
5121,27.6,7
5123,44.5,6
5125,148,2
5127,12.6,6
5129,12.3,9
5131,236.4,2
5133,30.2,6
5135,28.6,7
5137,20.4,9
5139,40.1,7
5141,24.4,8
5143,215.6,2
5145,74.5,4
5147,12.4,9
5149,23.9,6
6000,239.1,NA
6001,2043.6,1
6003,1.6,8
6005,64.1,6
6007,134.4,3
6009,44.7,6
6011,18.6,6
6013,1465.2,1
6015,28.4,7
6017,106,1
6019,156.2,2
6021,21.4,6
6023,37.7,5
6025,41.8,3
6027,1.8,7
6029,103.3,2
6031,110.1,3
6033,51.5,4
6035,7.7,7
6037,2419.6,1
6039,70.6,3
6041,485.1,1
6043,12.6,8
6045,25.1,4
6047,132.2,2
6049,2.5,6
6051,4.7,7
6053,126.5,2
6055,182.4,3
6057,103.1,4
6059,3807.7,1
6061,247.6,1
6063,7.8,7
6065,303.8,1
6067,1470.8,1
6069,39.8,1
6071,101.5,1
6073,735.8,1
6075,17179.2,1
6077,492.6,2
6079,81.7,2
6081,1602.2,1
6083,155,2
6085,1381,1
6087,589.4,2
6089,46.9,3
6091,3.4,8
6093,7.2,6
6095,503,2
6097,307.1,2
6099,344.2,2
6101,157.3,3
6103,21.5,4
6105,4.3,8
6107,91.7,2
6109,24.9,4
6111,446.7,2
6113,197.9,1
6115,114.2,3
8000,48.5,NA
8001,378.2,1
8003,21.4,7
8005,716.7,1
8007,8.9,7
8009,1.5,9
8011,4.3,7
8013,405.6,2
8014,1691.9,1
8015,17.6,7
8017,1,9
8019,23,1
8021,6.4,9
8023,2.9,9
8025,7.4,8
8027,5.8,8
8029,27.1,6
8031,3922.6,1
8033,1.9,9
8035,339.7,1
8037,31,5
8039,12.5,1
8041,292.6,2
8043,30.5,4
8045,19.1,5
8047,36.3,1
8049,8,7
8051,4.7,7
8053,0.8,9
8055,4.2,6
8057,0.9,9
8059,699.5,1
8061,0.8,9
8063,3.8,7
8065,19.4,6
8067,30.3,4
8069,115.4,2
8071,3.2,7
8073,2.1,8
8075,12.4,7
8077,44.1,3
8079,0.8,9
8081,2.9,7
8083,12.6,6
8085,18.4,4
8087,22,6
8089,14.9,6
8091,8.2,9
8093,7.4,1
8095,6.5,9
8097,17.7,7
8099,7.7,7
8101,66.7,3
8103,2.1,9
8105,13.1,7
8107,10,7
8109,1.9,9
8111,1.8,9
8113,5.7,9
8115,4.3,9
8117,46,5
8119,41.9,2
8121,1.9,9
8123,63.4,2
8125,4.2,7
9000,738.1,NA
9001,1467.2,2
9003,1216.2,1
9005,206.3,4
9007,448.6,1
9009,1426.7,2
9011,412.2,2
9013,372.2,1
9015,230.9,2
10000,460.8,NA
10001,276.9,3
10003,1263.2,1
10005,210.6,2
11000,9856.5,NA
11001,9856.5,1
12000,350.6,NA
12001,282.7,2
12003,46.3,1
12005,222.6,3
12007,97,6
12009,535,2
12011,1444.9,1
12013,25.8,6
12015,235.2,3
12017,242.8,3
12019,315.8,1
12021,160.9,2
12023,84.7,4
12027,54.7,6
12029,23.3,6
12031,1133.9,1
12033,453.4,2
12035,197.1,2
12037,21.6,6
12039,89.8,2
12041,48.4,2
12043,16,6
12045,28.1,3
12047,28.8,6
12049,43.5,6
12051,34,4
12053,365.6,1
12055,97.2,3
12057,1204.9,1
12059,41.6,6
12061,274.5,3
12063,54.2,6
12065,24.7,2
12067,16.3,9
12069,316.6,1
12071,788.7,2
12073,413.1,2
12075,36.5,6
12077,10,8
12079,27.6,6
12081,434.5,2
12083,209.1,2
12085,269.2,2
12086,1315.5,1
12087,74.3,4
12089,113,1
12091,194.4,3
12093,52,4
12095,1268.5,1
12097,202.4,1
12099,670.2,1
12101,622.2,1
12103,3347.5,1
12105,334.9,2
12107,102.2,4
12109,316.4,1
12111,485.7,2
12113,149.6,2
12115,682.6,2
12117,1367,1
12119,170.8,3
12121,60.3,6
12123,21.6,6
12125,63.8,6
12127,449.2,2
12129,50.8,2
12131,53,3
12133,42.7,6
13000,168.4,NA
13001,36,7
13003,24.7,9
13005,42.9,7
13007,10.1,3
13009,177.3,4
13011,79.3,8
13013,432.7,1
13015,217.9,1
13017,70.5,7
13019,42.7,6
13021,622.8,3
13023,60.5,6
13025,41.6,3
13027,32.9,3
13029,69.3,2
13031,104.4,4
13033,28.2,2
13035,128.3,1
13037,23.9,8
13039,82.4,4
13043,45.3,7
13045,221.5,1
13047,394.3,2
13049,15.7,6
13051,621.7,2
13053,45.3,2
13055,83,6
13057,508.3,1
13059,979.1,3
13061,16.3,9
13063,1832.5,1
13065,8.5,6
13067,2026.4,1
13069,73.7,7
13071,83.6,6
13073,427.6,2
13075,75.8,6
13077,288.8,1
13079,38.9,3
13081,86,6
13083,95.6,2
13085,105.9,1
13087,46.6,6
13089,2585.7,1
13091,44,6
13093,38.1,6
13095,287.7,3
13097,661.8,1
13099,21.5,6
13101,9.7,3
13103,109.4,2
13105,57.4,6
13107,33.2,7
13109,60.2,6
13111,61.2,8
13113,548.3,1
13115,188.9,3
13117,783.5,1
13119,84.5,8
13121,1748,1
13123,66.3,6
13125,21.4,9
13127,189.7,3
13129,155.1,4
13131,55,6
13133,41.3,6
13135,1871.2,1
13137,155.5,6
13139,457.5,3
13141,20,7
13143,102,1
13145,69,2
13147,108.5,6
13149,40,1
13151,633,1
13153,372.5,3
13155,26.9,7
13157,178.1,4
13159,37.8,1
13161,45.6,7
13163,32.2,6
13165,24,6
13167,32.9,7
13169,72.8,3
13171,99.8,1
13173,54.4,3
13175,60,5
13177,79.5,3
13179,129.5,3
13181,38,2
13183,36.1,3
13185,220.2,3
13187,105.9,6
13189,85,2
13191,33.8,3
13193,36.8,6
13195,99.6,3
13197,23.9,2
13199,43.9,1
13201,21.7,8
13205,45.9,6
13207,66.8,3
13209,38.1,9
13211,51.4,1
13213,115,3
13215,877.5,2
13217,367.3,1
13219,178,3
13221,33.9,3
13223,455.8,1
13225,184.3,3
13227,126.8,1
13229,59.3,6
13231,82.7,1
13233,133.6,4
13235,48.2,3
13237,61.6,6
13239,16.6,9
13241,44,7
13243,18,6
13245,618.4,2
13247,656.5,1
13249,30,8
13251,22.6,6
13253,37.1,6
13255,326.1,1
13257,146.1,7
13259,13.2,8
13261,68,6
13263,17.5,8
13265,8.8,8
13267,53.2,6
13269,23.6,8
13271,37.7,7
13273,27.8,3
13275,82.1,4
13277,154.9,5
13279,74.8,7
13281,62.9,9
13283,34.5,7
13285,161.9,4
13287,31.3,6
13289,25.2,3
13291,66.3,9
13293,84,6
13295,154,2
13297,257.2,1
13299,40.7,5
13301,20.5,8
13303,31.2,7
13305,46.9,6
13307,13.4,8
13309,25.1,9
13311,112.8,6
13313,353.2,3
13315,24.5,8
13317,22.6,6
13319,21.4,8
13321,38,3
15000,211.8,NA
15001,45.9,5
15003,1586.7,2
15005,7.5,3
15007,108.2,5
15009,133.3,3
16000,19,NA
16001,372.8,2
16003,2.9,9
16005,74.5,3
16007,6.1,9
16009,12,6
16011,21.8,4
16013,8.1,7
16015,3.7,2
16017,23.6,6
16019,55.9,3
16021,8.6,7
16023,1.3,3
16025,1,9
16027,321.6,2
16029,3.9,6
16031,8.9,7
16033,0.6,9
16035,3.6,6
16037,0.9,8
16039,8.8,6
16041,19.3,3
16043,7.1,6
16045,29.8,2
16047,21.2,7
16049,1.9,6
16051,23.9,3
16053,37.5,7
16055,111.3,3
16057,34.6,4
16059,1.7,7
16061,8,8
16063,4.3,9
16065,80,4
16067,26.5,7
16069,46.3,3
16071,3.6,8
16073,1.5,2
16075,55.6,6
16077,5.6,6
16079,4.9,6
16081,22.6,9
16083,40.2,5
16085,2.7,8
16087,7,6
17000,231.1,NA
17001,78.5,5
17003,35,3
17005,46.7,1
17007,193,2
17009,22.7,7
17011,40.2,7
17013,20,1
17015,34.6,7
17017,36.3,6
17019,201.8,3
17021,49.1,6
17023,32.6,6
17025,29.5,7
17027,79.7,1
17029,106,5
17031,5495.1,1
17033,44.7,7
17035,31.9,9
17037,166.6,1
17039,41.7,3
17041,48,6
17043,2799.8,1
17045,29.8,6
17047,30.2,9
17049,71.5,7
17051,30.9,6
17053,29,3
17055,96.8,4
17057,42.8,6
17059,17.3,8
17061,25.6,6
17063,119.8,1
17065,19.5,7
17067,24.1,7
17069,24.3,9
17071,19.3,9
17073,61.3,2
17075,26.6,6
17077,103.1,3
17079,19.6,7
17081,68,7
17083,62.2,1
17085,37.7,6
17087,36.6,8
17089,990.8,1
17091,167.7,3
17093,358.2,1
17095,73.9,4
17097,1585.6,1
17099,100.4,4
17101,45.2,7
17103,49.7,6
17105,37.3,4
17107,49,6
17109,55.3,5
17111,511.9,1
17113,143.3,3
17115,190.8,3
17117,55.4,1
17119,376.3,1
17121,68.9,4
17123,32.7,2
17125,27.2,6
17127,65,7
17129,40.4,3
17131,29.3,2
17133,85.6,1
17135,42.8,6
17137,62.5,4
17139,44.2,6
17141,70.5,4
17143,301.2,2
17145,50.6,6
17147,38.1,3
17149,19.8,7
17151,12.1,8
17153,30.9,8
17155,37.5,8
17157,58.2,6
17159,45.1,7
17161,345,2
17163,410.6,1
17165,65.6,6
17167,227.4,3
17169,17.3,7
17171,21.3,9
17173,29.5,6
17175,20.8,2
17177,84.5,4
17179,208.6,2
17181,43.1,6
17183,90.9,3
17185,53.5,7
17187,32.6,6
17189,26.2,6
17191,23.5,7
17193,29.6,6
17195,85.5,4
17197,809.6,1
17199,157.9,3
17201,575.2,2
17203,73.3,2
18000,181,NA
18001,101.4,6
18003,540.6,2
18005,188.7,3
18007,21.8,3
18009,77.3,6
18011,133.9,1
18013,48.9,1
18015,54.1,3
18017,94.5,4
18019,295.6,1
18021,75.2,3
18023,82,6
18025,35.1,8
18027,73.7,7
18029,164.1,1
18031,69.1,6
18033,116.4,4
18035,300.1,3
18037,98,5
18039,426.5,3
18041,112.9,6
18043,504.1,1
18045,43.6,6
18047,60.1,6
18049,56.6,7
18051,68.7,6
18053,169.2,4
18055,61.1,6
18057,696.4,1
18059,228.8,1
18061,81.2,1
18063,357.4,1
18065,126.2,4
18067,282.4,3
18069,97,6
18071,83.2,4
18073,59.8,1
18075,55.4,6
18077,89.9,6
18079,75.7,6
18081,435.8,1
18083,74.5,5
18085,145.6,4
18087,97.8,6
18089,994.1,1
18091,186.3,3
18093,102.7,6
18095,291.3,1
18097,2279.6,1
18099,106.1,6
18101,30.8,7
18103,98.7,6
18105,349.7,3
18107,75.6,6
18109,170.5,1
18111,35.5,1
18113,115.7,6
18115,71.1,1
18117,49.8,6
18119,56,3
18121,39,6
18123,50.7,6
18125,38.4,8
18127,393,1
18129,63.3,2
18131,30.9,6
18133,79,1
18135,57.9,6
18137,64.6,6
18139,42.6,6
18141,583,2
18143,127,1
18145,108.1,1
18147,52.8,8
18149,75.6,6
18151,110.7,7
18153,48,3
18155,48.1,8
18157,345.7,3
18159,61.2,6
18161,46.6,1
18163,769.7,2
18165,63.1,3
18167,267.4,3
18169,79.7,6
18171,23.3,8
18173,155.1,2
18175,55,1
18177,171.5,5
18179,75.1,2
18181,48.8,6
18183,99.2,2
19000,54.5,NA
19001,13.5,8
19003,9.5,9
19005,22.4,6
19007,25.9,7
19009,13.8,8
19011,36.4,2
19013,231.7,3
19015,46,6
19017,55.7,3
19019,36.7,6
19021,35.2,7
19023,25.6,8
19025,17,9
19027,36.6,7
19029,24.7,6
19031,31.9,6
19033,77.7,5
19035,20.9,6
19037,24.7,6
19039,21.5,6
19041,29.4,7
19043,23.3,8
19045,70.7,4
19047,23.9,7
19049,112.4,2
19051,17.4,9
19053,15.9,9
19055,30.7,6
19057,96.9,5
19059,43.8,7
19061,154,3
19063,26,7
19065,28.6,6
19067,32.6,7
19069,18.4,7
19071,14.6,8
19073,16.4,6
19075,24.8,3
19077,18.5,2
19079,27.2,6
19081,19.9,7
19083,30.8,6
19085,21.4,2
19087,46.4,6
19089,20.2,6
19091,22.6,7
19093,16.4,8
19095,27.9,6
19097,31.2,6
19099,50.4,6
19101,38.7,7
19103,213.1,3
19105,35.9,2
19107,18.1,8
19109,16,7
19111,69.3,5
19113,294.6,2
19115,28.3,8
19117,20.7,6
19119,19.7,8
19121,27.9,2
19123,39.2,7
19125,60.1,6
19127,71,4
19129,34.4,2
19131,23,7
19133,13.3,6
19135,18.4,7
19137,25.3,6
19139,97.7,4
19141,25.1,7
19143,16.2,7
19145,29.8,6
19147,16.7,7
19149,29,3
19151,12.7,9
19153,750.5,2
19155,98,2
19157,32.3,7
19159,9.6,9
19161,18,9
19163,360.7,2
19165,20.6,6
19167,43.9,7
19169,156.3,3
19171,24.6,6
19173,11.9,9
19175,29.6,6
19177,15.6,9
19179,82.5,5
19181,81.1,2
19183,38.2,3
19185,12.2,9
19187,53.1,5
19189,27.1,7
19191,30.5,7
19193,117.1,3
19195,19,9
19197,22.8,7
20000,34.9,NA
20001,26.7,7
20003,14,6
20005,39.3,6
20007,4.3,9
20009,30.9,7
20011,23.9,6
20013,17.5,6
20015,46.1,2
20017,3.6,9
20019,5.7,8
20021,36.8,6
20023,2.7,9
20025,2.3,9
20027,13.2,6
20029,13.3,7
20031,13.7,6
20033,2.4,9
20035,32.3,4
20037,66.4,4
20039,3.3,9
20041,23.3,7
20043,20.2,3
20045,243.1,3
20047,4.9,9
20049,4.5,8
20051,31.6,5
20053,9.1,7
20055,28.2,5
20057,30.8,5
20059,45.5,6
20061,89.3,4
20063,2.5,9
20065,2.9,9
20067,13.6,7
20069,6.9,9
20071,1.6,9
20073,5.9,6
20075,2.7,9
20077,7.5,8
20079,64.3,2
20081,7.4,9
20083,2.2,9
20085,20.5,3
20087,35.9,3
20089,3.4,9
20091,1149.6,1
20093,4.6,9
20095,9.1,2
20097,3.5,9
20099,33.5,7
20101,2.4,9
20103,164.7,1
20105,4.5,9
20107,16.3,1
20109,2.6,9
20111,39.8,4
20113,32.5,7
20115,13.4,6
20117,11.2,6
20119,4.7,9
20121,57,1
20123,9.1,7
20125,55.1,5
20127,8.5,8
20129,4.4,9
20131,14.2,6
20133,28.9,7
20135,2.9,9
20137,6.5,7
20139,23.1,3
20141,4.3,9
20143,8.5,9
20145,9.2,7
20147,6.4,7
20149,25.7,3
20151,13.1,7
20153,2.4,9
20155,51.4,4
20157,6.9,9
20159,13.9,7
20161,116.6,3
20163,5.8,9
20165,4.6,9
20167,7.9,7
20169,77.2,5
20171,6.9,7
20173,499.6,2
20175,35.9,5
20177,327.1,3
20179,2.9,9
20181,5.7,7
20183,4.3,9
20185,5.6,9
20187,3.3,9
20189,7.9,7
20191,20.4,2
20193,7.4,7
20195,3.4,9
20197,8.9,3
20199,1.6,9
20201,6.5,9
20203,3.1,9
20205,16.5,7
20207,6.6,9
20209,1039,1
21000,109.9,NA
21001,46,7
21003,58,3
21005,106.1,6
21007,33.4,9
21009,86.5,6
21011,41.6,8
21013,79.9,7
21015,482.3,1
21017,69,2
21019,309.9,2
21021,157.8,7
21023,41.3,1
21025,28.2,7
21027,35.4,8
21029,250.2,1
21031,29.8,3
21033,37.7,7
21035,96.6,7
21037,597,1
21039,26.9,9
21041,84.1,6
21043,67.7,6
21045,35.9,9
21047,103.1,2
21049,141.1,2
21051,46.3,7
21053,52.1,9
21055,25.9,7
21057,22.5,9
21059,210.9,3
21061,40.2,3
21063,33.5,9
21065,58,6
21067,1042.8,2
21069,41.2,7
21071,100.3,7
21073,237.2,4
21075,33.2,9
21077,84.8,1
21079,73.5,6
21081,95.6,1
21083,67.3,7
21085,51.8,6
21087,39.4,8
21089,107.2,2
21091,45.6,3
21093,169.3,3
21095,62.9,7
21097,61.5,6
21099,44.2,8
21101,105.9,2
21103,53.9,1
21105,20.2,9
21107,86.6,5
21109,39.1,9
21111,1948.1,1
21113,282.3,2
21115,89.2,7
21117,996.7,1
21119,46.5,9
21121,82.5,7
21123,54.3,3
21125,135.6,5
21127,38.2,6
21129,37.8,9
21131,28.2,9
21133,72.6,9
21135,28.7,8
21137,74.1,7
21139,30.4,9
21141,48.6,6
21143,38.9,9
21145,263.6,5
21147,42.9,9
21149,37.8,3
21151,189.6,4
21153,43.2,9
21155,57.8,7
21157,104.4,7
21159,56.3,9
21161,72.8,6
21163,93.6,3
21165,31,9
21167,85.7,6
21169,34.9,9
21171,33.3,8
21173,134.3,6
21175,36.5,9
21177,67.4,6
21179,104,6
21181,36.6,8
21183,40.6,6
21185,322.2,1
21187,30.9,8
21189,24.1,9
21191,53.7,1
21193,84.5,7
21195,82.6,7
21197,70.5,6
21199,95.8,5
21201,22.8,8
21203,53.9,7
21205,83.4,7
21207,69.2,9
21209,167.4,2
21211,110.8,1
21213,74,6
21215,91.4,1
21217,92,7
21219,33.3,8
21221,32.5,2
21223,58.1,1
21225,43.8,6
21227,210.1,3
21229,39.4,9
21231,45.4,7
21233,41,8
21235,81.4,7
21237,33.1,9
21239,132.1,2
22000,104.9,NA
22001,94.3,2
22003,33.8,6
22005,369.7,2
22007,69.2,6
22009,50.5,6
22011,30.8,6
22013,17.7,6
22015,139.3,2
22017,290.2,2
22019,181.2,3
22021,19.1,8
22023,5.3,3
22025,14.7,9
22027,22.8,6
22029,29.9,7
22031,30.4,2
22033,966.6,2
22035,18.4,7
22037,44.7,2
22039,51.3,6
22041,33.2,7
22043,34.7,3
22045,127.6,2
22047,54,2
22049,28.6,6
22051,1463.1,1
22053,48.5,6
22055,824.6,2
22057,90.2,3
22059,23.8,6
22061,99.1,4
22063,197.5,2
22065,19.4,7
22067,35.2,6
22069,31.6,6
22071,2029.4,1
22073,251.8,3
22075,29.5,1
22077,40.9,2
22079,99.9,3
22081,23.4,8
22083,37.1,6
22085,28,6
22087,95.1,1
22089,189.1,1
22091,27.4,2
22093,91.5,1
22095,215.5,1
22097,90.3,4
22099,70.7,2
22101,98.4,4
22103,276.4,1
22105,153,3
22107,8.7,9
22109,90.8,3
22111,25.9,3
22113,49.4,2
22115,39.4,5
22117,70.4,6
22119,69.5,2
22121,123.6,2
22123,32.3,9
22125,38.8,2
22127,16.1,6
23000,43.1,NA
23001,230.2,3
23003,10.8,7
23005,337.2,2
23007,18.1,6
23009,34.3,6
23011,140.8,4
23013,108.8,7
23015,75.6,8
23017,27.8,6
23019,45.3,3
23021,4.4,8
23023,139.1,2
23025,13.3,6
23027,53.1,6
23029,12.8,7
23031,199,2
24000,594.8,NA
24001,177,3
24003,1295.9,1
24005,1345.5,1
24009,416.3,1
24011,103.5,6
24013,373.4,1
24015,292,1
24017,320.2,1
24019,60.3,6
24021,353.5,1
24023,46.5,6
24025,560.1,1
24027,1144.9,1
24029,72.9,6
24031,1978.2,1
24033,1788.8,1
24035,128.5,1
24037,294.4,3
24039,82.8,2
24041,140.7,6
24043,322.1,2
24045,263.7,2
24047,109.9,2
24510,7671.5,1
25000,839.4,NA
25001,548.3,3
25003,141.6,3
25005,991.3,1
25007,160.2,7
25009,1508.8,1
25011,102.1,4
25013,751,2
25015,299.8,2
25017,1837.9,1
25019,226.2,7
25021,1693.6,1
25023,750.9,1
25025,12415.6,1
25027,528.6,2
26000,174.8,NA
26001,16.2,9
26003,10.5,7
26005,135,4
26007,51.8,7
26009,49.6,9
26011,43.8,8
26013,9.9,9
26015,107,2
26017,243.7,3
26019,54.8,9
26021,276.2,3
26023,89.4,6
26025,192.8,3
26027,106.7,2
26029,62.3,7
26031,36.6,7
26033,24.7,7
26035,54.8,6
26037,133.1,2
26039,25.3,7
26041,31.7,5
26043,34.4,7
26045,187.4,2
26047,69.9,7
26049,668.5,2
26051,51.2,6
26053,14.9,7
26055,187.3,5
26057,74.7,6
26059,78.1,6
26061,36.3,5
26063,39.6,7
26065,505.1,2
26067,111.9,4
26069,47.1,7
26071,10.1,7
26073,122.8,4
26075,228.4,3
26077,445.7,2
26079,30.6,7
26081,711.5,2
26083,4,9
26085,20.3,9
26087,137.4,1
26089,62.5,9
26091,133.3,4
26093,320.2,1
26095,7.4,7
26097,10.9,7
26099,1754.9,1
26101,45.6,7
26103,37.1,5
26105,58,7
26107,77.1,6
26109,23,7
26111,162,3
26113,26.3,9
26115,276.7,3
26117,89.8,2
26119,17.9,9
26121,344.9,3
26123,59.6,6
26125,1385.7,1
26127,51.9,6
26129,38.5,9
26131,5.2,9
26133,41.5,9
26135,15.3,9
26137,46.9,7
26139,468.2,2
26141,20.3,7
26143,47.1,7
26145,250.2,3
26147,226.1,1
26149,122.4,4
26151,44.8,6
26153,7.2,7
26155,133.1,4
26157,69.4,6
26159,125.5,2
26161,488.4,2
26163,2974.4,1
26165,57.9,7
27000,66.6,NA
27001,8.9,8
27003,782.1,1
27005,24.7,6
27007,17.7,7
27009,94.2,3
27011,10.6,9
27013,85.6,3
27015,42.4,6
27017,41.1,2
27019,256.9,1
27021,14.1,9
27023,21.4,7
27025,129.9,1
27027,56.4,3
27029,8.7,8
27031,3.6,9
27033,18.3,7
27035,62.6,4
27037,709,1
27039,45.7,3
27041,56.5,6
27043,20.4,6
27045,24.2,3
27047,44.2,7
27049,61,4
27051,11,9
27053,2081.7,1
27055,34.5,3
27057,22.1,7
27059,86.8,1
27061,16.9,6
27063,14.6,7
27065,31.1,6
27067,53,4
27069,4.1,9
27071,4.3,6
27073,9.5,9
27075,5.2,6
27077,3.1,9
27079,61.7,1
27081,11,9
27083,36.2,7
27085,74.6,6
27087,9.7,8
27089,5.3,8
27091,29.3,7
27093,38.3,6
27095,45.6,1
27097,29.5,6
27099,55.1,4
27101,12.4,9
27103,73,3
27105,29.9,7
27107,7.9,8
27109,220.8,3
27111,29.1,6
27113,22.6,6
27115,21.1,6
27117,20.6,6
27119,16,3
27121,16.4,8
27123,3341.6,1
27125,9.5,8
27127,18.3,7
27129,16,8
27131,129.4,4
27133,20.1,6
27135,9.3,7
27137,32,2
27139,364.5,1
27141,204.4,1
27143,25.9,1
27145,112.2,3
27147,85.1,5
27149,17.3,7
27151,13.2,7
27153,26.3,6
27155,6.2,9
27157,41.4,3
27159,25.8,7
27161,45.2,6
27163,619.7,1
27165,25.8,6
27167,8.8,6
27169,82.2,4
27171,188.5,1
27173,13.8,9
28000,63.2,NA
28001,69.8,5
28003,92.6,7
28005,18,8
28007,26.6,6
28009,21.5,1
28011,39,7
28013,25.5,9
28015,16.9,9
28017,34.7,7
28019,20.4,9
28021,19.7,8
28023,24.2,9
28025,50.3,7
28027,47.3,7
28029,37.9,2
28031,47.3,8
28033,338.7,1
28035,160.7,3
28037,14.4,9
28039,47.2,6
28041,20.2,8
28043,51.9,7
28045,92.7,2
28047,326,2
28049,282,2
28051,25.4,6
28053,22.4,6
28055,3.4,8
28057,43.9,7
28059,193.2,2
28061,25.2,9
28063,14.9,8
28065,30.6,8
28067,97.5,4
28069,13.6,9
28071,75,4
28073,112,3
28075,114.1,5
28077,30,8
28079,40.8,6
28081,184.3,5
28083,54.5,5
28085,59.5,6
28087,118.3,5
28089,133.2,2
28091,49.9,6
28093,52.6,1
28095,48.3,7
28097,26.8,7
28099,52.1,7
28101,37.6,7
28103,16.6,7
28105,104,5
28107,50.7,6
28109,68.9,6
28111,18.9,3
28113,98.8,6
28115,60.2,7
28117,60.9,7
28119,20.3,6
28121,182.6,2
28123,46.4,6
28125,11.4,8
28127,46.7,2
28129,25.9,8
28131,39.9,6
28133,42.2,7
28135,23.8,7
28137,71.4,1
28139,48.6,6
28141,46.2,8
28143,23.7,1
28145,65.3,6
28147,38.2,9
28149,82.9,4
28151,70.6,5
28153,25.6,7
28155,24.4,9
28157,14.6,8
28159,31.6,7
28161,27.1,7
28163,30.4,2
29000,87.1,NA
29001,45.1,7
29003,40,3
29005,10.4,9
29007,36.9,6
29009,45.7,6
29011,21,6
29013,20.4,1
29015,27.1,7
29017,20,3
29019,237.3,3
29021,218.6,3
29023,61.6,5
29025,22.1,1
29027,53.1,3
29029,67.1,7
29031,130.8,3
29033,13.4,6
29035,12.3,9
29037,142.8,1
29039,29.5,6
29041,10.4,9
29043,137.6,2
29045,14.1,9
29047,558.6,1
29049,49.5,1
29051,193,3
29053,31.2,6
29055,33.3,6
29057,16.1,8
29059,31,2
29061,15,8
29063,30.6,3
29065,20.8,7
29067,16.8,6
29069,59.1,7
29071,110,1
29073,29.4,6
29075,13.7,8
29077,407.5,2
29079,23.6,7
29081,12.4,7
29083,32,6
29085,24.1,8
29087,10.6,8
29089,21.9,6
29091,43.6,7
29093,19.3,7
29095,1115.3,1
29097,183.9,3
29099,333.1,1
29101,63.4,4
29103,8.2,9
29105,46.5,6
29107,53.1,1
29109,63.2,6
29111,20.2,9
29113,83.9,1
29115,20.7,7
29117,28.5,6
29119,42.8,2
29121,19.4,7
29123,24.7,6
29125,17.4,8
29127,65.9,5
29129,8.3,9
29131,41.8,6
29133,34.9,6
29135,37.6,3
29137,13.6,9
29139,22.8,6
29141,34.4,8
29143,28.1,7
29145,93,3
29147,26.6,6
29149,13.8,9
29151,23,3
29153,13.1,9
29155,37.1,7
29157,40,6
29159,61.9,4
29161,67.2,5
29163,27.6,6
29165,212.6,1
29167,49,2
29169,95.5,5
29171,9.6,9
29173,21.6,9
29175,52.7,6
29177,41.3,1
29179,8.3,9
29181,22.4,9
29183,643.2,1
29185,14.6,8
29186,36.4,6
29187,144.6,4
29189,1967.2,1
29195,30.9,6
29197,14.4,9
29199,11.1,9
29201,93.3,4
29203,8.4,9
29205,12.7,9
29207,36.4,6
29209,69.4,6
29211,10.4,9
29213,81.7,4
29215,22.1,9
29217,25.6,7
29219,75.9,1
29221,33.2,6
29223,17.8,9
29225,61.1,2
29227,8.1,9
29229,27.6,6
29510,5157.5,1
30000,6.8,NA
30001,1.7,7
30003,2.6,6
30005,1.5,9
30007,4.7,9
30009,4.9,3
30011,0.3,9
30013,30.1,3
30015,1.5,8
30017,3.1,7
30019,1.2,9
30021,3.8,7
30023,12.6,7
30025,1.8,9
30027,2.7,7
30029,17.9,5
30031,34.4,5
30033,0.3,9
30035,4.5,7
30037,0.8,3
30039,1.8,8
30041,5.6,7
30043,6.9,9
30045,1.1,8
30047,19.3,6
30049,18.3,5
30051,1.6,9
30053,5.4,7
30055,0.7,9
30057,2.1,9
30059,0.8,9
30061,3.5,8
30063,42.1,3
30065,2.4,8
30067,5.6,7
30069,0.3,9
30071,0.8,9
30073,3.8,7
30075,0.5,9
30077,3,6
30079,0.7,9
30081,16.8,6
30083,4.7,7
30085,4.4,7
30087,1.8,9
30089,4.1,8
30091,2,9
30093,47.6,5
30095,5.1,8
30097,2,9
30099,2.7,8
30101,2.8,7
30103,0.7,8
30105,1.5,7
30107,1.5,9
30109,1.1,9
30111,56.2,3
31000,23.8,NA
31001,55.7,4
31003,7.8,9
31005,0.6,9
31007,0.9,9
31009,0.7,9
31011,8,9
31013,10.5,7
31015,3.9,9
31017,2.6,9
31019,47.6,4
31021,14,8
31023,14.4,6
31025,45.3,2
31027,12,9
31029,4.4,9
31031,1,7
31033,8.4,7
31035,11.4,8
31037,25.5,7
31039,16,7
31041,4.2,7
31043,79.5,3
31045,6.6,7
31047,24,7
31049,4.4,9
31051,12.6,3
31053,69.4,4
31055,1574.4,2
31057,2.2,9
31059,10.2,8
31061,5.6,9
31063,2.8,9
31065,6.9,9
31067,26.2,6
31069,1.2,9
31071,3.6,9
31073,4.5,9
31075,0.8,9
31077,4.5,8
31079,107.3,3
31081,16.8,3
31083,6.2,9
31085,1.4,9
31087,4.1,9
31089,4.3,7
31091,1,9
31093,11,3
31095,13.2,7
31097,13.9,8
31099,12.6,7
31101,7.9,7
31103,1.1,9
31105,4,8
31107,7.9,9
31109,340.8,2
31111,14.2,5
31113,1.3,9
31115,1.1,9
31117,0.6,9
31119,60.9,5
31121,16.2,3
31123,3.5,9
31125,8.5,8
31127,17.8,7
31129,7.8,9
31131,25.6,6
31133,6.4,9
31135,3.4,9
31137,17,7
31139,12.7,9
31141,47.8,5
31143,12.3,9
31145,15.4,7
31147,15.2,7
31149,1.5,9
31151,24.7,6
31153,664.6,2
31155,27.7,2
31157,50,5
31159,29.3,2
31161,2.2,9
31163,5.6,8
31165,0.6,9
31167,14.3,9
31169,9.1,9
31171,0.9,9
31173,17.6,8
31175,7.5,9
31177,51.9,2
31179,21.7,6
31181,6.6,9
31183,1.4,9
31185,23.9,6
32000,24.6,NA
32001,5,6
32003,247.3,1
32005,66.2,4
32007,2.8,5
32009,0.2,9
32011,0.5,9
32013,1.7,7
32015,1.1,7
32017,0.5,8
32019,26,4
32021,1.3,7
32023,2.4,4
32027,1.1,9
32029,15.3,2
32031,66.9,2
32033,1.1,7
32510,382.1,3
33000,147,NA
33001,150.1,4
33003,51.4,6
33005,109.1,4
33007,18.4,7
33009,52.2,5
33011,457.4,2
33013,156.8,4
33015,425,1
33017,333.7,1
33019,81.4,7
34000,1195.5,NA
34001,494.1,2
34003,3884.5,1
34005,561.9,1
34007,2321.5,1
34009,386.9,3
34011,324.4,3
34013,6211.5,1
34015,895.3,1
34017,13731.4,1
34019,300,1
34021,1632.2,2
34023,2621.6,1
34025,1344.7,1
34027,1069.8,1
34029,917,1
34031,2715.3,1
34033,199.1,1
34035,1071.7,1
34037,287.6,1
34039,5216.1,1
34041,304.5,2
35000,17,NA
35001,570.8,2
35003,0.5,9
35005,10.8,5
35006,6,6
35007,3.7,7
35009,34.4,5
35011,0.9,9
35013,55,3
35015,12.9,5
35017,7.4,7
35019,1.5,7
35021,0.3,9
35023,1.4,9
35025,14.7,5
35027,4.2,7
35028,164.4,6
35029,8.5,6
35031,13.1,5
35033,2.5,9
35035,9.6,4
35037,3.1,7
35039,6.9,4
35041,8.1,7
35043,35.5,2
35045,23.6,3
35047,6.2,6
35049,75.5,3
35051,2.9,6
35053,2.7,6
35055,15,7
35057,4.9,2
35059,1.2,9
35061,71.8,2
36000,411.2,NA
36001,581.9,2
36003,47.6,7
36005,32903.3,1
36007,284.2,2
36009,61.4,4
36011,115.7,4
36013,127.2,4
36015,218.1,3
36017,56.5,6
36019,79.1,5
36021,99.4,6
36023,98.9,4
36025,33.3,6
36027,373.9,1
36029,881.4,1
36031,21.9,6
36033,31.7,7
36035,112.1,4
36037,121.9,4
36039,76.1,6
36041,2.8,8
36043,45.7,2
36045,91.6,3
36047,35369.2,1
36049,21.3,6
36051,103.5,1
36053,112.2,2
36055,1132.6,1
36057,124.6,4
36059,4704.8,1
36061,69468.4,1
36063,414.4,1
36065,193.7,2
36067,600,2
36069,167.6,1
36071,459.3,1
36073,109.6,1
36075,128.3,2
36077,62.2,7
36079,432.9,1
36081,20553.6,1
36083,244.4,2
36085,8030.3,1
36087,1795.9,1
36089,41.8,4
36091,271.1,2
36093,756.6,2
36095,52.7,2
36097,55.9,6
36099,108.9,6
36101,71.2,4
36103,1637.4,1
36105,80.1,4
36107,98.6,2
36109,214,3
36111,162.3,3
36113,75.8,3
36115,76.1,3
36117,155.3,1
36119,2204.7,1
36121,71.1,6
36123,75,1
37000,196.1,NA
37001,356.5,3
37003,143.1,2
37005,47.5,9
37007,50.7,6
37009,64,7
37011,72,8
37013,57.7,6
37015,30.4,7
37017,40.2,6
37019,126.8,2
37021,362.9,2
37023,179.3,2
37025,492.1,1
37027,176.1,2
37029,41.5,8
37031,131.3,4
37033,55.8,8
37035,387.1,2
37037,93.1,2
37039,60.3,9
37041,85.8,6
37043,49.3,9
37045,211.3,4
37047,62,6
37049,146,3
37051,489.7,2
37053,89.9,1
37055,88.5,4
37057,294.7,2
37059,156.1,2
37061,71.7,6
37063,935.7,2
37065,111.9,3
37067,859.2,2
37069,123.3,1
37071,578.8,1
37073,35.8,1
37075,30.3,9
37077,112.7,4
37079,80.3,8
37081,756.4,2
37083,75.5,4
37085,192.7,4
37087,106.6,2
37089,286.1,2
37091,69.9,6
37093,120.2,2
37095,9.5,9
37097,277.8,1
37099,82.1,6
37101,213.4,1
37103,21.6,3
37105,227,4
37107,148.5,4
37109,262.7,1
37111,102.1,6
37113,65.8,7
37115,46.2,2
37117,53.1,6
37119,1755.5,1
37121,70.4,7
37123,56.5,6
37125,126.5,4
37127,177.3,3
37129,1058.1,2
37131,41.2,9
37133,233.1,3
37135,336.2,2
37137,39.1,3
37139,179.2,4
37141,60,2
37143,54.4,8
37145,100.6,2
37147,257.9,3
37149,86.3,8
37151,181.1,2
37153,98.4,5
37155,141.3,4
37157,165.6,2
37159,270.7,1
37161,120.2,4
37163,67.1,6
37165,113.4,6
37167,153.3,6
37169,105.6,2
37171,138.4,4
37173,26.5,8
37175,87.4,6
37177,11.3,9
37179,318.7,1
37181,179.2,4
37183,1078.8,1
37185,48.9,8
37187,38,7
37189,163.4,5
37191,221.7,3
37193,91.9,6
37195,220.6,4
37197,114.7,2
37199,57,8
38000,9.7,NA
38001,2.4,9
38003,7.4,6
38005,4.8,9
38007,0.7,9
38009,3.9,9
38011,2.7,9
38013,1.8,9
38015,49.8,3
38017,84.9,3
38019,2.7,9
38021,4.7,9
38023,1.6,9
38025,1.8,9
38027,3.8,9
38029,2.4,8
38031,5.3,9
38033,1.7,9
38035,46.5,3
38037,1.4,8
38039,3.4,9
38041,2.2,9
38043,1.8,8
38045,3.6,9
38047,2,9
38049,2.9,9
38051,2.9,9
38053,2.3,9
38055,4.2,8
38057,8.1,7
38059,14.3,3
38061,4.2,9
38063,3.2,8
38065,2.6,3
38067,6.6,9
38069,4.3,7
38071,9.6,7
38073,6.3,8
38075,2.8,9
38077,11.4,6
38079,15.4,9
38081,4.5,9
38083,1.4,9
38085,3.8,3
38087,0.6,9
38089,18.1,7
38091,2.8,8
38093,9.5,7
38095,2.2,9
38097,9.4,8
38099,8.7,6
38101,30.6,5
38103,3.3,9
38105,10.8,7
39000,282.3,NA
39001,48.9,6
39003,264.2,3
39005,125.6,4
39007,144.6,4
39009,128.6,4
39011,114.5,4
39013,132.3,3
39015,91.5,1
39017,788.2,1
39019,73.1,2
39021,93.5,6
39023,348,3
39025,436.5,1
39027,102.9,6
39029,202.7,4
39031,65.4,6
39033,109,4
39035,2800,1
39037,88.5,6
39039,94.9,4
39041,393.2,1
39043,306.4,4
39045,289.8,1
39047,71.4,6
39049,2186.1,1
39051,105.3,2
39053,66.3,6
39055,233.4,1
39057,390.5,2
39059,76.8,6
39061,1976.7,1
39063,140.7,4
39065,68.1,6
39067,39.4,6
39069,67.8,6
39071,78.8,6
39073,69.7,1
39075,100.3,7
39077,121.3,4
39079,79,7
39081,170.7,3
39083,115.9,4
39085,1011.2,1
39087,137.7,2
39089,243.9,1
39091,100,6
39093,613.6,1
39095,1296.2,2
39097,93.2,1
39099,580.2,2
39101,164.7,4
39103,409,1
39105,55.3,6
39107,88.3,7
39109,252.1,2
39111,32.1,8
39113,1159.5,2
39115,36.2,6
39117,85.8,1
39119,129.5,4
39121,36.8,7
39123,162.5,4
39125,47.1,6
39127,88.4,1
39129,111.1,1
39131,65.2,7
39133,331.2,2
39135,99.7,6
39137,71.5,6
39139,251.3,3
39141,113.3,4
39143,149.2,4
39145,130.3,4
39147,103,4
39149,121.2,4
39151,652.9,2
39153,1312.6,2
39155,340.1,2
39157,163.1,4
39159,121.1,1
39161,70.3,6
39163,32.6,8
39165,530,1
39167,97.8,4
39169,206.4,4
39171,89.4,6
39173,203.3,2
39175,55.6,7
40000,54.7,NA
40001,39.6,6
40003,6.5,9
40005,14.5,9
40007,3.1,9
40009,24.5,7
40011,12.9,6
40013,46.9,6
40015,23.2,6
40017,128.9,1
40019,57.8,5
40021,62.7,6
40023,19.7,7
40025,1.3,9
40027,474.7,1
40029,11.5,9
40031,116.1,3
40033,9.8,3
40035,19.7,6
40037,73.6,2
40039,27.8,7
40041,56.2,6
40043,4.8,9
40045,3.4,9
40047,57.2,5
40049,34.4,6
40051,47.6,1
40053,4.5,9
40055,9.8,7
40057,5.4,9
40059,3.5,9
40061,22.1,6
40063,17.4,7
40065,32.9,7
40067,8.5,8
40069,17,9
40071,50.6,5
40073,16.7,6
40075,9.3,6
40077,15.4,7
40079,31.7,2
40081,36,1
40083,56.3,1
40085,18.3,9
40087,60.5,1
40089,17.9,7
40091,32.7,6
40093,7.9,9
40095,42.7,6
40097,63,6
40099,32.4,7
40101,87.6,4
40103,15.8,6
40105,18.6,6
40107,19.7,6
40109,1013.8,1
40111,57.5,2
40113,21.1,2
40115,67.6,6
40117,29.2,2
40119,113,4
40121,35.1,5
40123,52,7
40125,88.2,4
40127,8.3,9
40129,3.2,9
40131,128.6,2
40133,40.3,7
40135,63,2
40137,51.8,4
40139,10.1,7
40141,9.2,6
40143,1058.1,2
40145,130.1,2
40147,122.7,4
40149,11.6,7
40151,6.9,7
40153,16.2,7
41000,39.9,NA
41001,5.3,7
41003,126.6,3
41005,201,1
41007,44.7,4
41009,75.1,1
41011,39.5,5
41013,7,6
41015,13.7,7
41017,52.3,3
41019,21.4,4
41021,1.6,9
41023,1.6,9
41025,0.7,7
41027,42.8,6
41029,73,3
41031,12.2,6
41033,50.4,3
41035,11.2,5
41037,1,7
41039,77.2,2
41041,47,5
41043,50.9,3
41045,3.2,6
41047,266.7,2
41049,5.5,6
41051,1704.9,1
41053,101.8,2
41055,2.1,9
41057,22.9,6
41059,23.6,4
41061,12.6,7
41063,2.2,9
41065,10.6,6
41067,731.4,1
41069,0.8,9
41071,138.6,1
42000,283.9,NA
42001,195.5,3
42003,1675.6,1
42005,105.5,1
42007,392.3,1
42009,49.2,6
42011,480.4,2
42013,241.7,3
42015,54.6,6
42017,1034.7,1
42019,233.1,1
42021,208.7,3
42023,12.8,7
42025,171.1,2
42027,138.7,3
42029,664.7,1
42031,66.6,6
42033,71.3,4
42035,44.2,4
42037,139.3,3
42039,87.7,4
42041,431.6,2
42043,510.6,2
42045,3040.5,1
42047,38.6,7
42049,351.1,2
42051,172.8,1
42053,18.1,9
42055,193.7,3
42057,33.9,8
42059,67.2,6
42061,52.5,6
42063,107.5,4
42065,69.3,7
42067,63,6
42069,467.1,2
42071,550.4,2
42073,254.4,4
42075,369.1,3
42077,1012.5,2
42079,360.4,2
42081,94.5,3
42083,44.4,7
42085,173.4,2
42087,113.6,4
42089,279.2,3
42091,1655.9,1
42093,140.3,3
42095,805.4,2
42097,206.2,4
42099,83.4,2
42101,11379.5,1
42103,105.3,1
42105,16.1,9
42107,190.4,4
42109,120.8,7
42111,72.4,4
42113,14.3,8
42115,52.7,6
42117,37,6
42119,142.2,4
42121,81.5,4
42123,47.3,6
42125,242.5,1
42127,72.8,6
42129,355.4,1
42131,71.2,2
42133,481.1,2
44000,1018.1,NA
44001,2064,1
44003,985.9,1
44005,809.6,1
44007,1530.3,1
44009,385.7,1
45000,153.9,NA
45001,51.8,6
45003,149.5,2
45005,25.5,6
45007,261.6,2
45009,40.6,7
45011,41.2,6
45013,281.5,3
45015,161.8,2
45017,39.8,2
45019,382.3,2
45021,140.9,4
45023,57.1,1
45025,58.5,6
45027,57.6,6
45029,36.8,6
45031,122.4,3
45033,79.2,6
45035,238.2,2
45037,53.9,2
45039,34.9,2
45041,171.1,3
45043,73.9,4
45045,574.7,2
45047,153.2,4
45049,37.7,6
45051,237.5,2
45053,37.8,3
45055,84.9,2
45057,139.6,1
45059,93.2,2
45061,46.9,6
45063,375.4,2
45065,28.5,8
45067,67.6,6
45069,60.3,6
45071,59.5,6
45073,118.6,4
45075,83.6,4
45077,240.2,2
45079,507.9,2
45081,43.9,2
45083,351.9,2
45085,161.6,3
45087,56.3,2
45089,36.8,6
45091,332.2,1
46000,10.7,NA
46003,3.8,9
46005,13.8,7
46007,2.9,9
46009,12.5,9
46011,40.3,5
46013,21.3,5
46015,6.4,9
46017,4.1,9
46019,4.5,6
46021,2,9
46023,8.3,9
46025,3.9,9
46027,33.6,6
46029,39.5,5
46031,1.6,9
46033,5.3,3
46035,44.8,7
46037,5.6,9
46039,7,9
46041,2.3,9
46043,7,9
46045,3.6,9
46047,4.1,6
46049,2.4,9
46051,10.8,7
46053,4.2,9
46055,1.1,8
46057,11.6,9
46059,2.4,9
46061,7.7,8
46063,0.5,9
46065,23,7
46067,9,8
46069,1.7,9
46071,1.6,8
46073,3.9,9
46075,1,9
46077,6.2,9
46079,19.9,6
46081,30.1,6
46083,77.7,3
46085,2.3,9
46087,9.8,3
46089,2.2,9
46091,5.6,9
46093,7.3,3
46095,1.6,9
46097,4.2,8
46099,210,3
46101,12.5,8
46102,NA,6
46103,36.4,3
46105,1,8
46107,2.7,9
46109,9.2,9
46111,4.1,9
46115,4.3,9
46117,2.1,9
46119,1.4,9
46121,6.9,9
46123,3.5,7
46125,13.5,3
46127,31.3,3
46129,7.7,7
46135,43.1,7
46137,1.4,8
47000,153.9,NA
47001,222.8,2
47003,95.1,4
47005,41.8,7
47007,31.7,8
47009,220.2,2
47011,301,3
47013,84.8,2
47015,52,1
47017,47.6,6
47019,168.3,3
47021,129.3,1
47023,60,3
47025,74.1,6
47027,33.2,9
47029,82.1,6
47031,123.1,4
47033,54.9,3
47035,82.3,4
47037,1243.3,1
47039,35.2,9
47041,61.5,6
47043,101.4,1
47045,74.8,5
47047,54.5,1
47049,36,9
47051,74,6
47053,82.4,4
47055,48.3,6
47057,80.7,2
47059,110.6,4
47061,38,8
47063,388,3
47065,620.3,2
47067,30.7,8
47069,40.8,6
47071,45.1,6
47073,116.7,2
47075,35.2,6
47077,53.4,6
47079,57.5,7
47081,40.3,1
47083,42.1,8
47085,34.9,6
47087,37.7,8
47089,187.6,3
47091,61.1,6
47093,850.5,2
47095,47.2,9
47097,58.9,6
47099,67.8,6
47101,43.1,6
47103,58.5,6
47105,211.8,2
47107,121.5,4
47109,46.3,6
47111,72.4,1
47113,176.4,3
47115,56.7,2
47117,81.5,6
47119,132,1
47121,60.2,8
47123,70,6
47125,319.6,2
47127,49.2,9
47129,42.1,2
47131,58.4,7
47133,50.9,7
47135,19.1,8
47137,31.2,9
47139,38.7,3
47141,180.3,4
47143,100.9,6
47145,150.2,2
47147,139.2,1
47149,424,1
47151,41.8,6
47153,53.1,2
47155,151.7,4
47157,1215.5,1
47159,61,1
47161,29,8
47163,379.4,2
47165,303.4,1
47167,133.3,1
47169,68.9,1
47171,98.4,3
47173,85.5,2
47175,20.3,9
47177,92.1,6
47179,376.7,3
47181,23.2,8
47183,60.3,7
47185,68.6,7
47187,314.4,1
47189,199.7,1
48000,96.3,NA
48001,55,7
48003,9.9,6
48005,108.8,5
48007,91.9,2
48009,10,3
48011,2.1,2
48013,36.8,1
48015,44,1
48017,8.7,7
48019,25.9,1
48021,83.5,1
48023,4.3,8
48025,36.2,6
48027,295.2,2
48029,1383.1,1
48031,14.8,8
48033,0.7,8
48035,18.5,6
48037,104.6,3
48039,230.7,1
48041,332.8,3
48043,1.5,7
48045,1.8,9
48047,7.7,7
48049,40.3,5
48051,26.1,3
48053,43,6
48055,69.8,1
48057,42.2,6
48059,15.1,3
48061,456,2
48063,63.3,6
48065,6.7,2
48067,32.5,6
48069,9,6
48071,58.8,1
48073,48.3,6
48075,10.1,7
48077,9.9,3
48079,4,9
48081,3.6,8
48083,7,6
48085,930,1
48087,3.3,9
48089,21.7,6
48091,193.9,1
48093,14.9,7
48095,4.2,8
48097,43.9,6
48099,71.7,2
48101,1.7,9
48103,5.6,6
48105,1.3,7
48107,6.7,2
48109,0.6,9
48111,4.5,7
48113,2718,1
48115,15.4,7
48117,12.9,6
48119,20.4,8
48121,754.3,1
48123,22.1,6
48125,2.7,8
48127,7.5,6
48129,4,8
48131,6.6,7
48133,20.1,6
48135,152.8,3
48137,0.9,9
48139,159.9,1
48141,790.6,2
48143,35,4
48145,23.3,2
48147,38.1,6
48149,25.8,6
48151,4.4,8
48153,6.5,6
48155,1.9,9
48157,679.5,1
48159,37.3,7
48161,22.6,7
48163,15.2,6
48165,11.7,7
48167,769.9,1
48169,7.2,6
48171,23.5,7
48173,1.4,8
48175,8.5,3
48177,18.6,6
48179,24.3,6
48181,129.6,3
48183,445.4,3
48185,33.8,6
48187,184.9,1
48189,36.1,4
48191,3.8,9
48193,10.2,6
48195,6.1,7
48197,6,9
48199,61.3,2
48201,2402.4,1
48203,72.9,4
48205,4.1,7
48207,6.5,6
48209,231.7,1
48211,4.2,7
48213,89.9,4
48215,493.2,2
48217,36.6,6
48219,25.2,6
48221,121.7,1
48223,45.8,6
48225,19.3,7
48227,38.9,4
48229,0.8,2
48231,102.5,1
48233,25,6
48235,1.5,3
48237,9.9,6
48239,17,6
48241,38,6
48243,1,9
48245,287.9,2
48247,4.7,6
48249,47.2,4
48251,208.3,1
48253,21.8,3
48255,19.8,6
48257,132.4,1
48259,50.4,1
48261,0.3,9
48263,0.9,9
48265,45,4
48267,3.7,7
48269,0.3,9
48271,2.6,7
48273,36.4,4
48275,4.4,9
48277,54.9,5
48279,13.8,6
48281,27.6,2
48283,4.6,6
48285,19.9,6
48287,26.4,6
48289,15.7,8
48291,65.3,1
48293,25.8,6
48295,3.5,9
48297,11.1,8
48299,20.7,7
48301,0.1,9
48303,311.3,2
48305,6.6,2
48307,7.8,7
48309,226.5,2
48311,0.6,9
48313,29.3,6
48315,27.7,8
48317,5.2,3
48319,4.3,9
48321,33.4,4
48323,42.4,5
48325,34.7,1
48327,2.5,9
48329,152,3
48331,24.3,6
48333,6.6,9
48335,10.3,7
48337,21.2,6
48339,437.5,1
48341,24.3,7
48343,51.3,6
48345,1.2,9
48347,68.2,5
48349,47.3,4
48351,15.5,2
48353,16.7,6
48355,405.8,2
48357,11.1,7
48359,1.4,2
48361,245.3,2
48363,29.5,6
48365,29.7,6
48367,129.4,1
48369,11.7,7
48371,3.3,7
48373,43,6
48375,133.3,2
48377,2,7
48379,47.6,8
48381,132.4,2
48383,2.9,6
48385,4.7,9
48387,12.4,6
48389,5.2,7
48391,9.6,6
48393,1,9
48395,19.4,3
48397,616.7,1
48399,10,6
48401,57.7,3
48403,22,8
48405,16.7,9
48407,46.3,8
48409,93.5,2
48411,5.4,7
48413,2.6,8
48415,18.7,7
48417,3.7,8
48419,32,7
48421,3.3,9
48423,227.6,3
48425,45.5,1
48427,49.8,4
48429,10.7,7
48431,1.2,8
48433,1.6,9
48435,2.8,7
48437,8.8,6
48439,2094.7,1
48441,143.6,3
48443,0.4,9
48445,14.2,6
48447,1.8,9
48449,79.6,7
48451,72.4,3
48453,1034.4,1
48455,21,7
48457,23.5,6
48459,67.4,3
48461,2.7,8
48463,17,6
48465,15.5,5
48467,62.4,6
48469,98.4,3
48471,86.5,4
48473,84.1,1
48475,12.8,6
48477,55.8,6
48479,74.5,2
48481,38,4
48483,5.9,9
48485,209.5,3
48487,13.9,6
48489,37.5,6
48491,378,1
48493,53.4,1
48495,8.5,6
48497,65.4,1
48499,65,6
48501,9.9,7
48503,20.3,7
48505,14,6
48507,9,7
49000,33.6,NA
49001,2.6,7
49003,8.7,2
49005,96.7,3
49007,14.5,7
49009,1.5,9
49011,1025.8,2
49013,5.7,7
49015,2.5,7
49017,1,9
49019,2.5,7
49021,14,4
49023,3,2
49025,1.8,6
49027,1.9,7
49029,15.5,2
49031,2.1,9
49033,2.2,8
49035,1387.1,1
49037,1.9,7
49039,17.5,6
49041,10.9,7
49043,19.4,4
49045,8.4,1
49047,7.3,7
49049,257.8,2
49051,20,6
49053,56.9,3
49055,1.1,9
49057,401.4,2
50000,67.9,NA
50001,48,6
50003,55,6
50005,48.1,7
50007,291.7,3
50009,9.5,9
50011,75.3,3
50013,85.2,3
50015,53.3,8
50017,42.1,9
50019,39.3,7
50021,66.3,4
50023,86.6,4
50025,56.7,7
50027,58.5,7
51000,202.6,NA
51001,73.8,8
51003,137.3,3
51005,36.5,6
51007,35.7,1
51009,68.3,2
51011,44.9,2
51013,7993.5,1
51015,76.3,3
51017,8.9,8
51019,91.2,2
51021,19.1,8
51023,61.2,2
51025,30.8,6
51027,47.9,9
51029,29.6,3
51031,108.8,2
51033,54.1,1
51035,63.3,7
51036,39.7,1
51037,26.5,8
51041,747.1,1
51043,79.7,1
51045,15.7,2
51047,123.1,1
51049,33.8,8
51051,48.1,9
51053,55.6,1
51057,43.4,6
51059,2766.8,1
51061,100.7,1
51063,40.2,3
51065,89.8,3
51067,81.3,2
51069,189.4,3
51071,48.6,3
51073,169.2,1
51075,77.2,1
51077,35.1,9
51079,117.8,3
51081,41.5,6
51083,44.3,6
51085,213.1,1
51087,1313.4,1
51089,141.6,4
51091,5.6,8
51093,111.8,1
51095,470.4,1
51097,22,8
51099,131.3,6
51101,58.2,1
51103,85.5,9
51105,58.8,8
51107,605.8,1
51109,66.8,8
51111,29.9,9
51113,41.5,8
51115,104.5,1
51117,52.3,7
51119,84.1,8
51121,243.9,3
51125,31.9,3
51127,87.9,1
51131,58.5,8
51133,64.5,9
51135,50.4,6
51137,98.2,6
51139,77.3,6
51141,38.3,8
51143,65.5,4
51145,107.8,1
51147,66.8,6
51149,134.7,1
51153,1195,1
51155,109,3
51157,27.7,1
51159,48.3,9
51161,368.7,2
51163,37.3,6
51165,89.9,3
51167,61,7
51169,43.3,2
51171,82.5,6
51173,71.4,7
51175,31,6
51177,304.9,1
51179,479.5,1
51181,25.3,8
51183,24.7,1
51185,86.9,5
51187,176,1
51191,97.8,2
51193,76.1,6
51195,102.8,7
51197,63.3,6
51199,624.8,1
51510,9314.3,1
51520,1370.6,2
51530,992,6
51540,4246.3,3
51550,652,1
51570,2315.3,1
51580,1090.1,6
51590,1002.8,4
51595,859.8,6
51600,3616.6,1
51610,6169.8,1
51620,1045.8,6
51630,2326.2,1
51640,854.7,7
51650,2673.2,1
51660,2808.2,3
51670,2197.9,1
51678,2820.3,6
51680,1538.2,2
51683,3827.8,1
51685,5633.1,1
51690,1261.5,4
51700,2630,1
51710,4486.3,1
51720,529.1,7
51730,1413.8,1
51735,793.3,1
51740,2838.9,1
51750,1662.2,3
51760,3414.7,1
51770,2279.8,2
51775,1718,2
51790,1188.8,3
51800,211.4,1
51810,1758.9,1
51820,1396.8,3
51830,1559.3,1
51840,2838.1,3
53000,101.2,NA
53001,9.7,6
53003,34,3
53005,103,2
53007,24.8,3
53009,41.1,5
53011,676.2,1
53013,4.7,3
53015,89.8,3
53017,21.1,3
53019,3.4,9
53021,62.9,2
53023,3.2,8
53025,33.3,5
53027,38.3,4
53029,376.6,4
53031,16.6,6
53033,912.9,1
53035,635.9,2
53037,17.8,4
53039,10.9,6
53041,31.4,4
53043,4.6,8
53045,63.3,4
53047,7.8,6
53049,22.4,7
53051,9.3,2
53053,476.3,1
53055,90.7,9
53057,67.5,3
53059,6.7,1
53061,341.8,1
53063,267.2,2
53065,17.6,2
53067,349.4,2
53069,15.1,8
53071,46.3,3
53073,95.5,3
53075,20.7,4
53077,56.6,3
54000,77.1,NA
54001,48.6,6
54003,324.4,2
54005,49.1,3
54007,28.4,8
54009,269.8,3
54011,342.8,2
54013,27.3,8
54015,27.5,3
54017,25.7,9
54019,69.6,3
54021,25.7,7
54023,25,7
54025,34.8,6
54027,37.4,3
54029,371.3,3
54031,24.1,6
54033,166.1,5
54035,62.9,6
54037,255.2,1
54039,214.1,3
54041,42.5,7
54043,49.7,2
54045,81,6
54047,41.5,7
54049,182.7,4
54051,108.4,3
54053,63.4,6
54055,148.6,4
54057,86.1,3
54059,63.4,7
54061,267.1,3
54063,28.6,8
54065,76.6,8
54067,40.6,6
54069,420,3
54071,11.1,8
54073,58.5,6
54075,9.3,9
54077,51.7,3
54079,160.5,2
54081,130.3,3
54083,28.3,7
54085,23.1,8
54087,30.9,6
54089,38.6,6
54091,97.8,6
54093,17,8
54095,35.9,9
54097,68.4,7
54099,84,2
54101,16.5,9
54103,46.3,6
54105,24.6,3
54107,237.4,3
54109,47.6,6
55000,105,NA
55001,32.3,8
55003,15.5,7
55005,53.2,6
55007,10.2,8
55009,468.2,2
55011,20.2,8
55013,18.8,8
55015,153.9,3
55017,61.9,3
55019,28.7,6
55021,74.2,2
55023,29.2,7
55025,407.7,2
55027,101.4,4
55029,57.6,6
55031,33.9,2
55033,51.6,6
55035,154.8,3
55037,9.1,9
55039,141.2,3
55041,9.2,9
55043,44.7,6
55045,63.1,2
55047,54.5,6
55049,31.1,2
55051,7.8,9
55053,20.7,6
55055,150.4,4
55057,34.8,7
55059,611.9,1
55061,60.1,2
55063,253.8,3
55065,26.6,8
55067,22.9,6
55069,32.7,6
55071,138.3,4
55073,86.8,3
55075,29.8,6
55077,33.8,8
55078,11.8,8
55079,3926,1
55081,49.6,6
55083,37.7,2
55085,32.3,7
55087,277.2,3
55089,370.7,1
55091,32.2,8
55093,71.5,1
55095,48.4,6
55097,87.4,4
55099,11.3,9
55101,587.7,3
55103,30.7,6
55105,223.3,3
55107,16.2,6
55109,116.8,1
55111,74.6,4
55113,13.2,7
55115,47,6
55117,225.9,3
55119,21.2,6
55121,39.3,6
55123,37.6,6
55125,25,9
55127,184.2,4
55129,20,7
55131,306.2,1
55133,709.4,1
55135,70.1,6
55137,39.1,6
55139,384.3,3
55141,94.2,4
56000,5.8,NA
56001,8.5,4
56003,3.7,9
56005,9.6,5
56007,2,7
56009,3.3,6
56011,2.5,9
56013,4.4,7
56015,6,7
56017,2.4,7
56019,2.1,7
56021,34.2,3
56023,4.4,7
56025,14.1,3
56027,0.9,9
56029,4.1,7
56031,4.2,7
56033,11.5,7
56035,2.1,9
56037,4.2,5
56039,5.3,7
56041,10.1,7
56043,3.8,7
56045,3,7
72000,1088.2,NA
72001,292.1,6
72003,1360,2
72005,1668.5,2
72007,952.6,1
72009,827.2,1
72011,744.8,2
72013,765.7,3
72015,1304.3,3
72017,1327.6,1
72019,885.1,1
72021,4695.3,1
72023,723.5,3
72025,2438.6,1
72027,758.5,3
72029,1449.8,1
72031,3900.3,1
72033,5808.6,1
72035,926.5,1
72037,469.5,1
72039,282.3,1
72041,1207.1,1
72043,519.3,4
72045,731.6,1
72047,872.4,1
72049,156.4,9
72051,1653,1
72053,1238.7,1
72054,833.7,1
72055,524.3,2
72057,698,3
72059,510.5,2
72061,3550.7,1
72063,1626.9,1
72065,1004.1,3
72067,1520.6,3
72069,1306.4,1
72071,825.1,2
72073,373.7,6
72075,841.9,2
72077,1521,1
72079,429.6,3
72081,500.5,2
72083,213.1,6
72085,1141.5,1
72087,1552.2,1
72089,777.5,1
72091,977.5,1
72093,171.4,6
72095,580.3,1
72097,1147.3,3
72099,796.7,2
72101,838.9,1
72103,517.2,1
72105,1109.5,1
72107,368.2,1
72109,412.8,3
72111,544.2,2
72113,1449.3,2
72115,1142.7,3
72117,1063.8,2
72119,895.8,1
72121,705.1,3
72123,448,4
72125,651.9,3
72127,8262.3,1
72129,773.1,1
72131,602.5,2
72133,684.1,4
72135,2741.5,1
72137,3855.7,1
72139,3604.4,1
72141,292,2
72143,1440.8,1
72145,1301.1,1
72147,183.2,7
72149,731.6,2
72151,687.2,1
72153,616.5,2
