,FIPS,Combined_Key,1/22/20,1/23/20,1/24/20,1/25/20,1/26/20,1/27/20,1/28/20,1/29/20,1/30/20,1/31/20,2/1/20,2/2/20,2/3/20,2/4/20,2/5/20,2/6/20,2/7/20,2/8/20,2/9/20,2/10/20,2/11/20,2/12/20,2/13/20,2/14/20,2/15/20,2/16/20,2/17/20,2/18/20,2/19/20,2/20/20,2/21/20,2/22/20,2/23/20,2/24/20,2/25/20,2/26/20,2/27/20,2/28/20,2/29/20,3/1/20,3/2/20,3/3/20,3/4/20,3/5/20,3/6/20,3/7/20,3/8/20,3/9/20,3/10/20,3/11/20,3/12/20,3/13/20,3/14/20,3/15/20,3/16/20,3/17/20,3/18/20,3/19/20,3/20/20,3/21/20,3/22/20,3/23/20,3/24/20,3/25/20,3/26/20,3/27/20,3/28/20,3/29/20,3/30/20,3/31/20,4/1/20,4/2/20,4/3/20,4/4/20,4/5/20,4/6/20,4/7/20,4/8/20,4/9/20,4/10/20,4/11/20,4/12/20,4/13/20,4/14/20,4/15/20,4/16/20,4/17/20,4/18/20,4/19/20,4/20/20,4/21/20,4/22/20,4/23/20,4/24/20,4/25/20,4/26/20,4/27/20,4/28/20,4/29/20,4/30/20,5/1/20,5/2/20,5/3/20,5/4/20,5/5/20,5/6/20,5/7/20,5/8/20,5/9/20,5/10/20,5/11/20,5/12/20,5/13/20,5/14/20,5/15/20,5/16/20,5/17/20,5/18/20
0,01000_0,"Alabama Supercounty, Cluster 0",0.0,0.0,0.0,0.0,0.0,0.0,0.0,0.0,0.0,0.0,0.0,0.0,0.0,0.0,0.0,0.0,0.0,0.0,0.0,0.0,0.0,0.0,0.0,0.0,0.0,0.0,0.0,0.0,0.0,0.0,0.0,0.0,0.0,0.0,0.0,0.0,0.0,0.0,0.0,0.0,0.0,0.0,0.0,0.0,0.0,0.0,0.0,0.0,0.0,0.0,0.0,0.0,1.0,0.0,1.0,4.0,7.0,5.0,5.0,6.0,7.0,7.0,20.0,47.0,47.0,20.0,44.0,34.0,32.0,28.0,30.0,82.0,103.0,38.0,40.0,70.0,73.0,56.0,204.0,97.0,102.0,183.0,87.0,109.0,46.0,145.0,96.0,97.0,83.0,109.0,145.0,150.0,92.0,101.0,0.0,187.0,55.0,97.0,62.0,99.0,107.0,151.0,142.0,104.0,195.0,118.0,181.0,168.0,128.0,120.0,150.0,154.0,84.0,176.0,125.0,136.0,31.0,140.0
1,01000_1,"Alabama Supercounty, Cluster 1",0.0,0.0,0.0,0.0,0.0,0.0,0.0,0.0,0.0,0.0,0.0,0.0,0.0,0.0,0.0,0.0,0.0,0.0,0.0,0.0,0.0,0.0,0.0,0.0,0.0,0.0,0.0,0.0,0.0,0.0,0.0,0.0,0.0,0.0,0.0,0.0,0.0,0.0,0.0,0.0,0.0,0.0,0.0,0.0,0.0,0.0,0.0,0.0,0.0,0.0,0.0,1.0,2.0,2.0,5.0,2.0,0.0,12.0,6.0,10.0,9.0,14.0,16.0,42.0,35.0,26.0,33.0,44.0,21.0,38.0,18.0,50.0,80.0,39.0,43.0,76.0,90.0,63.0,118.0,82.0,94.0,112.0,51.0,94.0,64.0,82.0,100.0,39.0,55.0,45.0,60.0,74.0,88.0,70.0,0.0,138.0,50.0,79.0,64.0,57.0,64.0,125.0,72.0,78.0,76.0,85.0,119.0,99.0,108.0,60.0,68.0,99.0,82.0,165.0,98.0,92.0,28.0,112.0
2,01000_2,"Alabama Supercounty, Cluster 2",0.0,0.0,0.0,0.0,0.0,0.0,0.0,0.0,0.0,0.0,0.0,0.0,0.0,0.0,0.0,0.0,0.0,0.0,0.0,0.0,0.0,0.0,0.0,0.0,0.0,0.0,0.0,0.0,0.0,0.0,0.0,0.0,0.0,0.0,0.0,0.0,0.0,0.0,0.0,0.0,0.0,0.0,0.0,0.0,0.0,0.0,0.0,0.0,0.0,0.0,0.0,1.0,0.0,4.0,12.0,4.0,4.0,9.0,16.0,11.0,10.0,15.0,5.0,38.0,30.0,18.0,18.0,50.0,9.0,16.0,22.0,22.0,37.0,22.0,43.0,7.0,34.0,22.0,28.0,29.0,43.0,18.0,15.0,8.0,5.0,9.0,17.0,20.0,11.0,6.0,10.0,28.0,52.0,19.0,0.0,42.0,0.0,22.0,19.0,6.0,43.0,17.0,23.0,23.0,28.0,28.0,17.0,29.0,15.0,12.0,10.0,22.0,46.0,38.0,21.0,41.0,34.0,22.0
3,04000_2,"Arizona Supercounty, Cluster 2",0.0,0.0,0.0,0.0,0.0,0.0,0.0,0.0,0.0,0.0,0.0,0.0,0.0,0.0,0.0,0.0,0.0,0.0,0.0,0.0,0.0,0.0,0.0,0.0,0.0,0.0,0.0,0.0,0.0,0.0,0.0,0.0,0.0,0.0,0.0,0.0,0.0,0.0,0.0,0.0,0.0,0.0,0.0,0.0,0.0,2.0,0.0,0.0,2.0,2.0,0.0,0.0,1.0,0.0,2.0,1.0,5.0,7.0,10.0,21.0,15.0,25.0,31.0,23.0,58.0,55.0,54.0,56.0,92.0,37.0,40.0,92.0,85.0,125.0,97.0,84.0,52.0,86.0,161.0,42.0,130.0,80.0,101.0,69.0,71.0,151.0,134.0,122.0,108.0,87.0,82.0,103.0,171.0,123.0,125.0,122.0,91.0,108.0,107.0,188.0,129.0,129.0,111.0,118.0,201.0,190.0,177.0,251.0,177.0,107.0,102.0,116.0,358.0,186.0,265.0,220.0,132.0,160.0
4,04013,Maricopa - Arizona - US,0.0,0.0,0.0,0.0,1.0,0.0,0.0,0.0,0.0,0.0,0.0,0.0,0.0,0.0,0.0,0.0,0.0,0.0,0.0,0.0,0.0,0.0,0.0,0.0,0.0,0.0,0.0,0.0,0.0,0.0,0.0,0.0,0.0,0.0,0.0,0.0,0.0,0.0,0.0,0.0,0.0,0.0,0.0,0.0,1.0,0.0,0.0,0.0,0.0,1.0,0.0,0.0,1.0,0.0,4.0,1.0,2.0,11.0,12.0,15.0,32.0,58.0,60.0,52.0,48.0,100.0,55.0,91.0,145.0,98.0,83.0,90.0,88.0,122.0,155.0,107.0,62.0,64.0,130.0,52.0,150.0,69.0,60.0,36.0,90.0,118.0,140.0,87.0,98.0,47.0,102.0,108.0,124.0,146.0,118.0,125.0,98.0,121.0,145.0,249.0,184.0,265.0,164.0,166.0,178.0,209.0,58.0,329.0,254.0,48.0,161.0,231.0,122.0,258.0,222.0,275.0,144.0,100.0
5,05000_0,"Arkansas Supercounty, Cluster 0",0.0,0.0,0.0,0.0,0.0,0.0,0.0,0.0,0.0,0.0,0.0,0.0,0.0,0.0,0.0,0.0,0.0,0.0,0.0,0.0,0.0,0.0,0.0,0.0,0.0,0.0,0.0,0.0,0.0,0.0,0.0,0.0,0.0,0.0,0.0,0.0,0.0,0.0,0.0,0.0,0.0,0.0,0.0,0.0,0.0,0.0,0.0,0.0,0.0,0.0,0.0,0.0,3.0,0.0,0.0,0.0,0.0,0.0,0.0,0.0,19.0,57.0,11.0,21.0,16.0,15.0,11.0,3.0,12.0,29.0,16.0,18.0,17.0,7.0,31.0,11.0,26.0,15.0,30.0,5.0,7.0,11.0,52.0,7.0,10.0,12.0,42.0,26.0,12.0,161.0,0.0,202.0,213.0,93.0,26.0,19.0,51.0,15.0,21.0,85.0,17.0,3.0,23.0,35.0,19.0,62.0,35.0,15.0,0.0,50.0,16.0,56.0,20.0,63.0,23.0,70.0,145.0,24.0
6,06000_4,"California Supercounty, Cluster 4",0.0,0.0,0.0,0.0,1.0,0.0,0.0,0.0,0.0,1.0,0.0,0.0,1.0,0.0,0.0,0.0,0.0,0.0,0.0,0.0,0.0,0.0,0.0,0.0,0.0,0.0,0.0,0.0,0.0,0.0,1.0,0.0,0.0,0.0,0.0,0.0,1.0,0.0,1.0,0.0,7.0,4.0,3.0,9.0,2.0,13.0,12.0,1.0,21.0,16.0,23.0,40.0,53.0,0.0,75.0,66.0,46.0,62.0,53.0,115.0,37.0,186.0,151.0,170.0,248.0,250.0,155.0,136.0,359.0,135.0,286.0,315.0,305.0,256.0,378.0,145.0,271.0,323.0,101.0,318.0,198.0,240.0,243.0,113.0,406.0,194.0,233.0,202.0,149.0,232.0,134.0,157.0,240.0,171.0,231.0,210.0,175.0,124.0,220.0,284.0,242.0,275.0,197.0,176.0,160.0,249.0,216.0,243.0,274.0,209.0,139.0,157.0,228.0,343.0,357.0,183.0,270.0,209.0
7,06000_2,"California Supercounty, Cluster 2",0.0,0.0,0.0,0.0,0.0,0.0,0.0,0.0,0.0,0.0,0.0,0.0,0.0,0.0,0.0,0.0,0.0,0.0,0.0,0.0,1.0,0.0,1.0,0.0,0.0,0.0,0.0,0.0,0.0,0.0,0.0,0.0,0.0,0.0,0.0,0.0,0.0,0.0,0.0,0.0,0.0,0.0,0.0,1.0,0.0,0.0,1.0,1.0,1.0,2.0,6.0,8.0,8.0,6.0,41.0,14.0,8.0,34.0,71.0,12.0,44.0,73.0,63.0,52.0,102.0,101.0,147.0,135.0,102.0,183.0,277.0,300.0,255.0,273.0,206.0,177.0,323.0,141.0,251.0,317.0,202.0,155.0,229.0,250.0,336.0,220.0,199.0,363.0,194.0,230.0,240.0,264.0,435.0,360.0,166.0,175.0,234.0,273.0,555.0,192.0,387.0,329.0,310.0,50.0,463.0,626.0,304.0,363.0,691.0,266.0,587.0,377.0,209.0,537.0,296.0,649.0,324.0,210.0
8,06000_1,"California Supercounty, Cluster 1",0.0,0.0,0.0,0.0,0.0,0.0,0.0,0.0,0.0,0.0,0.0,0.0,2.0,0.0,0.0,0.0,0.0,0.0,0.0,0.0,0.0,0.0,0.0,0.0,0.0,0.0,0.0,0.0,0.0,0.0,0.0,0.0,0.0,0.0,0.0,0.0,0.0,0.0,0.0,0.0,2.0,0.0,1.0,0.0,4.0,1.0,0.0,4.0,7.0,5.0,4.0,3.0,7.0,2.0,14.0,11.0,19.0,16.0,41.0,26.0,14.0,29.0,53.0,48.0,37.0,50.0,74.0,69.0,42.0,86.0,72.0,86.0,87.0,69.0,65.0,27.0,65.0,101.0,74.0,77.0,69.0,47.0,48.0,85.0,86.0,86.0,110.0,64.0,75.0,43.0,56.0,46.0,106.0,110.0,13.0,67.0,47.0,103.0,84.0,73.0,147.0,65.0,84.0,32.0,127.0,211.0,30.0,168.0,616.0,50.0,225.0,75.0,36.0,127.0,38.0,140.0,148.0,39.0
9,06037,Los Angeles - California - US,0.0,0.0,0.0,0.0,1.0,0.0,0.0,0.0,0.0,0.0,0.0,0.0,0.0,0.0,0.0,0.0,0.0,0.0,0.0,0.0,0.0,0.0,0.0,0.0,0.0,0.0,0.0,0.0,0.0,0.0,0.0,0.0,0.0,0.0,0.0,0.0,0.0,0.0,0.0,0.0,0.0,0.0,6.0,4.0,2.0,1.0,0.0,0.0,6.0,7.0,5.0,8.0,13.0,0.0,41.0,50.0,46.0,41.0,61.0,0.0,115.0,129.0,126.0,150.0,417.0,236.0,0.0,364.0,645.0,545.0,499.0,527.0,521.0,39.0,1350.0,422.0,559.0,623.0,396.0,488.0,10.0,441.0,539.0,614.0,470.0,337.0,546.0,621.0,320.0,1482.0,1330.0,1294.0,1090.0,1008.0,588.0,434.0,856.0,573.0,1489.0,735.0,1042.0,632.0,805.0,526.0,1611.0,829.0,846.0,808.0,922.0,462.0,560.0,948.0,1327.0,854.0,924.0,1044.0,651.0,447.0
10,06065,Riverside - California - US,0.0,0.0,0.0,0.0,0.0,0.0,0.0,0.0,0.0,0.0,0.0,0.0,0.0,0.0,0.0,0.0,0.0,0.0,0.0,0.0,0.0,0.0,0.0,0.0,0.0,0.0,0.0,0.0,0.0,0.0,0.0,0.0,0.0,0.0,0.0,0.0,0.0,0.0,0.0,0.0,0.0,0.0,0.0,0.0,0.0,0.0,1.0,0.0,3.0,2.0,2.0,0.0,6.0,0.0,1.0,0.0,1.0,6.0,6.0,0.0,1.0,17.0,11.0,11.0,37.0,44.0,34.0,12.0,96.0,80.0,0.0,122.0,0.0,145.0,161.0,147.0,70.0,163.0,101.0,70.0,81.0,188.0,0.0,342.0,0.0,144.0,352.0,0.0,181.0,209.0,0.0,113.0,258.0,97.0,0.0,248.0,80.0,92.0,207.0,89.0,48.0,0.0,101.0,174.0,100.0,218.0,84.0,0.0,236.0,0.0,197.0,59.0,0.0,192.0,178.0,0.0,0.0,334.0
11,08000_1,"Colorado Supercounty, Cluster 1",0.0,0.0,0.0,0.0,0.0,0.0,0.0,0.0,0.0,0.0,0.0,0.0,0.0,0.0,0.0,0.0,0.0,0.0,0.0,0.0,0.0,0.0,0.0,0.0,0.0,0.0,0.0,0.0,0.0,0.0,0.0,0.0,0.0,0.0,0.0,0.0,0.0,0.0,0.0,0.0,0.0,0.0,0.0,0.0,0.0,3.0,0.0,0.0,2.0,8.0,13.0,13.0,12.0,0.0,18.0,15.0,24.0,0.0,50.0,46.0,32.0,33.0,9.0,83.0,124.0,0.0,95.0,150.0,0.0,261.0,0.0,178.0,130.0,144.0,208.0,67.0,99.0,75.0,0.0,164.0,160.0,258.0,101.0,82.0,6.0,76.0,99.0,125.0,173.0,0.0,192.0,126.0,77.0,330.0,173.0,115.0,81.0,98.0,120.0,151.0,177.0,120.0,99.0,85.0,122.0,144.0,169.0,138.0,165.0,79.0,59.0,80.0,105.0,125.0,134.0,99.0,81.0,68.0
12,08000_0,"Colorado Supercounty, Cluster 0",0.0,0.0,0.0,0.0,0.0,0.0,0.0,0.0,0.0,0.0,0.0,0.0,0.0,0.0,0.0,0.0,0.0,0.0,0.0,0.0,0.0,0.0,0.0,0.0,0.0,0.0,0.0,0.0,0.0,0.0,0.0,0.0,0.0,0.0,0.0,0.0,0.0,0.0,0.0,0.0,0.0,0.0,0.0,0.0,0.0,0.0,0.0,0.0,0.0,0.0,0.0,1.0,0.0,0.0,0.0,0.0,1.0,1.0,0.0,6.0,2.0,2.0,3.0,4.0,13.0,0.0,9.0,19.0,0.0,12.0,0.0,7.0,9.0,26.0,23.0,5.0,8.0,3.0,0.0,9.0,13.0,31.0,8.0,11.0,0.0,5.0,23.0,12.0,33.0,0.0,18.0,21.0,4.0,24.0,187.0,42.0,19.0,12.0,17.0,17.0,7.0,14.0,11.0,6.0,12.0,19.0,33.0,66.0,56.0,16.0,42.0,45.0,10.0,8.0,7.0,11.0,6.0,5.0
13,08005,Arapahoe - Colorado - US,0.0,0.0,0.0,0.0,0.0,0.0,0.0,0.0,0.0,0.0,0.0,0.0,0.0,0.0,0.0,0.0,0.0,0.0,0.0,0.0,0.0,0.0,0.0,0.0,0.0,0.0,0.0,0.0,0.0,0.0,0.0,0.0,0.0,0.0,0.0,0.0,0.0,0.0,0.0,0.0,0.0,0.0,0.0,0.0,0.0,0.0,0.0,0.0,2.0,1.0,0.0,4.0,3.0,0.0,5.0,0.0,7.0,0.0,7.0,11.0,5.0,13.0,0.0,11.0,50.0,0.0,36.0,86.0,0.0,92.0,0.0,48.0,60.0,59.0,108.0,44.0,66.0,46.0,0.0,113.0,54.0,152.0,59.0,41.0,0.0,60.0,99.0,77.0,117.0,0.0,113.0,68.0,107.0,206.0,53.0,77.0,92.0,60.0,77.0,83.0,85.0,68.0,81.0,52.0,125.0,94.0,112.0,59.0,80.0,44.0,41.0,57.0,94.0,62.0,57.0,69.0,51.0,64.0
14,08031,Denver - Colorado - US,0.0,0.0,0.0,0.0,0.0,0.0,0.0,0.0,0.0,0.0,0.0,0.0,0.0,0.0,0.0,0.0,0.0,0.0,0.0,0.0,0.0,0.0,0.0,0.0,0.0,0.0,0.0,0.0,0.0,0.0,0.0,0.0,0.0,0.0,0.0,0.0,0.0,0.0,0.0,0.0,0.0,0.0,0.0,0.0,2.0,0.0,0.0,0.0,1.0,3.0,4.0,5.0,6.0,0.0,4.0,13.0,5.0,0.0,24.0,30.0,28.0,23.0,0.0,66.0,48.0,0.0,50.0,96.0,0.0,131.0,0.0,47.0,57.0,73.0,109.0,22.0,37.0,43.0,0.0,104.0,82.0,134.0,99.0,56.0,0.0,66.0,81.0,87.0,148.0,0.0,220.0,67.0,101.0,213.0,102.0,96.0,99.0,109.0,99.0,111.0,91.0,130.0,123.0,83.0,118.0,128.0,125.0,93.0,109.0,69.0,48.0,69.0,67.0,105.0,93.0,96.0,108.0,64.0
15,08000_2,"Colorado Supercounty, Cluster 2",0.0,0.0,0.0,0.0,0.0,0.0,0.0,0.0,0.0,0.0,0.0,0.0,0.0,0.0,0.0,0.0,0.0,0.0,0.0,0.0,0.0,0.0,0.0,0.0,0.0,0.0,0.0,0.0,0.0,0.0,0.0,0.0,0.0,0.0,0.0,0.0,0.0,0.0,0.0,0.0,0.0,0.0,0.0,0.0,0.0,1.0,0.0,0.0,0.0,0.0,0.0,3.0,2.0,0.0,3.0,1.0,7.0,0.0,25.0,16.0,30.0,31.0,0.0,90.0,35.0,0.0,45.0,105.0,0.0,147.0,0.0,66.0,62.0,84.0,152.0,40.0,49.0,51.0,0.0,103.0,51.0,152.0,98.0,61.0,0.0,86.0,53.0,45.0,100.0,0.0,130.0,87.0,50.0,145.0,86.0,44.0,87.0,79.0,109.0,97.0,58.0,58.0,42.0,36.0,81.0,60.0,78.0,63.0,45.0,34.0,33.0,51.0,39.0,50.0,75.0,61.0,37.0,44.0
16,09001,Fairfield - Connecticut - US,0.0,0.0,0.0,0.0,0.0,0.0,0.0,0.0,0.0,0.0,0.0,0.0,0.0,0.0,0.0,0.0,0.0,0.0,0.0,0.0,0.0,0.0,0.0,0.0,0.0,0.0,0.0,0.0,0.0,0.0,0.0,0.0,0.0,0.0,0.0,0.0,0.0,0.0,0.0,0.0,0.0,0.0,0.0,0.0,0.0,0.0,0.0,0.0,1.0,1.0,2.0,4.0,7.0,0.0,14.0,19.0,21.0,33.0,20.0,0.0,86.0,62.0,114.0,162.0,61.0,145.0,156.0,337.0,200.0,425.0,116.0,146.0,584.0,108.0,226.0,669.0,417.0,0.0,746.0,298.0,227.0,127.0,470.0,209.0,267.0,336.0,330.0,217.0,71.0,886.0,152.0,1411.0,125.0,219.0,146.0,156.0,234.0,111.0,111.0,309.0,318.0,189.0,0.0,444.0,115.0,95.0,224.0,200.0,151.0,206.0,76.0,176.0,148.0,200.0,173.0,131.0,108.0,191.0
17,09003,Hartford - Connecticut - US,0.0,0.0,0.0,0.0,0.0,0.0,0.0,0.0,0.0,0.0,0.0,0.0,0.0,0.0,0.0,0.0,0.0,0.0,0.0,0.0,0.0,0.0,0.0,0.0,0.0,0.0,0.0,0.0,0.0,0.0,0.0,0.0,0.0,0.0,0.0,0.0,0.0,0.0,0.0,0.0,0.0,0.0,0.0,0.0,0.0,0.0,0.0,0.0,0.0,0.0,0.0,0.0,1.0,1.0,2.0,3.0,4.0,7.0,11.0,0.0,25.0,7.0,27.0,28.0,22.0,51.0,39.0,48.0,54.0,63.0,76.0,70.0,140.0,47.0,25.0,131.0,163.0,0.0,426.0,144.0,217.0,82.0,329.0,127.0,200.0,289.0,156.0,181.0,155.0,472.0,128.0,177.0,175.0,267.0,191.0,228.0,168.0,67.0,164.0,213.0,330.0,181.0,0.0,61.0,178.0,179.0,220.0,154.0,201.0,158.0,95.0,170.0,204.0,203.0,191.0,173.0,424.0,234.0
18,09000_1,"Connecticut Supercounty, Cluster 1",0.0,0.0,0.0,0.0,0.0,0.0,0.0,0.0,0.0,0.0,0.0,0.0,0.0,0.0,0.0,0.0,0.0,0.0,0.0,0.0,0.0,0.0,0.0,0.0,0.0,0.0,0.0,0.0,0.0,0.0,0.0,0.0,0.0,0.0,0.0,0.0,0.0,0.0,0.0,0.0,0.0,0.0,0.0,0.0,0.0,0.0,0.0,0.0,0.0,1.0,0.0,2.0,0.0,0.0,1.0,1.0,1.0,8.0,4.0,0.0,17.0,6.0,14.0,29.0,24.0,17.0,24.0,36.0,52.0,23.0,27.0,24.0,72.0,47.0,28.0,75.0,68.0,0.0,203.0,90.0,140.0,40.0,128.0,41.0,78.0,104.0,116.0,85.0,51.0,101.0,51.0,146.0,99.0,118.0,75.0,90.0,79.0,34.0,47.0,104.0,129.0,77.0,0.0,38.0,117.0,62.0,98.0,48.0,56.0,30.0,15.0,52.0,37.0,75.0,75.0,98.0,138.0,61.0
19,09009,New Haven - Connecticut - US,0.0,0.0,0.0,0.0,0.0,0.0,0.0,0.0,0.0,0.0,0.0,0.0,0.0,0.0,0.0,0.0,0.0,0.0,0.0,0.0,0.0,0.0,0.0,0.0,0.0,0.0,0.0,0.0,0.0,0.0,0.0,0.0,0.0,0.0,0.0,0.0,0.0,0.0,0.0,0.0,0.0,0.0,0.0,0.0,0.0,0.0,0.0,0.0,0.0,0.0,0.0,0.0,4.0,0.0,0.0,4.0,2.0,13.0,0.0,0.0,6.0,12.0,48.0,38.0,29.0,66.0,14.0,44.0,93.0,144.0,94.0,36.0,244.0,133.0,138.0,306.0,196.0,0.0,519.0,200.0,332.0,231.0,412.0,185.0,215.0,405.0,357.0,223.0,128.0,401.0,221.0,318.0,253.0,222.0,223.0,206.0,278.0,96.0,116.0,331.0,364.0,124.0,0.0,86.0,227.0,82.0,259.0,209.0,204.0,118.0,51.0,170.0,140.0,142.0,169.0,194.0,84.0,179.0
20,10000_3,"Delaware Supercounty, Cluster 3",0.0,0.0,0.0,0.0,0.0,0.0,0.0,0.0,0.0,0.0,0.0,0.0,0.0,0.0,0.0,0.0,0.0,0.0,0.0,0.0,0.0,0.0,0.0,0.0,0.0,0.0,0.0,0.0,0.0,0.0,0.0,0.0,0.0,0.0,0.0,0.0,0.0,0.0,0.0,0.0,0.0,0.0,0.0,0.0,0.0,0.0,0.0,0.0,0.0,0.0,0.0,0.0,0.0,0.0,0.0,0.0,1.0,3.0,1.0,0.0,0.0,1.0,4.0,4.0,3.0,4.0,4.0,0.0,2.0,7.0,7.0,2.0,11.0,14.0,18.0,42.0,19.0,54.0,13.0,16.0,25.0,26.0,7.0,41.0,16.0,7.0,32.0,33.0,0.0,13.0,29.0,44.0,36.0,19.0,21.0,46.0,27.0,76.0,15.0,16.0,14.0,20.0,28.0,12.0,14.0,44.0,54.0,18.0,22.0,0.0,59.0,16.0,24.0,31.0,31.0,30.0,21.0,22.0
21,10003,New Castle - Delaware - US,0.0,0.0,0.0,0.0,0.0,0.0,0.0,0.0,0.0,0.0,0.0,0.0,0.0,0.0,0.0,0.0,0.0,0.0,0.0,0.0,0.0,0.0,0.0,0.0,0.0,0.0,0.0,0.0,0.0,0.0,0.0,0.0,0.0,0.0,0.0,0.0,0.0,0.0,0.0,0.0,0.0,0.0,0.0,0.0,0.0,0.0,0.0,0.0,0.0,1.0,0.0,3.0,2.0,0.0,2.0,7.0,2.0,6.0,4.0,5.0,7.0,5.0,27.0,8.0,7.0,19.0,25.0,11.0,15.0,41.0,29.0,19.0,34.0,121.0,36.0,60.0,75.0,65.0,65.0,50.0,56.0,73.0,39.0,28.0,27.0,29.0,97.0,105.0,0.0,24.0,74.0,49.0,37.0,97.0,18.0,95.0,30.0,72.0,16.0,17.0,95.0,35.0,39.0,31.0,45.0,108.0,43.0,54.0,91.0,0.0,115.0,50.0,56.0,64.0,59.0,48.0,15.0,56.0
22,10000_1,"Delaware Supercounty, Cluster 1",0.0,0.0,0.0,0.0,0.0,0.0,0.0,0.0,0.0,0.0,0.0,0.0,0.0,0.0,0.0,0.0,0.0,0.0,0.0,0.0,0.0,0.0,0.0,0.0,0.0,0.0,0.0,0.0,0.0,0.0,0.0,0.0,0.0,0.0,0.0,0.0,0.0,0.0,0.0,0.0,0.0,0.0,0.0,0.0,0.0,0.0,0.0,0.0,0.0,0.0,0.0,0.0,0.0,0.0,0.0,1.0,0.0,2.0,4.0,1.0,4.0,6.0,5.0,3.0,1.0,10.0,22.0,7.0,15.0,7.0,13.0,4.0,12.0,8.0,26.0,8.0,51.0,69.0,15.0,42.0,68.0,60.0,87.0,88.0,39.0,20.0,113.0,75.0,0.0,169.0,84.0,178.0,60.0,17.0,96.0,311.0,69.0,244.0,55.0,47.0,76.0,67.0,102.0,36.0,23.0,244.0,70.0,102.0,54.0,0.0,101.0,114.0,131.0,167.0,62.0,93.0,81.0,122.0
23,11001,District of Columbia -District of Columbia -US,0.0,0.0,0.0,0.0,0.0,0.0,0.0,0.0,0.0,0.0,0.0,0.0,0.0,0.0,0.0,0.0,0.0,0.0,0.0,0.0,0.0,0.0,0.0,0.0,0.0,0.0,0.0,0.0,0.0,0.0,0.0,0.0,0.0,0.0,0.0,0.0,0.0,0.0,0.0,0.0,0.0,0.0,0.0,0.0,0.0,0.0,0.0,0.0,0.0,0.0,0.0,0.0,0.0,0.0,22.0,0.0,9.0,9.0,31.0,27.0,4.0,18.0,21.0,46.0,44.0,40.0,33.0,38.0,59.0,94.0,91.0,67.0,104.0,145.0,100.0,95.0,114.0,229.0,83.0,137.0,118.0,97.0,80.0,103.0,139.0,153.0,126.0,190.0,127.0,134.0,171.0,108.0,155.0,167.0,171.0,142.0,51.0,102.0,112.0,217.0,335.0,139.0,219.0,154.0,152.0,139.0,193.0,245.0,203.0,170.0,117.0,96.0,99.0,152.0,135.0,171.0,81.0,147.0
24,12000_0,"Florida Supercounty, Cluster 0",0.0,0.0,0.0,0.0,0.0,0.0,0.0,0.0,0.0,0.0,0.0,0.0,0.0,0.0,0.0,0.0,0.0,0.0,0.0,0.0,0.0,0.0,0.0,0.0,0.0,0.0,0.0,0.0,0.0,0.0,0.0,0.0,0.0,0.0,0.0,0.0,0.0,0.0,0.0,0.0,0.0,0.0,0.0,0.0,0.0,0.0,0.0,1.0,0.0,0.0,0.0,0.0,0.0,0.0,0.0,0.0,1.0,2.0,3.0,5.0,10.0,9.0,6.0,6.0,18.0,17.0,16.0,16.0,22.0,28.0,5.0,53.0,26.0,35.0,23.0,43.0,32.0,45.0,35.0,41.0,39.0,31.0,23.0,17.0,33.0,27.0,29.0,58.0,31.0,16.0,31.0,24.0,85.0,37.0,18.0,23.0,31.0,38.0,23.0,31.0,79.0,27.0,51.0,38.0,28.0,38.0,37.0,20.0,18.0,28.0,18.0,28.0,19.0,33.0,36.0,34.0,35.0,34.0
25,12000_2,"Florida Supercounty, Cluster 2",0.0,0.0,0.0,0.0,0.0,0.0,0.0,0.0,0.0,0.0,0.0,0.0,0.0,0.0,0.0,0.0,0.0,0.0,0.0,0.0,0.0,0.0,0.0,0.0,0.0,0.0,0.0,0.0,0.0,0.0,0.0,0.0,0.0,0.0,0.0,0.0,0.0,0.0,0.0,0.0,1.0,1.0,0.0,0.0,0.0,2.0,0.0,1.0,1.0,1.0,3.0,5.0,9.0,18.0,0.0,15.0,31.0,30.0,44.0,51.0,64.0,63.0,64.0,59.0,185.0,135.0,228.0,47.0,349.0,119.0,17.0,344.0,176.0,201.0,160.0,216.0,200.0,146.0,114.0,218.0,180.0,208.0,286.0,90.0,152.0,112.0,268.0,169.0,150.0,120.0,96.0,63.0,229.0,174.0,87.0,77.0,79.0,71.0,76.0,74.0,230.0,190.0,96.0,90.0,133.0,68.0,157.0,18.0,121.0,110.0,40.0,116.0,46.0,95.0,114.0,85.0,71.0,118.0
26,12086,Miami-Dade - Florida - US,0.0,0.0,0.0,0.0,0.0,0.0,0.0,0.0,0.0,0.0,0.0,0.0,0.0,0.0,0.0,0.0,0.0,0.0,0.0,0.0,0.0,0.0,0.0,0.0,0.0,0.0,0.0,0.0,0.0,0.0,0.0,0.0,0.0,0.0,0.0,0.0,0.0,0.0,0.0,0.0,0.0,0.0,0.0,0.0,0.0,0.0,0.0,0.0,0.0,0.0,1.0,1.0,6.0,5.0,0.0,27.0,36.0,25.0,23.0,45.0,58.0,51.0,60.0,62.0,216.0,147.0,240.0,189.0,440.0,491.0,79.0,684.0,478.0,526.0,256.0,335.0,516.0,357.0,391.0,374.0,368.0,571.0,401.0,253.0,354.0,260.0,498.0,221.0,309.0,303.0,399.0,97.0,435.0,338.0,79.0,346.0,219.0,261.0,96.0,136.0,326.0,243.0,143.0,317.0,132.0,147.0,214.0,79.0,177.0,166.0,160.0,218.0,83.0,274.0,269.0,355.0,292.0,206.0
27,12000_4,"Florida Supercounty, Cluster 4",0.0,0.0,0.0,0.0,0.0,0.0,0.0,0.0,0.0,0.0,0.0,0.0,0.0,0.0,0.0,0.0,0.0,0.0,0.0,0.0,0.0,0.0,0.0,0.0,0.0,0.0,0.0,0.0,0.0,0.0,0.0,0.0,0.0,0.0,0.0,0.0,0.0,0.0,0.0,0.0,0.0,0.0,0.0,0.0,0.0,0.0,0.0,0.0,0.0,2.0,0.0,0.0,0.0,0.0,0.0,2.0,6.0,6.0,6.0,7.0,9.0,3.0,4.0,5.0,14.0,13.0,17.0,19.0,13.0,41.0,3.0,103.0,45.0,24.0,17.0,3.0,18.0,14.0,19.0,15.0,16.0,11.0,24.0,15.0,19.0,17.0,35.0,22.0,5.0,15.0,25.0,6.0,18.0,17.0,4.0,10.0,11.0,11.0,9.0,11.0,19.0,9.0,9.0,18.0,4.0,13.0,19.0,8.0,20.0,13.0,15.0,33.0,14.0,39.0,35.0,11.0,14.0,29.0
28,13000_0,"Georgia Supercounty, Cluster 0",0.0,0.0,0.0,0.0,0.0,0.0,0.0,0.0,0.0,0.0,0.0,0.0,0.0,0.0,0.0,0.0,0.0,0.0,0.0,0.0,0.0,0.0,0.0,0.0,0.0,0.0,0.0,0.0,0.0,0.0,0.0,0.0,0.0,0.0,0.0,0.0,0.0,0.0,0.0,0.0,0.0,0.0,0.0,0.0,0.0,0.0,0.0,0.0,1.0,1.0,6.0,6.0,4.0,6.0,3.0,6.0,15.0,18.0,70.0,22.0,15.0,25.0,68.0,48.0,84.0,98.0,76.0,63.0,75.0,361.0,147.0,123.0,193.0,192.0,121.0,251.0,575.0,241.0,206.0,275.0,167.0,175.0,256.0,511.0,144.0,303.0,395.0,174.0,203.0,351.0,112.0,455.0,303.0,245.0,179.0,81.0,271.0,252.0,289.0,283.0,323.0,173.0,87.0,201.0,197.0,267.0,199.0,155.0,160.0,118.0,80.0,226.0,152.0,156.0,137.0,131.0,41.0,227.0
29,13000_1,"Georgia Supercounty, Cluster 1",0.0,0.0,0.0,0.0,0.0,0.0,0.0,0.0,0.0,0.0,0.0,0.0,0.0,0.0,0.0,0.0,0.0,0.0,0.0,0.0,0.0,0.0,0.0,0.0,0.0,0.0,0.0,0.0,0.0,0.0,0.0,0.0,0.0,0.0,0.0,0.0,0.0,0.0,0.0,0.0,0.0,0.0,0.0,0.0,0.0,0.0,0.0,1.0,1.0,0.0,0.0,2.0,6.0,2.0,5.0,3.0,13.0,14.0,14.0,13.0,2.0,16.0,30.0,22.0,44.0,56.0,54.0,25.0,29.0,192.0,51.0,67.0,101.0,77.0,96.0,88.0,183.0,108.0,72.0,96.0,127.0,57.0,112.0,234.0,62.0,127.0,339.0,108.0,90.0,221.0,56.0,277.0,182.0,134.0,54.0,38.0,171.0,211.0,142.0,166.0,213.0,300.0,45.0,163.0,129.0,187.0,116.0,112.0,65.0,86.0,75.0,121.0,114.0,86.0,78.0,25.0,23.0,51.0
30,13000_4,"Georgia Supercounty, Cluster 4",0.0,0.0,0.0,0.0,0.0,0.0,0.0,0.0,0.0,0.0,0.0,0.0,0.0,0.0,0.0,0.0,0.0,0.0,0.0,0.0,0.0,0.0,0.0,0.0,0.0,0.0,0.0,0.0,0.0,0.0,0.0,0.0,0.0,0.0,0.0,0.0,0.0,0.0,0.0,0.0,0.0,0.0,0.0,0.0,0.0,1.0,0.0,2.0,5.0,3.0,3.0,1.0,10.0,12.0,8.0,10.0,9.0,22.0,42.0,11.0,33.0,51.0,43.0,45.0,70.0,133.0,137.0,89.0,59.0,228.0,76.0,132.0,206.0,169.0,134.0,147.0,226.0,174.0,160.0,171.0,142.0,101.0,274.0,421.0,139.0,197.0,347.0,126.0,154.0,259.0,84.0,200.0,295.0,126.0,196.0,94.0,184.0,152.0,283.0,203.0,200.0,291.0,120.0,253.0,138.0,354.0,132.0,190.0,196.0,172.0,86.0,160.0,80.0,200.0,198.0,64.0,8.0,185.0
31,17000_3,"Illinois Supercounty, Cluster 3",0.0,0.0,0.0,0.0,0.0,0.0,0.0,0.0,0.0,0.0,0.0,0.0,0.0,0.0,0.0,0.0,0.0,0.0,0.0,0.0,0.0,0.0,0.0,0.0,0.0,0.0,0.0,0.0,0.0,0.0,0.0,0.0,0.0,0.0,0.0,0.0,0.0,0.0,0.0,0.0,0.0,0.0,0.0,0.0,0.0,0.0,0.0,0.0,0.0,0.0,0.0,0.0,1.0,0.0,0.0,4.0,3.0,3.0,1.0,2.0,2.0,3.0,2.0,5.0,0.0,24.0,17.0,19.0,2.0,19.0,23.0,15.0,19.0,39.0,29.0,31.0,48.0,73.0,81.0,35.0,50.0,51.0,31.0,24.0,22.0,40.0,27.0,72.0,15.0,18.0,27.0,62.0,32.0,75.0,35.0,34.0,31.0,65.0,60.0,76.0,59.0,77.0,59.0,50.0,43.0,104.0,70.0,80.0,60.0,95.0,48.0,86.0,75.0,61.0,73.0,55.0,52.0,32.0
32,17000_0,"Illinois Supercounty, Cluster 0",0.0,0.0,0.0,0.0,0.0,0.0,0.0,0.0,0.0,0.0,0.0,0.0,0.0,0.0,0.0,0.0,0.0,0.0,0.0,0.0,0.0,0.0,0.0,0.0,0.0,0.0,0.0,0.0,0.0,0.0,0.0,0.0,0.0,0.0,0.0,0.0,0.0,0.0,0.0,0.0,0.0,0.0,0.0,0.0,0.0,0.0,0.0,0.0,0.0,0.0,0.0,0.0,1.0,0.0,0.0,0.0,0.0,2.0,0.0,1.0,1.0,0.0,2.0,0.0,0.0,4.0,2.0,12.0,9.0,7.0,9.0,5.0,11.0,21.0,16.0,14.0,28.0,15.0,19.0,18.0,8.0,14.0,20.0,7.0,21.0,5.0,26.0,38.0,40.0,22.0,30.0,68.0,31.0,45.0,31.0,44.0,29.0,42.0,42.0,57.0,46.0,35.0,56.0,33.0,31.0,70.0,40.0,53.0,40.0,28.0,19.0,73.0,86.0,46.0,46.0,28.0,30.0,34.0
33,17000_1,"Illinois Supercounty, Cluster 1",0.0,0.0,0.0,0.0,0.0,0.0,0.0,0.0,0.0,0.0,0.0,0.0,0.0,0.0,0.0,0.0,0.0,0.0,0.0,0.0,0.0,0.0,0.0,0.0,0.0,0.0,0.0,0.0,0.0,0.0,0.0,0.0,0.0,0.0,0.0,0.0,0.0,0.0,0.0,0.0,0.0,0.0,0.0,0.0,0.0,0.0,0.0,0.0,0.0,1.0,1.0,0.0,2.0,2.0,3.0,3.0,6.0,3.0,1.0,17.0,4.0,4.0,7.0,12.0,7.0,47.0,13.0,43.0,21.0,34.0,52.0,62.0,46.0,96.0,47.0,50.0,78.0,109.0,71.0,75.0,55.0,64.0,60.0,62.0,60.0,77.0,96.0,120.0,29.0,66.0,68.0,162.0,86.0,171.0,141.0,108.0,107.0,170.0,140.0,164.0,166.0,140.0,221.0,175.0,99.0,129.0,204.0,208.0,179.0,136.0,80.0,415.0,132.0,243.0,167.0,186.0,185.0,154.0
34,17031,Cook - Illinois - US,0.0,0.0,1.0,0.0,0.0,0.0,0.0,0.0,0.0,1.0,0.0,0.0,0.0,0.0,0.0,0.0,0.0,0.0,0.0,0.0,0.0,0.0,0.0,0.0,0.0,0.0,0.0,0.0,0.0,0.0,0.0,0.0,0.0,0.0,0.0,0.0,0.0,0.0,0.0,1.0,1.0,0.0,0.0,1.0,0.0,1.0,1.0,0.0,4.0,11.0,5.0,13.0,10.0,0.0,12.0,45.0,71.0,100.0,0.0,270.0,257.0,117.0,272.0,224.0,0.0,821.0,374.0,832.0,282.0,769.0,656.0,423.0,536.0,1328.0,595.0,694.0,781.0,1011.0,895.0,1057.0,945.0,1168.0,889.0,849.0,983.0,781.0,1304.0,1004.0,877.0,829.0,1080.0,1365.0,1265.0,1805.0,1442.0,1516.0,1379.0,1496.0,1431.0,1633.0,2155.0,1559.0,2097.0,1391.0,1508.0,1466.0,1652.0,1895.0,1438.0,981.0,726.0,2089.0,936.0,2051.0,1448.0,1307.0,1006.0,1472.0
35,17043,DuPage - Illinois - US,0.0,0.0,0.0,0.0,0.0,0.0,0.0,0.0,0.0,0.0,0.0,0.0,0.0,0.0,0.0,0.0,0.0,0.0,0.0,0.0,0.0,0.0,0.0,0.0,0.0,0.0,0.0,0.0,0.0,0.0,0.0,0.0,0.0,0.0,0.0,0.0,0.0,0.0,0.0,0.0,0.0,0.0,0.0,0.0,0.0,0.0,0.0,0.0,0.0,0.0,0.0,0.0,1.0,0.0,0.0,25.0,19.0,9.0,0.0,11.0,14.0,16.0,8.0,28.0,0.0,68.0,3.0,72.0,46.0,36.0,36.0,56.0,52.0,90.0,66.0,59.0,80.0,80.0,68.0,65.0,40.0,114.0,61.0,89.0,74.0,77.0,97.0,82.0,53.0,66.0,103.0,83.0,100.0,172.0,92.0,132.0,185.0,108.0,134.0,211.0,175.0,176.0,179.0,192.0,115.0,138.0,157.0,161.0,119.0,110.0,142.0,376.0,123.0,209.0,181.0,146.0,124.0,172.0
36,17000_4,"Illinois Supercounty, Cluster 4",0.0,0.0,0.0,0.0,0.0,0.0,0.0,0.0,0.0,0.0,0.0,0.0,0.0,0.0,0.0,0.0,0.0,0.0,0.0,0.0,0.0,0.0,0.0,0.0,0.0,0.0,0.0,0.0,0.0,0.0,0.0,0.0,0.0,0.0,0.0,0.0,0.0,0.0,0.0,0.0,0.0,0.0,0.0,0.0,0.0,0.0,0.0,0.0,1.0,1.0,1.0,1.0,2.0,0.0,2.0,3.0,12.0,21.0,0.0,28.0,11.0,32.0,21.0,42.0,0.0,128.0,26.0,69.0,56.0,61.0,102.0,75.0,90.0,106.0,72.0,87.0,129.0,159.0,105.0,127.0,138.0,141.0,89.0,132.0,105.0,83.0,195.0,203.0,112.0,87.0,117.0,172.0,260.0,276.0,249.0,171.0,166.0,235.0,294.0,241.0,408.0,335.0,318.0,271.0,209.0,284.0,400.0,393.0,364.0,231.0,201.0,805.0,248.0,485.0,329.0,329.0,240.0,344.0
37,17197,Will - Illinois - US,0.0,0.0,0.0,0.0,0.0,0.0,0.0,0.0,0.0,0.0,0.0,0.0,0.0,0.0,0.0,0.0,0.0,0.0,0.0,0.0,0.0,0.0,0.0,0.0,0.0,0.0,0.0,0.0,0.0,0.0,0.0,0.0,0.0,0.0,0.0,0.0,0.0,0.0,0.0,0.0,0.0,0.0,0.0,0.0,0.0,0.0,0.0,0.0,0.0,0.0,0.0,0.0,0.0,0.0,1.0,1.0,1.0,6.0,0.0,3.0,9.0,3.0,4.0,12.0,0.0,64.0,23.0,55.0,41.0,5.0,94.0,62.0,71.0,127.0,66.0,49.0,143.0,74.0,96.0,67.0,49.0,102.0,55.0,67.0,83.0,61.0,72.0,37.0,40.0,49.0,44.0,84.0,65.0,124.0,51.0,66.0,47.0,81.0,115.0,123.0,125.0,179.0,72.0,198.0,84.0,182.0,102.0,127.0,75.0,48.0,56.0,156.0,77.0,117.0,187.0,35.0,76.0,67.0
38,18000_0,"Indiana Supercounty, Cluster 0",0.0,0.0,0.0,0.0,0.0,0.0,0.0,0.0,0.0,0.0,0.0,0.0,0.0,0.0,0.0,0.0,0.0,0.0,0.0,0.0,0.0,0.0,0.0,0.0,0.0,0.0,0.0,0.0,0.0,0.0,0.0,0.0,0.0,0.0,0.0,0.0,0.0,0.0,0.0,0.0,0.0,0.0,0.0,0.0,0.0,0.0,0.0,0.0,3.0,1.0,1.0,0.0,0.0,0.0,2.0,2.0,1.0,6.0,3.0,3.0,18.0,1.0,31.0,18.0,36.0,66.0,60.0,77.0,58.0,60.0,75.0,117.0,116.0,155.0,116.0,124.0,178.0,120.0,98.0,152.0,149.0,124.0,124.0,89.0,95.0,105.0,139.0,120.0,135.0,94.0,121.0,103.0,186.0,215.0,217.0,397.0,602.0,191.0,151.0,182.0,269.0,151.0,197.0,206.0,200.0,168.0,224.0,210.0,169.0,89.0,116.0,148.0,122.0,105.0,121.0,178.0,131.0,154.0
39,18000_1,"Indiana Supercounty, Cluster 1",0.0,0.0,0.0,0.0,0.0,0.0,0.0,0.0,0.0,0.0,0.0,0.0,0.0,0.0,0.0,0.0,0.0,0.0,0.0,0.0,0.0,0.0,0.0,0.0,0.0,0.0,0.0,0.0,0.0,0.0,0.0,0.0,0.0,0.0,0.0,0.0,0.0,0.0,0.0,0.0,0.0,0.0,0.0,0.0,0.0,0.0,1.0,1.0,0.0,4.0,0.0,0.0,0.0,1.0,2.0,0.0,3.0,7.0,15.0,16.0,21.0,9.0,33.0,23.0,45.0,57.0,61.0,78.0,71.0,97.0,132.0,121.0,101.0,134.0,122.0,157.0,149.0,115.0,101.0,160.0,131.0,141.0,69.0,126.0,124.0,180.0,211.0,181.0,140.0,133.0,121.0,78.0,189.0,181.0,213.0,96.0,149.0,117.0,120.0,131.0,196.0,198.0,164.0,146.0,150.0,250.0,134.0,185.0,172.0,146.0,134.0,170.0,91.0,270.0,186.0,209.0,162.0,159.0
40,18000_4,"Indiana Supercounty, Cluster 4",0.0,0.0,0.0,0.0,0.0,0.0,0.0,0.0,0.0,0.0,0.0,0.0,0.0,0.0,0.0,0.0,0.0,0.0,0.0,0.0,0.0,0.0,0.0,0.0,0.0,0.0,0.0,0.0,0.0,0.0,0.0,0.0,0.0,0.0,0.0,0.0,0.0,0.0,0.0,0.0,0.0,0.0,0.0,0.0,0.0,0.0,0.0,0.0,0.0,0.0,0.0,0.0,0.0,0.0,0.0,2.0,1.0,1.0,2.0,1.0,3.0,0.0,7.0,2.0,12.0,16.0,21.0,17.0,12.0,49.0,34.0,35.0,29.0,69.0,22.0,34.0,49.0,43.0,64.0,51.0,100.0,68.0,52.0,23.0,57.0,102.0,48.0,69.0,10.0,77.0,45.0,65.0,54.0,99.0,70.0,18.0,53.0,129.0,71.0,60.0,83.0,64.0,43.0,62.0,63.0,72.0,55.0,71.0,33.0,53.0,48.0,41.0,54.0,96.0,63.0,65.0,31.0,43.0
41,18097,Marion - Indiana - US,0.0,0.0,0.0,0.0,0.0,0.0,0.0,0.0,0.0,0.0,0.0,0.0,0.0,0.0,0.0,0.0,0.0,0.0,0.0,0.0,0.0,0.0,0.0,0.0,0.0,0.0,0.0,0.0,0.0,0.0,0.0,0.0,0.0,0.0,0.0,0.0,0.0,0.0,0.0,0.0,0.0,0.0,0.0,0.0,1.0,0.0,0.0,0.0,0.0,0.0,1.0,0.0,1.0,3.0,1.0,2.0,2.0,8.0,6.0,21.0,36.0,0.0,79.0,65.0,67.0,191.0,100.0,92.0,128.0,160.0,153.0,187.0,125.0,141.0,190.0,196.0,185.0,149.0,125.0,185.0,142.0,145.0,125.0,51.0,141.0,116.0,198.0,106.0,265.0,163.0,124.0,87.0,145.0,129.0,190.0,69.0,130.0,154.0,215.0,235.0,224.0,229.0,193.0,151.0,92.0,311.0,184.0,164.0,167.0,91.0,174.0,122.0,71.0,90.0,202.0,156.0,152.0,103.0
42,19000_0,"Iowa Supercounty, Cluster 0",0.0,0.0,0.0,0.0,0.0,0.0,0.0,0.0,0.0,0.0,0.0,0.0,0.0,0.0,0.0,0.0,0.0,0.0,0.0,0.0,0.0,0.0,0.0,0.0,0.0,0.0,0.0,0.0,0.0,0.0,0.0,0.0,0.0,0.0,0.0,0.0,0.0,0.0,0.0,0.0,0.0,0.0,0.0,0.0,0.0,0.0,0.0,0.0,0.0,0.0,0.0,0.0,0.0,0.0,2.0,0.0,1.0,0.0,1.0,3.0,5.0,1.0,5.0,5.0,8.0,5.0,6.0,5.0,11.0,9.0,17.0,18.0,19.0,12.0,11.0,12.0,27.0,27.0,33.0,31.0,35.0,18.0,31.0,93.0,31.0,20.0,32.0,33.0,112.0,31.0,79.0,11.0,14.0,72.0,59.0,32.0,22.0,50.0,39.0,15.0,53.0,57.0,70.0,71.0,45.0,22.0,64.0,40.0,45.0,23.0,39.0,28.0,36.0,103.0,57.0,34.0,44.0,17.0
43,19000_3,"Iowa Supercounty, Cluster 3",0.0,0.0,0.0,0.0,0.0,0.0,0.0,0.0,0.0,0.0,0.0,0.0,0.0,0.0,0.0,0.0,0.0,0.0,0.0,0.0,0.0,0.0,0.0,0.0,0.0,0.0,0.0,0.0,0.0,0.0,0.0,0.0,0.0,0.0,0.0,0.0,0.0,0.0,0.0,0.0,0.0,0.0,0.0,0.0,0.0,0.0,0.0,3.0,5.0,5.0,1.0,1.0,0.0,1.0,2.0,0.0,10.0,3.0,0.0,12.0,9.0,8.0,7.0,10.0,9.0,23.0,21.0,13.0,21.0,17.0,15.0,18.0,20.0,23.0,25.0,28.0,45.0,38.0,49.0,51.0,46.0,29.0,48.0,62.0,38.0,67.0,98.0,86.0,160.0,136.0,286.0,80.0,89.0,301.0,437.0,228.0,286.0,367.0,287.0,165.0,409.0,426.0,245.0,248.0,292.0,133.0,312.0,192.0,114.0,162.0,172.0,389.0,196.0,125.0,125.0,121.0,144.0,155.0
44,19000_1,"Iowa Supercounty, Cluster 1",0.0,0.0,0.0,0.0,0.0,0.0,0.0,0.0,0.0,0.0,0.0,0.0,0.0,0.0,0.0,0.0,0.0,0.0,0.0,0.0,0.0,0.0,0.0,0.0,0.0,0.0,0.0,0.0,0.0,0.0,0.0,0.0,0.0,0.0,0.0,0.0,0.0,0.0,0.0,0.0,0.0,0.0,0.0,0.0,0.0,0.0,0.0,0.0,0.0,0.0,0.0,0.0,0.0,0.0,1.0,0.0,2.0,3.0,0.0,8.0,1.0,4.0,3.0,8.0,13.0,14.0,29.0,16.0,46.0,36.0,12.0,19.0,34.0,37.0,38.0,29.0,26.0,29.0,35.0,28.0,38.0,26.0,36.0,31.0,27.0,53.0,54.0,48.0,103.0,80.0,87.0,31.0,68.0,127.0,134.0,99.0,72.0,78.0,116.0,101.0,199.0,212.0,157.0,215.0,137.0,105.0,227.0,107.0,53.0,53.0,150.0,87.0,118.0,98.0,148.0,92.0,87.0,84.0
45,20000_4,"Kansas Supercounty, Cluster 4",0.0,0.0,0.0,0.0,0.0,0.0,0.0,0.0,0.0,0.0,0.0,0.0,0.0,0.0,0.0,0.0,0.0,0.0,0.0,0.0,0.0,0.0,0.0,0.0,0.0,0.0,0.0,0.0,0.0,0.0,0.0,0.0,0.0,0.0,0.0,0.0,0.0,0.0,0.0,0.0,0.0,0.0,0.0,0.0,0.0,0.0,1.0,0.0,0.0,0.0,3.0,1.0,1.0,0.0,3.0,5.0,2.0,8.0,8.0,6.0,4.0,6.0,10.0,13.0,22.0,16.0,24.0,30.0,20.0,30.0,23.0,31.0,42.0,25.0,16.0,48.0,16.0,75.0,35.0,0.0,74.0,38.0,10.0,22.0,29.0,25.0,36.0,23.0,8.0,15.0,13.0,52.0,24.0,51.0,35.0,16.0,18.0,18.0,42.0,68.0,40.0,67.0,76.0,59.0,26.0,22.0,64.0,81.0,52.0,41.0,21.0,3.0,17.0,23.0,34.0,28.0,5.0,21.0
46,21000_0,"Kentucky Supercounty, Cluster 0",0.0,0.0,0.0,0.0,0.0,0.0,0.0,0.0,0.0,0.0,0.0,0.0,0.0,0.0,0.0,0.0,0.0,0.0,0.0,0.0,0.0,0.0,0.0,0.0,0.0,0.0,0.0,0.0,0.0,0.0,0.0,0.0,0.0,0.0,0.0,0.0,0.0,0.0,0.0,0.0,0.0,0.0,0.0,0.0,0.0,0.0,0.0,0.0,0.0,0.0,0.0,0.0,0.0,0.0,1.0,1.0,0.0,0.0,6.0,0.0,0.0,7.0,3.0,1.0,0.0,0.0,1.0,37.0,13.0,20.0,0.0,10.0,0.0,50.0,4.0,0.0,34.0,0.0,70.0,3.0,0.0,134.0,0.0,81.0,38.0,76.0,51.0,44.0,69.0,21.0,52.0,67.0,20.0,89.0,63.0,67.0,19.0,32.0,19.0,50.0,50.0,0.0,43.0,37.0,361.0,28.0,37.0,49.0,33.0,0.0,42.0,26.0,0.0,49.0,43.0,42.0,0.0,47.0
47,21000_4,"Kentucky Supercounty, Cluster 4",0.0,0.0,0.0,0.0,0.0,0.0,0.0,0.0,0.0,0.0,0.0,0.0,0.0,0.0,0.0,0.0,0.0,0.0,0.0,0.0,0.0,0.0,0.0,0.0,0.0,0.0,0.0,0.0,0.0,0.0,0.0,0.0,0.0,0.0,0.0,0.0,0.0,0.0,0.0,0.0,0.0,0.0,0.0,0.0,0.0,0.0,0.0,1.0,0.0,0.0,1.0,0.0,2.0,0.0,2.0,1.0,1.0,1.0,17.0,0.0,0.0,12.0,0.0,5.0,0.0,0.0,72.0,5.0,21.0,91.0,0.0,27.0,0.0,79.0,5.0,0.0,18.0,0.0,79.0,0.0,0.0,152.0,55.0,8.0,49.0,33.0,9.0,97.0,146.0,60.0,71.0,39.0,89.0,122.0,3.0,1.0,23.0,101.0,58.0,54.0,55.0,0.0,73.0,25.0,101.0,51.0,50.0,44.0,43.0,0.0,67.0,29.0,0.0,52.0,36.0,100.0,0.0,79.0
48,22000_0,"Louisiana Supercounty, Cluster 0",0.0,0.0,0.0,0.0,0.0,0.0,0.0,0.0,0.0,0.0,0.0,0.0,0.0,0.0,0.0,0.0,0.0,0.0,0.0,0.0,0.0,0.0,0.0,0.0,0.0,0.0,0.0,0.0,0.0,0.0,0.0,0.0,0.0,0.0,0.0,0.0,0.0,0.0,0.0,0.0,0.0,0.0,0.0,0.0,0.0,0.0,0.0,0.0,0.0,0.0,0.0,0.0,3.0,0.0,2.0,1.0,0.0,6.0,22.0,22.0,0.0,71.0,34.0,66.0,105.0,67.0,95.0,75.0,109.0,237.0,182.0,482.0,213.0,448.0,117.0,334.0,256.0,170.0,287.0,239.0,199.0,162.0,109.0,137.0,111.0,189.0,157.0,168.0,94.0,113.0,112.0,144.0,133.0,170.0,220.0,55.0,104.0,78.0,114.0,98.0,221.0,125.0,70.0,125.0,87.0,115.0,80.0,74.0,234.0,89.0,66.0,56.0,325.0,298.0,124.0,74.0,110.0,152.0
49,22000_3,"Louisiana Supercounty, Cluster 3",0.0,0.0,0.0,0.0,0.0,0.0,0.0,0.0,0.0,0.0,0.0,0.0,0.0,0.0,0.0,0.0,0.0,0.0,0.0,0.0,0.0,0.0,0.0,0.0,0.0,0.0,0.0,0.0,0.0,0.0,0.0,0.0,0.0,0.0,0.0,0.0,0.0,0.0,0.0,0.0,0.0,0.0,0.0,0.0,0.0,0.0,0.0,0.0,0.0,0.0,1.0,0.0,3.0,0.0,4.0,1.0,1.0,6.0,11.0,24.0,0.0,29.0,6.0,25.0,44.0,22.0,47.0,28.0,49.0,106.0,135.0,256.0,106.0,296.0,79.0,227.0,165.0,134.0,151.0,128.0,100.0,84.0,62.0,87.0,98.0,82.0,118.0,63.0,60.0,75.0,72.0,65.0,87.0,48.0,56.0,45.0,51.0,29.0,74.0,105.0,71.0,70.0,27.0,52.0,59.0,64.0,48.0,26.0,65.0,15.0,27.0,34.0,99.0,33.0,56.0,84.0,50.0,25.0
50,22000_1,"Louisiana Supercounty, Cluster 1",0.0,0.0,0.0,0.0,0.0,0.0,0.0,0.0,0.0,0.0,0.0,0.0,0.0,0.0,0.0,0.0,0.0,0.0,0.0,0.0,0.0,0.0,0.0,0.0,0.0,0.0,0.0,0.0,0.0,0.0,0.0,0.0,0.0,0.0,0.0,0.0,0.0,0.0,0.0,0.0,0.0,0.0,0.0,0.0,0.0,0.0,0.0,0.0,0.0,0.0,2.0,1.0,0.0,0.0,5.0,2.0,3.0,4.0,10.0,14.0,0.0,44.0,12.0,74.0,48.0,54.0,78.0,41.0,58.0,77.0,131.0,185.0,88.0,334.0,81.0,161.0,135.0,85.0,165.0,111.0,64.0,74.0,41.0,86.0,56.0,74.0,92.0,50.0,55.0,62.0,54.0,41.0,100.0,42.0,36.0,43.0,38.0,47.0,58.0,33.0,137.0,85.0,19.0,44.0,44.0,70.0,35.0,26.0,71.0,16.0,28.0,33.0,40.0,39.0,43.0,27.0,27.0,29.0
51,22000_2,"Louisiana Supercounty, Cluster 2",0.0,0.0,0.0,0.0,0.0,0.0,0.0,0.0,0.0,0.0,0.0,0.0,0.0,0.0,0.0,0.0,0.0,0.0,0.0,0.0,0.0,0.0,0.0,0.0,0.0,0.0,0.0,0.0,0.0,0.0,0.0,0.0,0.0,0.0,0.0,0.0,0.0,0.0,0.0,0.0,0.0,0.0,0.0,0.0,0.0,0.0,0.0,0.0,0.0,0.0,0.0,0.0,0.0,0.0,0.0,1.0,1.0,5.0,6.0,11.0,0.0,28.0,18.0,25.0,40.0,33.0,33.0,13.0,56.0,76.0,57.0,169.0,93.0,232.0,53.0,173.0,88.0,56.0,83.0,115.0,77.0,82.0,56.0,25.0,42.0,76.0,44.0,70.0,41.0,26.0,32.0,49.0,37.0,62.0,25.0,20.0,32.0,19.0,48.0,48.0,123.0,66.0,34.0,47.0,49.0,53.0,34.0,30.0,81.0,29.0,31.0,51.0,67.0,415.0,57.0,91.0,37.0,30.0
52,22000_4,"Louisiana Supercounty, Cluster 4",0.0,0.0,0.0,0.0,0.0,0.0,0.0,0.0,0.0,0.0,0.0,0.0,0.0,0.0,0.0,0.0,0.0,0.0,0.0,0.0,0.0,0.0,0.0,0.0,0.0,0.0,0.0,0.0,0.0,0.0,0.0,0.0,0.0,0.0,0.0,0.0,0.0,0.0,0.0,0.0,0.0,0.0,0.0,0.0,0.0,0.0,0.0,0.0,0.0,5.0,11.0,12.0,38.0,14.0,17.0,76.0,56.0,66.0,137.0,154.0,33.0,202.0,149.0,218.0,269.0,263.0,324.0,69.0,207.0,709.0,676.0,1623.0,645.0,1003.0,180.0,941.0,769.0,298.0,560.0,372.0,318.0,178.0,149.0,167.0,128.0,159.0,189.0,114.0,96.0,317.0,62.0,98.0,123.0,79.0,33.0,97.0,68.0,46.0,78.0,56.0,151.0,86.0,40.0,57.0,83.0,96.0,52.0,41.0,98.0,38.0,57.0,59.0,79.0,42.0,56.0,85.0,85.0,33.0
53,24000_4,"Maryland Supercounty, Cluster 4",0.0,0.0,0.0,0.0,0.0,0.0,0.0,0.0,0.0,0.0,0.0,0.0,0.0,0.0,0.0,0.0,0.0,0.0,0.0,0.0,0.0,0.0,0.0,0.0,0.0,0.0,0.0,0.0,0.0,0.0,0.0,0.0,0.0,0.0,0.0,0.0,0.0,0.0,0.0,0.0,0.0,0.0,0.0,0.0,0.0,0.0,0.0,0.0,0.0,0.0,0.0,1.0,0.0,1.0,4.0,2.0,5.0,9.0,6.0,7.0,8.0,4.0,8.0,12.0,24.0,35.0,36.0,19.0,26.0,38.0,56.0,58.0,57.0,54.0,49.0,39.0,49.0,134.0,64.0,69.0,93.0,64.0,80.0,76.0,83.0,78.0,94.0,72.0,49.0,74.0,86.0,60.0,130.0,103.0,101.0,101.0,105.0,51.0,120.0,99.0,111.0,113.0,112.0,82.0,45.0,91.0,146.0,136.0,114.0,126.0,47.0,39.0,100.0,92.0,119.0,88.0,81.0,75.0
54,24005,Baltimore - Maryland - US,0.0,0.0,0.0,0.0,0.0,0.0,0.0,0.0,0.0,0.0,0.0,0.0,0.0,0.0,0.0,0.0,0.0,0.0,0.0,0.0,0.0,0.0,0.0,0.0,0.0,0.0,0.0,0.0,0.0,0.0,0.0,0.0,0.0,0.0,0.0,0.0,0.0,0.0,0.0,0.0,0.0,0.0,0.0,0.0,0.0,0.0,0.0,0.0,0.0,0.0,1.0,1.0,0.0,1.0,1.0,2.0,4.0,2.0,1.0,6.0,9.0,7.0,7.0,9.0,30.0,22.0,38.0,21.0,24.0,41.0,62.0,64.0,74.0,64.0,99.0,58.0,4.0,214.0,113.0,93.0,101.0,84.0,104.0,16.0,108.0,31.0,53.0,95.0,69.0,142.0,50.0,87.0,120.0,102.0,153.0,122.0,39.0,83.0,109.0,91.0,182.0,170.0,118.0,147.0,0.0,97.0,135.0,101.0,0.0,125.0,86.0,103.0,109.0,130.0,109.0,150.0,75.0,125.0
55,24000_1,"Maryland Supercounty, Cluster 1",0.0,0.0,0.0,0.0,0.0,0.0,0.0,0.0,0.0,0.0,0.0,0.0,0.0,0.0,0.0,0.0,0.0,0.0,0.0,0.0,0.0,0.0,0.0,0.0,0.0,0.0,0.0,0.0,0.0,0.0,0.0,0.0,0.0,0.0,0.0,0.0,0.0,0.0,0.0,0.0,0.0,0.0,0.0,0.0,0.0,0.0,1.0,0.0,0.0,0.0,0.0,2.0,1.0,0.0,1.0,1.0,2.0,2.0,5.0,3.0,5.0,8.0,5.0,9.0,22.0,27.0,25.0,86.0,11.0,40.0,44.0,53.0,84.0,50.0,102.0,53.0,56.0,185.0,104.0,155.0,98.0,113.0,157.0,74.0,59.0,128.0,115.0,139.0,92.0,116.0,46.0,116.0,115.0,153.0,141.0,133.0,199.0,46.0,77.0,177.0,176.0,148.0,100.0,102.0,84.0,149.0,156.0,109.0,127.0,140.0,204.0,47.0,117.0,181.0,174.0,120.0,92.0,161.0
56,24031,Montgomery - Maryland - US,0.0,0.0,0.0,0.0,0.0,0.0,0.0,0.0,0.0,0.0,0.0,0.0,0.0,0.0,0.0,0.0,0.0,0.0,0.0,0.0,0.0,0.0,0.0,0.0,0.0,0.0,0.0,0.0,0.0,0.0,0.0,0.0,0.0,0.0,0.0,0.0,0.0,0.0,0.0,0.0,0.0,0.0,0.0,0.0,3.0,0.0,1.0,0.0,0.0,1.0,1.0,0.0,0.0,1.0,8.0,9.0,7.0,2.0,18.0,17.0,15.0,11.0,13.0,20.0,37.0,44.0,47.0,46.0,40.0,47.0,59.0,51.0,68.0,74.0,53.0,100.0,78.0,217.0,126.0,174.0,149.0,94.0,125.0,127.0,50.0,200.0,147.0,124.0,103.0,140.0,121.0,100.0,192.0,167.0,256.0,162.0,198.0,160.0,149.0,148.0,454.0,165.0,231.0,234.0,157.0,249.0,242.0,284.0,239.0,207.0,147.0,221.0,153.0,265.0,211.0,229.0,218.0,211.0
57,24033,Prince George's - Maryland - US,0.0,0.0,0.0,0.0,0.0,0.0,0.0,0.0,0.0,0.0,0.0,0.0,0.0,0.0,0.0,0.0,0.0,0.0,0.0,0.0,0.0,0.0,0.0,0.0,0.0,0.0,0.0,0.0,0.0,0.0,0.0,0.0,0.0,0.0,0.0,0.0,0.0,0.0,0.0,0.0,0.0,0.0,0.0,0.0,0.0,0.0,0.0,0.0,3.0,0.0,1.0,2.0,1.0,0.0,3.0,4.0,6.0,3.0,8.0,5.0,4.0,7.0,16.0,13.0,25.0,47.0,48.0,51.0,47.0,47.0,62.0,70.0,90.0,90.0,132.0,131.0,104.0,290.0,166.0,240.0,207.0,112.0,170.0,151.0,160.0,206.0,244.0,194.0,185.0,238.0,151.0,141.0,266.0,262.0,392.0,192.0,276.0,233.0,242.0,305.0,692.0,306.0,292.0,265.0,233.0,304.0,381.0,385.0,304.0,291.0,191.0,205.0,180.0,377.0,342.0,240.0,285.0,292.0
58,25000_1,"Massachusetts Supercounty, Cluster 1",0.0,0.0,0.0,0.0,0.0,0.0,0.0,0.0,0.0,0.0,0.0,0.0,0.0,0.0,0.0,0.0,0.0,0.0,0.0,0.0,0.0,0.0,0.0,0.0,0.0,0.0,0.0,0.0,0.0,0.0,0.0,0.0,0.0,0.0,0.0,0.0,0.0,0.0,0.0,0.0,0.0,0.0,0.0,0.0,0.0,0.0,0.0,0.0,0.0,0.0,0.0,0.0,1.0,0.0,0.0,1.0,0.0,4.0,5.0,2.0,15.0,8.0,12.0,14.0,22.0,36.0,43.0,22.0,34.0,41.0,76.0,49.0,43.0,27.0,20.0,55.0,33.0,24.0,34.0,37.0,26.0,36.0,6.0,21.0,22.0,29.0,33.0,65.0,53.0,0.0,60.0,14.0,52.0,68.0,25.0,31.0,42.0,88.0,44.0,33.0,42.0,38.0,19.0,19.0,20.0,33.0,39.0,76.0,23.0,29.0,19.0,32.0,24.0,24.0,32.0,23.0,19.0,12.0
59,25000_3,"Massachusetts Supercounty, Cluster 3",0.0,0.0,0.0,0.0,0.0,0.0,0.0,0.0,0.0,0.0,0.0,0.0,0.0,0.0,0.0,0.0,0.0,0.0,0.0,0.0,0.0,0.0,0.0,0.0,0.0,0.0,0.0,0.0,0.0,0.0,0.0,0.0,0.0,0.0,0.0,0.0,0.0,0.0,0.0,0.0,0.0,0.0,0.0,0.0,0.0,0.0,1.0,0.0,4.0,2.0,2.0,0.0,0.0,0.0,2.0,3.0,4.0,1.0,2.0,6.0,2.0,3.0,15.0,38.0,4.0,40.0,29.0,34.0,19.0,21.0,23.0,43.0,31.0,19.0,10.0,17.0,21.0,3.0,34.0,32.0,10.0,19.0,10.0,12.0,15.0,22.0,4.0,6.0,6.0,0.0,28.0,4.0,21.0,21.0,8.0,4.0,5.0,8.0,25.0,7.0,5.0,7.0,9.0,6.0,6.0,7.0,10.0,12.0,5.0,3.0,5.0,8.0,6.0,2.0,5.0,4.0,6.0,0.0
60,25005,Bristol - Massachusetts - US,0.0,0.0,0.0,0.0,0.0,0.0,0.0,0.0,0.0,0.0,0.0,0.0,0.0,0.0,0.0,0.0,0.0,0.0,0.0,0.0,0.0,0.0,0.0,0.0,0.0,0.0,0.0,0.0,0.0,0.0,0.0,0.0,0.0,0.0,0.0,0.0,0.0,0.0,0.0,0.0,0.0,0.0,0.0,0.0,0.0,0.0,0.0,0.0,0.0,0.0,0.0,0.0,1.0,0.0,1.0,3.0,0.0,1.0,0.0,8.0,10.0,1.0,6.0,36.0,23.0,39.0,50.0,29.0,55.0,43.0,60.0,58.0,93.0,84.0,58.0,63.0,46.0,67.0,159.0,92.0,105.0,136.0,67.0,41.0,73.0,97.0,54.0,39.0,33.0,0.0,121.0,56.0,273.0,516.0,132.0,94.0,145.0,202.0,159.0,151.0,212.0,124.0,103.0,84.0,132.0,145.0,149.0,141.0,177.0,84.0,68.0,126.0,124.0,191.0,150.0,158.0,122.0,126.0
61,25009,Essex - Massachusetts - US,0.0,0.0,0.0,0.0,0.0,0.0,0.0,0.0,0.0,0.0,0.0,0.0,0.0,0.0,0.0,0.0,0.0,0.0,0.0,0.0,0.0,0.0,0.0,0.0,0.0,0.0,0.0,0.0,0.0,0.0,0.0,0.0,0.0,0.0,0.0,0.0,0.0,0.0,0.0,0.0,0.0,0.0,0.0,0.0,0.0,0.0,0.0,0.0,0.0,1.0,1.0,0.0,3.0,0.0,3.0,0.0,6.0,5.0,10.0,12.0,19.0,13.0,45.0,59.0,70.0,103.0,122.0,98.0,83.0,131.0,101.0,154.0,199.0,162.0,106.0,147.0,188.0,262.0,233.0,334.0,226.0,274.0,243.0,181.0,300.0,351.0,339.0,330.0,239.0,0.0,368.0,262.0,436.0,622.0,371.0,277.0,219.0,264.0,408.0,293.0,355.0,334.0,180.0,231.0,206.0,365.0,266.0,385.0,216.0,142.0,79.0,140.0,131.0,247.0,181.0,183.0,148.0,125.0
62,25013,Hampden - Massachusetts - US,0.0,0.0,0.0,0.0,0.0,0.0,0.0,0.0,0.0,0.0,0.0,0.0,0.0,0.0,0.0,0.0,0.0,0.0,0.0,0.0,0.0,0.0,0.0,0.0,0.0,0.0,0.0,0.0,0.0,0.0,0.0,0.0,0.0,0.0,0.0,0.0,0.0,0.0,0.0,0.0,0.0,0.0,0.0,0.0,0.0,0.0,0.0,0.0,0.0,0.0,0.0,0.0,0.0,0.0,1.0,0.0,1.0,1.0,0.0,6.0,3.0,3.0,9.0,21.0,10.0,35.0,93.0,18.0,54.0,99.0,121.0,71.0,115.0,72.0,35.0,121.0,108.0,84.0,195.0,118.0,151.0,102.0,47.0,104.0,87.0,100.0,149.0,120.0,83.0,0.0,196.0,145.0,158.0,224.0,169.0,66.0,86.0,165.0,152.0,79.0,123.0,103.0,63.0,48.0,89.0,118.0,120.0,81.0,125.0,67.0,49.0,68.0,58.0,85.0,64.0,95.0,72.0,59.0
63,25017,Middlesex - Massachusetts - US,0.0,0.0,0.0,0.0,0.0,0.0,0.0,0.0,0.0,0.0,0.0,0.0,0.0,0.0,0.0,0.0,0.0,0.0,0.0,0.0,0.0,0.0,0.0,0.0,0.0,0.0,0.0,0.0,0.0,0.0,0.0,0.0,0.0,0.0,0.0,0.0,0.0,0.0,0.0,0.0,0.0,0.0,0.0,0.0,1.0,0.0,6.0,0.0,8.0,26.0,8.0,11.0,5.0,0.0,18.0,6.0,11.0,19.0,25.0,33.0,22.0,33.0,72.0,142.0,92.0,147.0,157.0,139.0,160.0,199.0,242.0,288.0,332.0,266.0,164.0,318.0,237.0,358.0,500.0,402.0,425.0,788.0,323.0,271.0,427.0,525.0,538.0,553.0,440.0,0.0,884.0,473.0,630.0,957.0,572.0,395.0,305.0,464.0,382.0,409.0,399.0,441.0,322.0,387.0,223.0,347.0,349.0,338.0,293.0,282.0,185.0,179.0,248.0,180.0,302.0,200.0,246.0,216.0
64,25021,Norfolk - Massachusetts - US,0.0,0.0,0.0,0.0,0.0,0.0,0.0,0.0,0.0,0.0,0.0,0.0,0.0,0.0,0.0,0.0,0.0,0.0,0.0,0.0,0.0,0.0,0.0,0.0,0.0,0.0,0.0,0.0,0.0,0.0,0.0,0.0,0.0,0.0,0.0,0.0,0.0,0.0,0.0,0.0,0.0,1.0,0.0,0.0,1.0,0.0,4.0,0.0,4.0,12.0,2.0,0.0,4.0,0.0,8.0,7.0,2.0,7.0,12.0,5.0,6.0,7.0,47.0,93.0,70.0,101.0,97.0,58.0,80.0,110.0,91.0,109.0,107.0,154.0,72.0,111.0,210.0,186.0,229.0,209.0,179.0,254.0,189.0,131.0,153.0,220.0,157.0,160.0,130.0,0.0,273.0,150.0,329.0,438.0,193.0,116.0,110.0,169.0,133.0,196.0,169.0,122.0,93.0,102.0,84.0,144.0,119.0,72.0,86.0,65.0,52.0,42.0,83.0,129.0,73.0,81.0,62.0,50.0
65,25023,Plymouth - Massachusetts - US,0.0,0.0,0.0,0.0,0.0,0.0,0.0,0.0,0.0,0.0,0.0,0.0,0.0,0.0,0.0,0.0,0.0,0.0,0.0,0.0,0.0,0.0,0.0,0.0,0.0,0.0,0.0,0.0,0.0,0.0,0.0,0.0,0.0,0.0,0.0,0.0,0.0,0.0,0.0,0.0,0.0,0.0,0.0,0.0,0.0,0.0,0.0,0.0,0.0,0.0,0.0,0.0,0.0,0.0,3.0,2.0,0.0,0.0,6.0,9.0,5.0,7.0,32.0,37.0,37.0,49.0,85.0,53.0,55.0,79.0,102.0,60.0,124.0,153.0,65.0,104.0,127.0,133.0,180.0,170.0,132.0,215.0,117.0,66.0,101.0,158.0,111.0,111.0,144.0,0.0,211.0,210.0,276.0,631.0,220.0,115.0,112.0,137.0,127.0,212.0,176.0,150.0,98.0,95.0,134.0,163.0,182.0,113.0,117.0,71.0,75.0,50.0,85.0,182.0,101.0,112.0,77.0,75.0
66,25025,Suffolk - Massachusetts - US,0.0,0.0,0.0,0.0,0.0,0.0,0.0,0.0,0.0,0.0,1.0,0.0,0.0,0.0,0.0,0.0,0.0,0.0,0.0,0.0,0.0,0.0,0.0,0.0,0.0,0.0,0.0,0.0,0.0,0.0,0.0,0.0,0.0,0.0,0.0,0.0,0.0,0.0,0.0,0.0,0.0,0.0,0.0,0.0,2.0,0.0,5.0,0.0,2.0,10.0,2.0,4.0,1.0,0.0,9.0,6.0,9.0,21.0,14.0,22.0,18.0,28.0,80.0,108.0,106.0,183.0,212.0,97.0,175.0,258.0,251.0,272.0,287.0,246.0,229.0,271.0,316.0,355.0,441.0,493.0,392.0,433.0,220.0,293.0,407.0,541.0,452.0,424.0,378.0,0.0,595.0,391.0,679.0,985.0,494.0,325.0,340.0,257.0,399.0,351.0,405.0,311.0,171.0,164.0,232.0,303.0,256.0,212.0,175.0,160.0,77.0,98.0,133.0,294.0,115.0,350.0,133.0,192.0
67,25027,Worcester - Massachusetts - US,0.0,0.0,0.0,0.0,0.0,0.0,0.0,0.0,0.0,0.0,0.0,0.0,0.0,0.0,0.0,0.0,0.0,0.0,0.0,0.0,0.0,0.0,0.0,0.0,0.0,0.0,0.0,0.0,0.0,0.0,0.0,0.0,0.0,0.0,0.0,0.0,0.0,0.0,0.0,0.0,0.0,0.0,0.0,0.0,0.0,0.0,0.0,0.0,1.0,0.0,0.0,1.0,0.0,0.0,4.0,2.0,2.0,4.0,5.0,5.0,13.0,5.0,31.0,56.0,37.0,53.0,72.0,46.0,53.0,43.0,130.0,104.0,158.0,90.0,63.0,99.0,95.0,124.0,165.0,217.0,144.0,210.0,96.0,118.0,104.0,153.0,262.0,187.0,117.0,0.0,272.0,115.0,342.0,429.0,233.0,112.0,172.0,255.0,301.0,250.0,237.0,342.0,159.0,183.0,126.0,395.0,205.0,213.0,201.0,132.0,75.0,141.0,282.0,314.0,231.0,281.0,185.0,190.0
68,26000_0,"Michigan Supercounty, Cluster 0",0.0,0.0,0.0,0.0,0.0,0.0,0.0,0.0,0.0,0.0,0.0,0.0,0.0,0.0,0.0,0.0,0.0,0.0,0.0,0.0,0.0,0.0,0.0,0.0,0.0,0.0,0.0,0.0,0.0,0.0,0.0,0.0,0.0,0.0,0.0,0.0,0.0,0.0,0.0,0.0,0.0,0.0,0.0,0.0,0.0,0.0,0.0,0.0,0.0,0.0,0.0,1.0,1.0,0.0,0.0,1.0,0.0,2.0,2.0,8.0,6.0,4.0,16.0,16.0,18.0,24.0,31.0,35.0,26.0,48.0,58.0,50.0,37.0,53.0,49.0,31.0,74.0,56.0,48.0,52.0,42.0,26.0,37.0,35.0,45.0,50.0,33.0,62.0,64.0,29.0,66.0,49.0,63.0,57.0,23.0,30.0,52.0,68.0,74.0,66.0,42.0,69.0,30.0,20.0,40.0,38.0,44.0,45.0,43.0,31.0,29.0,44.0,27.0,46.0,33.0,32.0,26.0,29.0
69,26000_3,"Michigan Supercounty, Cluster 3",0.0,0.0,0.0,0.0,0.0,0.0,0.0,0.0,0.0,0.0,0.0,0.0,0.0,0.0,0.0,0.0,0.0,0.0,0.0,0.0,0.0,0.0,0.0,0.0,0.0,0.0,0.0,0.0,0.0,0.0,0.0,0.0,0.0,0.0,0.0,0.0,0.0,0.0,0.0,0.0,0.0,0.0,0.0,0.0,0.0,0.0,0.0,0.0,0.0,0.0,0.0,1.0,0.0,1.0,1.0,1.0,0.0,6.0,6.0,4.0,9.0,4.0,25.0,22.0,20.0,31.0,26.0,34.0,57.0,53.0,73.0,94.0,74.0,75.0,77.0,76.0,79.0,116.0,98.0,106.0,75.0,89.0,51.0,69.0,97.0,119.0,105.0,65.0,58.0,76.0,88.0,103.0,104.0,109.0,35.0,46.0,92.0,76.0,76.0,107.0,81.0,80.0,38.0,44.0,51.0,98.0,61.0,79.0,33.0,34.0,67.0,59.0,59.0,131.0,62.0,70.0,58.0,44.0
70,26000_1,"Michigan Supercounty, Cluster 1",0.0,0.0,0.0,0.0,0.0,0.0,0.0,0.0,0.0,0.0,0.0,0.0,0.0,0.0,0.0,0.0,0.0,0.0,0.0,0.0,0.0,0.0,0.0,0.0,0.0,0.0,0.0,0.0,0.0,0.0,0.0,0.0,0.0,0.0,0.0,0.0,0.0,0.0,0.0,0.0,0.0,0.0,0.0,0.0,0.0,0.0,0.0,0.0,0.0,0.0,0.0,7.0,1.0,1.0,6.0,2.0,2.0,10.0,12.0,30.0,18.0,33.0,32.0,46.0,54.0,101.0,75.0,109.0,128.0,108.0,208.0,173.0,163.0,117.0,95.0,111.0,138.0,177.0,137.0,147.0,149.0,104.0,107.0,124.0,145.0,173.0,184.0,134.0,93.0,117.0,202.0,273.0,207.0,238.0,111.0,164.0,127.0,365.0,221.0,195.0,251.0,207.0,202.0,122.0,138.0,275.0,146.0,156.0,168.0,112.0,125.0,174.0,73.0,351.0,162.0,159.0,124.0,123.0
71,26000_4,"Michigan Supercounty, Cluster 4",0.0,0.0,0.0,0.0,0.0,0.0,0.0,0.0,0.0,0.0,0.0,0.0,0.0,0.0,0.0,0.0,0.0,0.0,0.0,0.0,0.0,0.0,0.0,0.0,0.0,0.0,0.0,0.0,0.0,0.0,0.0,0.0,0.0,0.0,0.0,0.0,0.0,0.0,0.0,0.0,0.0,0.0,0.0,0.0,0.0,0.0,0.0,0.0,0.0,0.0,0.0,0.0,1.0,1.0,4.0,2.0,2.0,45.0,31.0,15.0,39.0,35.0,50.0,56.0,66.0,57.0,130.0,86.0,108.0,125.0,235.0,244.0,228.0,278.0,165.0,156.0,255.0,212.0,157.0,190.0,191.0,90.0,164.0,202.0,172.0,200.0,153.0,106.0,109.0,65.0,119.0,84.0,234.0,160.0,117.0,64.0,42.0,94.0,91.0,83.0,110.0,43.0,90.0,0.0,53.0,43.0,44.0,87.0,56.0,23.0,22.0,33.0,40.0,95.0,42.0,30.0,41.0,12.0
72,26125,Oakland - Michigan - US,0.0,0.0,0.0,0.0,0.0,0.0,0.0,0.0,0.0,0.0,0.0,0.0,0.0,0.0,0.0,0.0,0.0,0.0,0.0,0.0,0.0,0.0,0.0,0.0,0.0,0.0,0.0,0.0,0.0,0.0,0.0,0.0,0.0,0.0,0.0,0.0,0.0,0.0,0.0,0.0,0.0,0.0,0.0,0.0,0.0,0.0,0.0,0.0,0.0,1.0,0.0,2.0,3.0,3.0,5.0,2.0,43.0,46.0,79.0,46.0,47.0,52.0,99.0,115.0,125.0,156.0,194.0,152.0,195.0,226.0,319.0,273.0,357.0,245.0,250.0,345.0,356.0,271.0,240.0,264.0,291.0,113.0,158.0,291.0,212.0,202.0,123.0,120.0,88.0,69.0,128.0,157.0,171.0,170.0,77.0,47.0,0.0,99.0,147.0,108.0,156.0,52.0,43.0,0.0,23.0,51.0,51.0,40.0,28.0,44.0,16.0,32.0,46.0,122.0,42.0,29.0,20.0,7.0
73,26163,Wayne - Michigan - US,0.0,0.0,0.0,0.0,0.0,0.0,0.0,0.0,0.0,0.0,0.0,0.0,0.0,0.0,0.0,0.0,0.0,0.0,0.0,0.0,0.0,0.0,0.0,0.0,0.0,0.0,0.0,0.0,0.0,0.0,0.0,0.0,0.0,0.0,0.0,0.0,0.0,0.0,0.0,0.0,0.0,0.0,0.0,0.0,0.0,0.0,0.0,0.0,0.0,1.0,0.0,1.0,4.0,2.0,6.0,0.0,9.0,21.0,23.0,35.0,375.0,161.0,238.0,246.0,267.0,421.0,506.0,388.0,491.0,540.0,735.0,599.0,1027.0,666.0,756.0,752.0,775.0,581.0,467.0,446.0,412.0,213.0,484.0,561.0,335.0,0.0,689.0,238.0,221.0,220.0,0.0,649.0,433.0,413.0,0.0,341.0,124.0,301.0,321.0,235.0,241.0,136.0,192.0,16.0,77.0,180.0,96.0,157.0,136.0,115.0,119.0,80.0,115.0,381.0,112.0,134.0,49.0,63.0
74,27000_1,"Minnesota Supercounty, Cluster 1",0.0,0.0,0.0,0.0,0.0,0.0,0.0,0.0,0.0,0.0,0.0,0.0,0.0,0.0,0.0,0.0,0.0,0.0,0.0,0.0,0.0,0.0,0.0,0.0,0.0,0.0,0.0,0.0,0.0,0.0,0.0,0.0,0.0,0.0,0.0,0.0,0.0,0.0,0.0,0.0,0.0,0.0,0.0,0.0,0.0,0.0,0.0,1.0,0.0,1.0,2.0,0.0,3.0,0.0,7.0,1.0,5.0,4.0,2.0,1.0,12.0,16.0,3.0,4.0,7.0,13.0,12.0,14.0,21.0,7.0,9.0,10.0,12.0,10.0,16.0,13.0,10.0,12.0,15.0,11.0,10.0,22.0,0.0,16.0,9.0,0.0,29.0,7.0,16.0,16.0,8.0,30.0,35.0,32.0,24.0,25.0,26.0,69.0,101.0,137.0,205.0,166.0,108.0,183.0,191.0,297.0,289.0,258.0,199.0,145.0,136.0,175.0,111.0,148.0,187.0,164.0,219.0,176.0
75,27000_3,"Minnesota Supercounty, Cluster 3",0.0,0.0,0.0,0.0,0.0,0.0,0.0,0.0,0.0,0.0,0.0,0.0,0.0,0.0,0.0,0.0,0.0,0.0,0.0,0.0,0.0,0.0,0.0,0.0,0.0,0.0,0.0,0.0,0.0,0.0,0.0,0.0,0.0,0.0,0.0,0.0,0.0,0.0,0.0,0.0,0.0,0.0,0.0,0.0,0.0,0.0,0.0,0.0,0.0,1.0,0.0,1.0,0.0,0.0,3.0,2.0,2.0,0.0,7.0,2.0,3.0,7.0,3.0,5.0,13.0,7.0,7.0,12.0,10.0,11.0,9.0,9.0,11.0,21.0,11.0,8.0,12.0,9.0,10.0,27.0,8.0,28.0,0.0,9.0,31.0,0.0,33.0,9.0,31.0,11.0,9.0,20.0,20.0,24.0,35.0,14.0,14.0,31.0,25.0,24.0,31.0,64.0,20.0,40.0,49.0,53.0,38.0,55.0,51.0,27.0,32.0,39.0,23.0,52.0,51.0,59.0,44.0,55.0
76,27053,Hennepin - Minnesota - US,0.0,0.0,0.0,0.0,0.0,0.0,0.0,0.0,0.0,0.0,0.0,0.0,0.0,0.0,0.0,0.0,0.0,0.0,0.0,0.0,0.0,0.0,0.0,0.0,0.0,0.0,0.0,0.0,0.0,0.0,0.0,0.0,0.0,0.0,0.0,0.0,0.0,0.0,0.0,0.0,0.0,0.0,0.0,0.0,0.0,0.0,0.0,0.0,0.0,0.0,1.0,0.0,5.0,0.0,16.0,2.0,4.0,4.0,13.0,7.0,5.0,32.0,14.0,8.0,17.0,13.0,11.0,19.0,19.0,14.0,14.0,17.0,7.0,10.0,15.0,13.0,30.0,34.0,31.0,40.0,49.0,93.0,0.0,1.0,93.0,0.0,155.0,69.0,49.0,51.0,38.0,60.0,59.0,68.0,87.0,45.0,84.0,108.0,109.0,105.0,91.0,151.0,171.0,147.0,221.0,245.0,198.0,191.0,226.0,179.0,186.0,289.0,150.0,148.0,343.0,256.0,228.0,251.0
77,27000_4,"Minnesota Supercounty, Cluster 4",0.0,0.0,0.0,0.0,0.0,0.0,0.0,0.0,0.0,0.0,0.0,0.0,0.0,0.0,0.0,0.0,0.0,0.0,0.0,0.0,0.0,0.0,0.0,0.0,0.0,0.0,0.0,0.0,0.0,0.0,0.0,0.0,0.0,0.0,0.0,0.0,0.0,0.0,0.0,0.0,0.0,0.0,0.0,0.0,1.0,0.0,0.0,0.0,0.0,1.0,1.0,0.0,2.0,0.0,5.0,1.0,1.0,0.0,4.0,1.0,1.0,6.0,2.0,1.0,5.0,2.0,8.0,4.0,4.0,6.0,10.0,1.0,4.0,8.0,12.0,5.0,5.0,11.0,9.0,3.0,8.0,20.0,0.0,1.0,11.0,0.0,14.0,14.0,4.0,6.0,13.0,4.0,16.0,12.0,14.0,17.0,19.0,20.0,15.0,42.0,31.0,48.0,40.0,42.0,48.0,73.0,61.0,83.0,75.0,45.0,66.0,66.0,72.0,43.0,120.0,129.0,114.0,95.0
78,28000_0,"Mississippi Supercounty, Cluster 0",0.0,0.0,0.0,0.0,0.0,0.0,0.0,0.0,0.0,0.0,0.0,0.0,0.0,0.0,0.0,0.0,0.0,0.0,0.0,0.0,0.0,0.0,0.0,0.0,0.0,0.0,0.0,0.0,0.0,0.0,0.0,0.0,0.0,0.0,0.0,0.0,0.0,0.0,0.0,0.0,0.0,0.0,0.0,0.0,0.0,0.0,0.0,0.0,0.0,0.0,0.0,0.0,0.0,0.0,2.0,0.0,6.0,3.0,15.0,8.0,46.0,17.0,29.0,18.0,44.0,36.0,36.0,45.0,0.0,73.0,46.0,54.0,64.0,42.0,83.0,40.0,76.0,36.0,110.0,80.0,73.0,63.0,69.0,53.0,114.0,116.0,67.0,96.0,139.0,114.0,118.0,86.0,126.0,153.0,164.0,125.0,107.0,146.0,113.0,145.0,208.0,127.0,64.0,138.0,210.0,108.0,149.0,176.0,161.0,71.0,84.0,124.0,87.0,160.0,199.0,151.0,73.0,90.0
79,28000_3,"Mississippi Supercounty, Cluster 3",0.0,0.0,0.0,0.0,0.0,0.0,0.0,0.0,0.0,0.0,0.0,0.0,0.0,0.0,0.0,0.0,0.0,0.0,0.0,0.0,0.0,0.0,0.0,0.0,0.0,0.0,0.0,0.0,0.0,0.0,0.0,0.0,0.0,0.0,0.0,0.0,0.0,0.0,0.0,0.0,0.0,0.0,0.0,0.0,0.0,0.0,0.0,0.0,0.0,0.0,1.0,3.0,2.0,0.0,2.0,4.0,3.0,7.0,10.0,1.0,30.0,10.0,23.0,20.0,23.0,21.0,28.0,24.0,0.0,37.0,46.0,20.0,58.0,29.0,55.0,33.0,53.0,28.0,85.0,77.0,49.0,45.0,48.0,56.0,101.0,89.0,73.0,45.0,78.0,69.0,50.0,56.0,76.0,72.0,67.0,46.0,49.0,52.0,55.0,53.0,121.0,63.0,32.0,79.0,66.0,73.0,78.0,132.0,88.0,36.0,53.0,71.0,31.0,107.0,67.0,99.0,74.0,37.0
80,29189,St. Louis - Missouri - US,0.0,0.0,0.0,0.0,0.0,0.0,0.0,0.0,0.0,0.0,0.0,0.0,0.0,0.0,0.0,0.0,0.0,0.0,0.0,0.0,0.0,0.0,0.0,0.0,0.0,0.0,0.0,0.0,0.0,0.0,0.0,0.0,0.0,0.0,0.0,0.0,0.0,0.0,0.0,0.0,0.0,0.0,0.0,0.0,0.0,0.0,1.0,0.0,0.0,0.0,1.0,0.0,0.0,0.0,0.0,1.0,1.0,4.0,2.0,7.0,5.0,47.0,31.0,29.0,44.0,74.0,66.0,23.0,30.0,126.0,113.0,107.0,0.0,152.0,0.0,169.0,170.0,0.0,99.0,196.0,70.0,65.0,91.0,127.0,0.0,175.0,62.0,75.0,72.0,54.0,60.0,87.0,82.0,135.0,67.0,97.0,81.0,67.0,95.0,76.0,117.0,99.0,81.0,88.0,48.0,79.0,76.0,68.0,72.0,68.0,19.0,35.0,36.0,82.0,68.0,64.0,51.0,37.0
81,32000_2,"Nevada Supercounty, Cluster 2",0.0,0.0,0.0,0.0,0.0,0.0,0.0,0.0,0.0,0.0,0.0,0.0,0.0,0.0,0.0,0.0,0.0,0.0,0.0,0.0,0.0,0.0,0.0,0.0,0.0,0.0,0.0,0.0,0.0,0.0,0.0,0.0,0.0,0.0,0.0,0.0,0.0,0.0,0.0,0.0,0.0,0.0,0.0,1.0,1.0,0.0,2.0,0.0,0.0,3.0,3.0,8.0,2.0,0.0,24.0,10.0,0.0,29.0,58.0,8.0,3.0,1.0,105.0,43.0,108.0,104.0,8.0,118.0,229.0,130.0,116.0,184.0,179.0,203.0,122.0,89.0,171.0,164.0,134.0,174.0,28.0,206.0,168.0,136.0,67.0,0.0,209.0,160.0,107.0,84.0,108.0,167.0,122.0,129.0,183.0,109.0,55.0,107.0,113.0,116.0,190.0,135.0,82.0,149.0,29.0,78.0,108.0,35.0,150.0,66.0,20.0,127.0,192.0,22.0,226.0,65.0,134.0,111.0
82,33000_1,"New Hampshire Supercounty, Cluster 1",0.0,0.0,0.0,0.0,0.0,0.0,0.0,0.0,0.0,0.0,0.0,0.0,0.0,0.0,0.0,0.0,0.0,0.0,0.0,0.0,0.0,0.0,0.0,0.0,0.0,0.0,0.0,0.0,0.0,0.0,0.0,0.0,0.0,0.0,0.0,0.0,0.0,0.0,0.0,0.0,1.0,1.0,0.0,0.0,0.0,0.0,1.0,0.0,0.0,0.0,0.0,0.0,0.0,0.0,3.0,5.0,4.0,0.0,6.0,4.0,8.0,1.0,9.0,3.0,13.0,2.0,19.0,13.0,22.0,46.0,10.0,65.0,0.0,32.0,47.0,44.0,0.0,16.0,19.0,0.0,46.0,28.0,21.0,10.0,187.0,0.0,82.0,36.0,31.0,40.0,22.0,62.0,46.0,36.0,30.0,48.0,35.0,38.0,41.0,37.0,53.0,50.0,59.0,51.0,30.0,76.0,61.0,71.0,37.0,44.0,64.0,58.0,44.0,47.0,64.0,52.0,26.0,20.0
83,33015,Rockingham - New Hampshire - US,0.0,0.0,0.0,0.0,0.0,0.0,0.0,0.0,0.0,0.0,0.0,0.0,0.0,0.0,0.0,0.0,0.0,0.0,0.0,0.0,0.0,0.0,0.0,0.0,0.0,0.0,0.0,0.0,0.0,0.0,0.0,0.0,0.0,0.0,0.0,0.0,0.0,0.0,0.0,0.0,0.0,0.0,0.0,0.0,0.0,0.0,1.0,0.0,0.0,1.0,1.0,0.0,1.0,0.0,6.0,4.0,3.0,0.0,2.0,6.0,3.0,0.0,10.0,4.0,14.0,11.0,8.0,11.0,14.0,37.0,0.0,33.0,0.0,20.0,23.0,33.0,0.0,9.0,13.0,0.0,37.0,9.0,31.0,33.0,21.0,0.0,50.0,17.0,13.0,10.0,4.0,26.0,32.0,17.0,25.0,26.0,24.0,21.0,6.0,22.0,87.0,49.0,34.0,16.0,10.0,15.0,30.0,16.0,15.0,14.0,16.0,16.0,11.0,19.0,0.0,55.0,9.0,9.0
84,34000_1,"New Jersey Supercounty, Cluster 1",0.0,0.0,0.0,0.0,0.0,0.0,0.0,0.0,0.0,0.0,0.0,0.0,0.0,0.0,0.0,0.0,0.0,0.0,0.0,0.0,0.0,0.0,0.0,0.0,0.0,0.0,0.0,0.0,0.0,0.0,0.0,0.0,0.0,0.0,0.0,0.0,0.0,0.0,0.0,0.0,0.0,0.0,0.0,0.0,0.0,0.0,0.0,0.0,0.0,0.0,0.0,0.0,0.0,1.0,0.0,3.0,6.0,7.0,5.0,10.0,14.0,9.0,15.0,20.0,53.0,47.0,43.0,31.0,51.0,65.0,101.0,81.0,124.0,118.0,127.0,99.0,132.0,125.0,166.0,103.0,134.0,128.0,117.0,120.0,116.0,131.0,121.0,97.0,168.0,106.0,98.0,224.0,221.0,127.0,143.0,184.0,286.0,273.0,142.0,178.0,125.0,176.0,188.0,206.0,176.0,167.0,140.0,238.0,266.0,100.0,122.0,138.0,72.0,141.0,79.0,192.0,84.0,176.0
85,34003,Bergen - New Jersey - US,0.0,0.0,0.0,0.0,0.0,0.0,0.0,0.0,0.0,0.0,0.0,0.0,0.0,0.0,0.0,0.0,0.0,0.0,0.0,0.0,0.0,0.0,0.0,0.0,0.0,0.0,0.0,0.0,0.0,0.0,0.0,0.0,0.0,0.0,0.0,0.0,0.0,0.0,0.0,0.0,0.0,0.0,0.0,2.0,0.0,2.0,0.0,0.0,3.0,4.0,2.0,2.0,10.0,0.0,36.0,23.0,30.0,81.0,54.0,114.0,94.0,152.0,92.0,118.0,387.0,299.0,333.0,331.0,313.0,427.0,585.0,605.0,767.0,894.0,427.0,675.0,671.0,341.0,469.0,585.0,434.0,422.0,308.0,334.0,422.0,561.0,454.0,300.0,476.0,372.0,345.0,330.0,363.0,314.0,375.0,227.0,139.0,147.0,195.0,164.0,220.0,144.0,211.0,97.0,178.0,60.0,89.0,100.0,95.0,125.0,99.0,63.0,59.0,0.0,115.0,51.0,115.0,98.0
86,34005,Burlington - New Jersey - US,0.0,0.0,0.0,0.0,0.0,0.0,0.0,0.0,0.0,0.0,0.0,0.0,0.0,0.0,0.0,0.0,0.0,0.0,0.0,0.0,0.0,0.0,0.0,0.0,0.0,0.0,0.0,0.0,0.0,0.0,0.0,0.0,0.0,0.0,0.0,0.0,0.0,0.0,0.0,0.0,0.0,0.0,0.0,0.0,0.0,0.0,0.0,0.0,2.0,0.0,0.0,1.0,0.0,0.0,2.0,0.0,5.0,4.0,3.0,4.0,5.0,10.0,6.0,6.0,16.0,24.0,27.0,27.0,36.0,24.0,53.0,39.0,73.0,102.0,78.0,99.0,87.0,68.0,82.0,71.0,77.0,64.0,60.0,52.0,54.0,65.0,40.0,90.0,131.0,76.0,102.0,113.0,91.0,85.0,99.0,180.0,74.0,136.0,63.0,84.0,79.0,110.0,164.0,57.0,107.0,28.0,132.0,64.0,100.0,43.0,91.0,32.0,29.0,56.0,67.0,26.0,62.0,49.0
87,34007,Camden - New Jersey - US,0.0,0.0,0.0,0.0,0.0,0.0,0.0,0.0,0.0,0.0,0.0,0.0,0.0,0.0,0.0,0.0,0.0,0.0,0.0,0.0,0.0,0.0,0.0,0.0,0.0,0.0,0.0,0.0,0.0,0.0,0.0,0.0,0.0,0.0,0.0,0.0,0.0,0.0,0.0,0.0,0.0,0.0,0.0,0.0,0.0,0.0,0.0,0.0,1.0,0.0,0.0,0.0,1.0,0.0,1.0,0.0,5.0,5.0,0.0,4.0,7.0,11.0,18.0,10.0,12.0,22.0,28.0,40.0,37.0,28.0,61.0,54.0,63.0,75.0,75.0,89.0,91.0,102.0,152.0,82.0,108.0,90.0,131.0,76.0,110.0,147.0,73.0,111.0,213.0,124.0,124.0,149.0,155.0,67.0,120.0,113.0,141.0,161.0,100.0,134.0,127.0,127.0,200.0,100.0,178.0,56.0,172.0,140.0,139.0,112.0,89.0,84.0,56.0,73.0,83.0,126.0,74.0,118.0
88,34013,Essex - New Jersey - US,0.0,0.0,0.0,0.0,0.0,0.0,0.0,0.0,0.0,0.0,0.0,0.0,0.0,0.0,0.0,0.0,0.0,0.0,0.0,0.0,0.0,0.0,0.0,0.0,0.0,0.0,0.0,0.0,0.0,0.0,0.0,0.0,0.0,0.0,0.0,0.0,0.0,0.0,0.0,0.0,0.0,0.0,0.0,0.0,0.0,0.0,0.0,0.0,0.0,0.0,1.0,2.0,4.0,0.0,13.0,12.0,13.0,18.0,10.0,34.0,65.0,101.0,69.0,39.0,228.0,217.0,260.0,141.0,337.0,336.0,362.0,355.0,450.0,517.0,498.0,411.0,585.0,520.0,471.0,511.0,427.0,403.0,224.0,578.0,367.0,505.0,588.0,229.0,403.0,425.0,399.0,259.0,424.0,299.0,410.0,343.0,184.0,143.0,255.0,237.0,312.0,254.0,273.0,100.0,219.0,111.0,264.0,135.0,194.0,102.0,81.0,99.0,79.0,0.0,198.0,48.0,53.0,508.0
89,34015,Gloucester - New Jersey - US,0.0,0.0,0.0,0.0,0.0,0.0,0.0,0.0,0.0,0.0,0.0,0.0,0.0,0.0,0.0,0.0,0.0,0.0,0.0,0.0,0.0,0.0,0.0,0.0,0.0,0.0,0.0,0.0,0.0,0.0,0.0,0.0,0.0,0.0,0.0,0.0,0.0,0.0,0.0,0.0,0.0,0.0,0.0,0.0,0.0,0.0,0.0,0.0,0.0,0.0,0.0,0.0,0.0,0.0,0.0,2.0,0.0,0.0,3.0,1.0,2.0,5.0,6.0,4.0,10.0,7.0,11.0,21.0,17.0,25.0,35.0,20.0,14.0,32.0,33.0,31.0,32.0,29.0,73.0,34.0,40.0,45.0,34.0,21.0,15.0,22.0,40.0,19.0,54.0,33.0,38.0,48.0,43.0,24.0,26.0,27.0,135.0,68.0,29.0,43.0,31.0,52.0,50.0,49.0,34.0,32.0,49.0,45.0,38.0,23.0,36.0,20.0,18.0,28.0,32.0,23.0,21.0,75.0
90,34017,Hudson - New Jersey - US,0.0,0.0,0.0,0.0,0.0,0.0,0.0,0.0,0.0,0.0,0.0,0.0,0.0,0.0,0.0,0.0,0.0,0.0,0.0,0.0,0.0,0.0,0.0,0.0,0.0,0.0,0.0,0.0,0.0,0.0,0.0,0.0,0.0,0.0,0.0,0.0,0.0,0.0,0.0,0.0,0.0,0.0,0.0,0.0,0.0,0.0,1.0,0.0,0.0,0.0,0.0,3.0,1.0,0.0,14.0,5.0,10.0,21.0,11.0,31.0,29.0,64.0,44.0,26.0,181.0,153.0,177.0,203.0,340.0,292.0,304.0,360.0,565.0,656.0,433.0,471.0,554.0,488.0,442.0,532.0,440.0,618.0,410.0,363.0,269.0,654.0,471.0,320.0,530.0,664.0,71.0,867.0,593.0,330.0,356.0,341.0,217.0,384.0,287.0,320.0,232.0,253.0,368.0,112.0,218.0,98.0,945.0,223.0,0.0,148.0,288.0,0.0,0.0,151.0,446.0,0.0,450.0,0.0
91,34021,Mercer - New Jersey - US,0.0,0.0,0.0,0.0,0.0,0.0,0.0,0.0,0.0,0.0,0.0,0.0,0.0,0.0,0.0,0.0,0.0,0.0,0.0,0.0,0.0,0.0,0.0,0.0,0.0,0.0,0.0,0.0,0.0,0.0,0.0,0.0,0.0,0.0,0.0,0.0,0.0,0.0,0.0,0.0,0.0,0.0,0.0,0.0,0.0,0.0,0.0,0.0,0.0,0.0,0.0,1.0,0.0,0.0,5.0,3.0,6.0,5.0,2.0,8.0,10.0,10.0,8.0,24.0,29.0,20.0,37.0,34.0,47.0,19.0,65.0,53.0,98.0,102.0,68.0,86.0,97.0,155.0,169.0,121.0,152.0,133.0,79.0,85.0,125.0,181.0,86.0,92.0,180.0,196.0,0.0,254.0,146.0,95.0,159.0,110.0,78.0,172.0,120.0,212.0,140.0,194.0,233.0,90.0,149.0,117.0,126.0,125.0,122.0,84.0,76.0,33.0,73.0,113.0,61.0,46.0,106.0,125.0
92,34023,Middlesex - New Jersey - US,0.0,0.0,0.0,0.0,0.0,0.0,0.0,0.0,0.0,0.0,0.0,0.0,0.0,0.0,0.0,0.0,0.0,0.0,0.0,0.0,0.0,0.0,0.0,0.0,0.0,0.0,0.0,0.0,0.0,0.0,0.0,0.0,0.0,0.0,0.0,0.0,0.0,0.0,0.0,0.0,0.0,0.0,0.0,0.0,0.0,0.0,0.0,0.0,0.0,2.0,0.0,4.0,4.0,0.0,7.0,5.0,18.0,24.0,12.0,40.0,31.0,63.0,67.0,39.0,189.0,135.0,168.0,130.0,185.0,154.0,216.0,273.0,359.0,453.0,372.0,313.0,454.0,439.0,472.0,432.0,346.0,287.0,294.0,326.0,263.0,418.0,314.0,316.0,393.0,329.0,0.0,701.0,483.0,259.0,286.0,567.0,125.0,335.0,334.0,279.0,232.0,266.0,384.0,171.0,374.0,112.0,157.0,206.0,142.0,178.0,99.0,85.0,120.0,91.0,97.0,85.0,154.0,84.0
93,34025,Monmouth - New Jersey - US,0.0,0.0,0.0,0.0,0.0,0.0,0.0,0.0,0.0,0.0,0.0,0.0,0.0,0.0,0.0,0.0,0.0,0.0,0.0,0.0,0.0,0.0,0.0,0.0,0.0,0.0,0.0,0.0,0.0,0.0,0.0,0.0,0.0,0.0,0.0,0.0,0.0,0.0,0.0,0.0,0.0,0.0,0.0,0.0,0.0,0.0,0.0,0.0,2.0,2.0,1.0,3.0,0.0,0.0,6.0,8.0,10.0,11.0,10.0,39.0,66.0,80.0,50.0,25.0,188.0,133.0,147.0,89.0,160.0,110.0,161.0,157.0,285.0,322.0,289.0,191.0,225.0,268.0,210.0,248.0,155.0,134.0,90.0,128.0,119.0,177.0,115.0,114.0,141.0,118.0,0.0,299.0,152.0,130.0,153.0,150.0,88.0,67.0,81.0,126.0,99.0,66.0,92.0,88.0,112.0,62.0,97.0,103.0,63.0,79.0,94.0,53.0,49.0,74.0,60.0,73.0,42.0,69.0
94,34027,Morris - New Jersey - US,0.0,0.0,0.0,0.0,0.0,0.0,0.0,0.0,0.0,0.0,0.0,0.0,0.0,0.0,0.0,0.0,0.0,0.0,0.0,0.0,0.0,0.0,0.0,0.0,0.0,0.0,0.0,0.0,0.0,0.0,0.0,0.0,0.0,0.0,0.0,0.0,0.0,0.0,0.0,0.0,0.0,0.0,0.0,0.0,0.0,0.0,0.0,0.0,0.0,0.0,1.0,2.0,0.0,0.0,3.0,1.0,12.0,7.0,9.0,29.0,55.0,58.0,27.0,19.0,92.0,76.0,51.0,124.0,154.0,121.0,101.0,140.0,216.0,320.0,182.0,156.0,283.0,229.0,177.0,126.0,154.0,174.0,126.0,199.0,101.0,176.0,121.0,162.0,152.0,100.0,0.0,320.0,124.0,36.0,105.0,155.0,54.0,98.0,85.0,74.0,67.0,52.0,111.0,32.0,76.0,30.0,47.0,65.0,66.0,21.0,22.0,32.0,18.0,28.0,36.0,22.0,24.0,56.0
95,34029,Ocean - New Jersey - US,0.0,0.0,0.0,0.0,0.0,0.0,0.0,0.0,0.0,0.0,0.0,0.0,0.0,0.0,0.0,0.0,0.0,0.0,0.0,0.0,0.0,0.0,0.0,0.0,0.0,0.0,0.0,0.0,0.0,0.0,0.0,0.0,0.0,0.0,0.0,0.0,0.0,0.0,0.0,0.0,0.0,0.0,0.0,0.0,0.0,0.0,0.0,0.0,0.0,0.0,0.0,1.0,0.0,0.0,2.0,1.0,4.0,25.0,16.0,13.0,40.0,42.0,36.0,42.0,167.0,95.0,140.0,135.0,115.0,148.0,187.0,162.0,314.0,318.0,174.0,197.0,267.0,215.0,237.0,176.0,134.0,151.0,39.0,240.0,183.0,256.0,152.0,124.0,100.0,220.0,0.0,366.0,210.0,168.0,199.0,151.0,62.0,127.0,102.0,122.0,130.0,187.0,179.0,103.0,86.0,65.0,84.0,68.0,89.0,96.0,107.0,64.0,55.0,54.0,87.0,49.0,35.0,81.0
96,34031,Passaic - New Jersey - US,0.0,0.0,0.0,0.0,0.0,0.0,0.0,0.0,0.0,0.0,0.0,0.0,0.0,0.0,0.0,0.0,0.0,0.0,0.0,0.0,0.0,0.0,0.0,0.0,0.0,0.0,0.0,0.0,0.0,0.0,0.0,0.0,0.0,0.0,0.0,0.0,0.0,0.0,0.0,0.0,0.0,0.0,0.0,0.0,0.0,0.0,0.0,0.0,1.0,0.0,0.0,1.0,0.0,0.0,6.0,2.0,8.0,20.0,11.0,18.0,28.0,46.0,75.0,39.0,144.0,85.0,124.0,223.0,260.0,203.0,200.0,256.0,466.0,640.0,371.0,529.0,348.0,268.0,318.0,327.0,278.0,295.0,360.0,488.0,312.0,567.0,287.0,332.0,352.0,191.0,0.0,913.0,482.0,417.0,447.0,399.0,212.0,406.0,430.0,264.0,365.0,268.0,282.0,132.0,301.0,174.0,162.0,147.0,148.0,115.0,102.0,71.0,41.0,130.0,43.0,101.0,174.0,73.0
97,34035,Somerset - New Jersey - US,0.0,0.0,0.0,0.0,0.0,0.0,0.0,0.0,0.0,0.0,0.0,0.0,0.0,0.0,0.0,0.0,0.0,0.0,0.0,0.0,0.0,0.0,0.0,0.0,0.0,0.0,0.0,0.0,0.0,0.0,0.0,0.0,0.0,0.0,0.0,0.0,0.0,0.0,0.0,0.0,0.0,0.0,0.0,0.0,0.0,0.0,0.0,0.0,0.0,0.0,1.0,0.0,0.0,0.0,4.0,2.0,9.0,5.0,7.0,6.0,17.0,16.0,35.0,15.0,62.0,43.0,36.0,37.0,54.0,64.0,59.0,77.0,92.0,124.0,68.0,69.0,131.0,127.0,175.0,188.0,119.0,90.0,77.0,102.0,90.0,102.0,92.0,88.0,101.0,104.0,0.0,200.0,110.0,123.0,109.0,114.0,60.0,74.0,94.0,92.0,73.0,68.0,98.0,50.0,67.0,40.0,54.0,54.0,28.0,58.0,39.0,22.0,12.0,32.0,22.0,31.0,43.0,23.0
98,34039,Union - New Jersey - US,0.0,0.0,0.0,0.0,0.0,0.0,0.0,0.0,0.0,0.0,0.0,0.0,0.0,0.0,0.0,0.0,0.0,0.0,0.0,0.0,0.0,0.0,0.0,0.0,0.0,0.0,0.0,0.0,0.0,0.0,0.0,0.0,0.0,0.0,0.0,0.0,0.0,0.0,0.0,0.0,0.0,0.0,0.0,0.0,0.0,0.0,0.0,0.0,1.0,0.0,0.0,0.0,0.0,2.0,5.0,7.0,11.0,3.0,14.0,38.0,43.0,65.0,57.0,16.0,170.0,87.0,223.0,154.0,317.0,205.0,243.0,349.0,477.0,429.0,300.0,469.0,683.0,463.0,372.0,372.0,290.0,315.0,456.0,629.0,173.0,466.0,525.0,530.0,650.0,363.0,0.0,512.0,451.0,273.0,315.0,330.0,158.0,177.0,192.0,198.0,201.0,217.0,229.0,132.0,146.0,101.0,177.0,136.0,67.0,73.0,107.0,39.0,103.0,79.0,107.0,77.0,133.0,201.0
99,35000_2,"New Mexico Supercounty, Cluster 2",0.0,0.0,0.0,0.0,0.0,0.0,0.0,0.0,0.0,0.0,0.0,0.0,0.0,0.0,0.0,0.0,0.0,0.0,0.0,0.0,0.0,0.0,0.0,0.0,0.0,0.0,0.0,0.0,0.0,0.0,0.0,0.0,0.0,0.0,0.0,0.0,0.0,0.0,0.0,0.0,0.0,0.0,0.0,0.0,0.0,0.0,0.0,0.0,0.0,1.0,1.0,3.0,1.0,0.0,8.0,0.0,2.0,4.0,4.0,9.0,0.0,10.0,10.0,7.0,0.0,13.0,46.0,17.0,0.0,45.0,9.0,27.0,70.0,8.0,53.0,45.0,80.0,24.0,20.0,151.0,0.0,74.0,15.0,69.0,100.0,0.0,66.0,160.0,37.0,96.0,0.0,184.0,136.0,116.0,103.0,39.0,85.0,131.0,228.0,165.0,72.0,179.0,91.0,158.0,85.0,119.0,173.0,145.0,94.0,56.0,149.0,110.0,120.0,111.0,125.0,133.0,68.0,105.0
100,36000_1,"New York Supercounty, Cluster 1",0.0,0.0,0.0,0.0,0.0,0.0,0.0,0.0,0.0,0.0,0.0,0.0,0.0,0.0,0.0,0.0,0.0,0.0,0.0,0.0,0.0,0.0,0.0,0.0,0.0,0.0,0.0,0.0,0.0,0.0,0.0,0.0,0.0,0.0,0.0,0.0,0.0,0.0,0.0,0.0,0.0,0.0,0.0,0.0,0.0,2.0,1.0,0.0,0.0,1.0,9.0,5.0,9.0,0.0,24.0,28.0,46.0,42.0,84.0,174.0,164.0,175.0,226.0,243.0,250.0,264.0,345.0,303.0,380.0,280.0,394.0,499.0,652.0,603.0,755.0,530.0,463.0,570.0,447.0,536.0,570.0,505.0,760.0,452.0,227.0,648.0,439.0,162.0,253.0,137.0,657.0,319.0,154.0,593.0,1459.0,398.0,331.0,258.0,351.0,496.0,300.0,375.0,246.0,263.0,238.0,287.0,383.0,287.0,305.0,216.0,144.0,159.0,251.0,222.0,207.0,275.0,174.0,145.0
101,36000_3,"New York Supercounty, Cluster 3",0.0,0.0,0.0,0.0,0.0,0.0,0.0,0.0,0.0,0.0,0.0,0.0,0.0,0.0,0.0,0.0,0.0,0.0,0.0,0.0,0.0,0.0,0.0,0.0,0.0,0.0,0.0,0.0,0.0,0.0,0.0,0.0,0.0,0.0,0.0,0.0,0.0,0.0,0.0,0.0,0.0,0.0,0.0,0.0,0.0,0.0,0.0,0.0,0.0,0.0,0.0,0.0,1.0,0.0,6.0,3.0,2.0,1.0,6.0,25.0,10.0,4.0,31.0,27.0,35.0,27.0,40.0,30.0,42.0,20.0,63.0,49.0,72.0,51.0,46.0,85.0,32.0,71.0,51.0,61.0,48.0,46.0,33.0,84.0,48.0,29.0,89.0,43.0,41.0,40.0,56.0,22.0,19.0,74.0,281.0,75.0,49.0,63.0,74.0,83.0,126.0,86.0,58.0,45.0,63.0,116.0,62.0,56.0,58.0,52.0,32.0,45.0,40.0,83.0,52.0,68.0,58.0,42.0
102,36000_2,"New York Supercounty, Cluster 2",0.0,0.0,0.0,0.0,0.0,0.0,0.0,0.0,0.0,0.0,0.0,0.0,0.0,0.0,0.0,0.0,0.0,0.0,0.0,0.0,0.0,0.0,0.0,0.0,0.0,0.0,0.0,0.0,0.0,0.0,0.0,0.0,0.0,0.0,0.0,0.0,0.0,0.0,0.0,0.0,0.0,0.0,0.0,0.0,0.0,0.0,0.0,0.0,0.0,0.0,0.0,0.0,3.0,0.0,4.0,4.0,9.0,8.0,19.0,3.0,6.0,31.0,27.0,8.0,84.0,39.0,73.0,96.0,29.0,56.0,83.0,35.0,117.0,74.0,251.0,89.0,86.0,101.0,97.0,66.0,8.0,65.0,90.0,69.0,82.0,139.0,72.0,0.0,169.0,0.0,92.0,0.0,166.0,153.0,170.0,181.0,67.0,68.0,107.0,123.0,162.0,117.0,112.0,92.0,89.0,117.0,128.0,119.0,82.0,116.0,30.0,47.0,76.0,65.0,111.0,85.0,87.0,39.0
103,36000_4,"New York Supercounty, Cluster 4",0.0,0.0,0.0,0.0,0.0,0.0,0.0,0.0,0.0,0.0,0.0,0.0,0.0,0.0,0.0,0.0,0.0,0.0,0.0,0.0,0.0,0.0,0.0,0.0,0.0,0.0,0.0,0.0,0.0,0.0,0.0,0.0,0.0,0.0,0.0,0.0,0.0,0.0,0.0,0.0,0.0,0.0,0.0,0.0,0.0,2.0,0.0,2.0,0.0,2.0,3.0,3.0,2.0,2.0,16.0,10.0,23.0,33.0,54.0,189.0,215.0,150.0,116.0,320.0,266.0,282.0,481.0,334.0,333.0,368.0,558.0,509.0,591.0,638.0,501.0,413.0,316.0,482.0,317.0,525.0,383.0,280.0,274.0,428.0,175.0,334.0,328.0,217.0,217.0,115.0,168.0,189.0,169.0,319.0,1220.0,214.0,133.0,139.0,176.0,181.0,154.0,196.0,118.0,107.0,79.0,106.0,109.0,123.0,104.0,97.0,66.0,66.0,114.0,123.0,119.0,162.0,143.0,73.0
104,36059,Nassau - New York - US,0.0,0.0,0.0,0.0,0.0,0.0,0.0,0.0,0.0,0.0,0.0,0.0,0.0,0.0,0.0,0.0,0.0,0.0,0.0,0.0,0.0,0.0,0.0,0.0,0.0,0.0,0.0,0.0,0.0,0.0,0.0,0.0,0.0,0.0,0.0,0.0,0.0,0.0,0.0,0.0,0.0,0.0,0.0,1.0,0.0,3.0,1.0,12.0,2.0,9.0,13.0,10.0,17.0,11.0,30.0,31.0,138.0,94.0,382.0,480.0,666.0,542.0,427.0,416.0,629.0,743.0,880.0,908.0,899.0,1200.0,1010.0,1033.0,1437.0,1322.0,1052.0,1218.0,994.0,1938.0,1592.0,1372.0,1072.0,969.0,805.0,892.0,1465.0,1057.0,767.0,641.0,833.0,664.0,402.0,476.0,569.0,641.0,1033.0,724.0,343.0,220.0,420.0,349.0,307.0,358.0,261.0,185.0,187.0,198.0,243.0,219.0,216.0,189.0,120.0,97.0,153.0,156.0,121.0,169.0,103.0,89.0
105,36061,New York City - New York - US,0.0,0.0,0.0,0.0,0.0,0.0,0.0,0.0,0.0,0.0,0.0,0.0,0.0,0.0,0.0,0.0,0.0,0.0,0.0,0.0,0.0,0.0,0.0,0.0,0.0,0.0,0.0,0.0,0.0,0.0,0.0,0.0,0.0,0.0,0.0,0.0,0.0,0.0,0.0,0.0,1.0,0.0,0.0,3.0,7.0,0.0,1.0,7.0,6.0,30.0,40.0,59.0,115.0,0.0,194.0,351.0,1057.0,2083.0,1197.0,2379.0,2124.0,2651.0,2599.0,2952.0,4017.0,3700.0,4203.0,3992.0,3685.0,5666.0,4320.0,4370.0,5350.0,6147.0,4245.0,4630.0,4695.0,4927.0,5225.0,5356.0,5924.0,4900.0,3555.0,3702.0,7837.0,4844.0,4206.0,3982.0,2933.0,2324.0,2757.0,2879.0,3628.0,4618.0,4640.0,3145.0,2231.0,1849.0,2503.0,2637.0,2212.0,2664.0,1977.0,1320.0,1223.0,1477.0,1865.0,1567.0,1506.0,1128.0,940.0,766.0,1127.0,1295.0,1812.0,1243.0,993.0,637.0
106,36079,Putnam - New York - US,0.0,0.0,0.0,0.0,0.0,0.0,0.0,0.0,0.0,0.0,0.0,0.0,0.0,0.0,0.0,0.0,0.0,0.0,0.0,0.0,0.0,0.0,0.0,0.0,0.0,0.0,0.0,0.0,0.0,0.0,0.0,0.0,0.0,0.0,0.0,0.0,0.0,0.0,0.0,0.0,0.0,0.0,0.0,0.0,0.0,0.0,0.0,0.0,0.0,0.0,0.0,0.0,0.0,0.0,2.0,0.0,0.0,3.0,7.0,19.0,0.0,0.0,51.0,2.0,10.0,17.0,20.0,13.0,23.0,0.0,40.0,9.0,36.0,31.0,31.0,31.0,57.0,25.0,29.0,31.0,7.0,13.0,0.0,127.0,0.0,0.0,98.0,0.0,46.0,0.0,29.0,24.0,0.0,4.0,266.0,19.0,21.0,7.0,14.0,24.0,20.0,13.0,10.0,13.0,5.0,9.0,26.0,8.0,6.0,9.0,9.0,0.0,10.0,7.0,6.0,6.0,9.0,5.0
107,36103,Suffolk - New York - US,0.0,0.0,0.0,0.0,0.0,0.0,0.0,0.0,0.0,0.0,0.0,0.0,0.0,0.0,0.0,0.0,0.0,0.0,0.0,0.0,0.0,0.0,0.0,0.0,0.0,0.0,0.0,0.0,0.0,0.0,0.0,0.0,0.0,0.0,0.0,0.0,0.0,0.0,0.0,0.0,0.0,0.0,0.0,0.0,0.0,0.0,1.0,0.0,0.0,5.0,14.0,8.0,5.0,8.0,33.0,23.0,19.0,123.0,220.0,203.0,372.0,424.0,422.0,380.0,475.0,650.0,753.0,885.0,768.0,922.0,892.0,1141.0,1408.0,1216.0,1759.0,1056.0,1376.0,1447.0,1795.0,1517.0,1.0,613.0,709.0,1048.0,832.0,1289.0,223.0,1108.0,745.0,1239.0,574.0,153.0,713.0,1039.0,762.0,691.0,411.0,254.0,541.0,399.0,373.0,441.0,377.0,222.0,198.0,268.0,349.0,331.0,238.0,241.0,209.0,151.0,243.0,239.0,175.0,223.0,175.0,107.0
108,36119,Westchester - New York - US,0.0,0.0,0.0,0.0,0.0,0.0,0.0,0.0,0.0,0.0,0.0,0.0,0.0,0.0,0.0,0.0,0.0,0.0,0.0,0.0,0.0,0.0,0.0,0.0,0.0,0.0,0.0,0.0,0.0,0.0,0.0,0.0,0.0,0.0,0.0,0.0,0.0,0.0,0.0,0.0,0.0,1.0,9.0,8.0,1.0,38.0,26.0,15.0,0.0,23.0,27.0,10.0,14.0,6.0,42.0,160.0,158.0,260.0,293.0,296.0,486.0,1021.0,997.0,800.0,1253.0,1243.0,688.0,644.0,807.0,641.0,716.0,884.0,784.0,730.0,642.0,571.0,0.0,1593.0,1117.0,1073.0,652.0,584.0,473.0,405.0,756.0,881.0,648.0,703.0,624.0,503.0,350.0,620.0,683.0,674.0,598.0,433.0,343.0,238.0,381.0,344.0,262.0,394.0,258.0,213.0,143.0,186.0,282.0,197.0,182.0,207.0,90.0,88.0,139.0,181.0,151.0,154.0,127.0,99.0
109,37000_1,"North Carolina Supercounty, Cluster 1",0.0,0.0,0.0,0.0,0.0,0.0,0.0,0.0,0.0,0.0,0.0,0.0,0.0,0.0,0.0,0.0,0.0,0.0,0.0,0.0,0.0,0.0,0.0,0.0,0.0,0.0,0.0,0.0,0.0,0.0,0.0,0.0,0.0,0.0,0.0,0.0,0.0,0.0,0.0,0.0,0.0,0.0,0.0,0.0,0.0,0.0,0.0,0.0,0.0,0.0,4.0,2.0,2.0,0.0,0.0,2.0,3.0,8.0,18.0,16.0,20.0,12.0,26.0,31.0,38.0,41.0,26.0,38.0,27.0,45.0,41.0,65.0,86.0,68.0,46.0,77.0,73.0,48.0,59.0,61.0,114.0,38.0,122.0,54.0,56.0,65.0,68.0,31.0,30.0,27.0,89.0,97.0,54.0,122.0,75.0,57.0,23.0,113.0,83.0,174.0,119.0,87.0,29.0,34.0,109.0,138.0,89.0,65.0,96.0,114.0,90.0,114.0,197.0,153.0,184.0,97.0,167.0,144.0
110,37000_0,"North Carolina Supercounty, Cluster 0",0.0,0.0,0.0,0.0,0.0,0.0,0.0,0.0,0.0,0.0,0.0,0.0,0.0,0.0,0.0,0.0,0.0,0.0,0.0,0.0,0.0,0.0,0.0,0.0,0.0,0.0,0.0,0.0,0.0,0.0,0.0,0.0,0.0,0.0,0.0,0.0,0.0,0.0,0.0,0.0,0.0,0.0,0.0,0.0,1.0,0.0,0.0,0.0,0.0,0.0,0.0,0.0,1.0,1.0,2.0,3.0,0.0,5.0,7.0,13.0,4.0,7.0,9.0,19.0,13.0,10.0,28.0,43.0,22.0,56.0,19.0,43.0,37.0,50.0,48.0,112.0,56.0,47.0,60.0,53.0,103.0,87.0,47.0,57.0,64.0,59.0,69.0,45.0,76.0,58.0,71.0,110.0,90.0,181.0,201.0,106.0,251.0,71.0,170.0,221.0,114.0,243.0,78.0,86.0,222.0,176.0,215.0,167.0,233.0,191.0,107.0,104.0,232.0,229.0,144.0,257.0,117.0,148.0
111,37000_3,"North Carolina Supercounty, Cluster 3",0.0,0.0,0.0,0.0,0.0,0.0,0.0,0.0,0.0,0.0,0.0,0.0,0.0,0.0,0.0,0.0,0.0,0.0,0.0,0.0,0.0,0.0,0.0,0.0,0.0,0.0,0.0,0.0,0.0,0.0,0.0,0.0,0.0,0.0,0.0,0.0,0.0,0.0,0.0,0.0,0.0,0.0,0.0,0.0,0.0,0.0,0.0,0.0,0.0,0.0,0.0,1.0,1.0,0.0,1.0,0.0,1.0,5.0,3.0,0.0,3.0,8.0,9.0,5.0,12.0,15.0,7.0,25.0,12.0,27.0,25.0,22.0,36.0,33.0,20.0,28.0,60.0,42.0,68.0,47.0,85.0,18.0,111.0,26.0,49.0,39.0,198.0,171.0,111.0,121.0,31.0,68.0,54.0,78.0,109.0,73.0,45.0,32.0,59.0,75.0,17.0,80.0,18.0,46.0,74.0,81.0,58.0,88.0,57.0,75.0,52.0,45.0,104.0,107.0,85.0,78.0,114.0,98.0
112,37000_4,"North Carolina Supercounty, Cluster 4",0.0,0.0,0.0,0.0,0.0,0.0,0.0,0.0,0.0,0.0,0.0,0.0,0.0,0.0,0.0,0.0,0.0,0.0,0.0,0.0,0.0,0.0,0.0,0.0,0.0,0.0,0.0,0.0,0.0,0.0,0.0,0.0,0.0,0.0,0.0,0.0,0.0,0.0,0.0,0.0,0.0,1.0,0.0,0.0,0.0,0.0,0.0,0.0,5.0,0.0,4.0,1.0,4.0,5.0,4.0,19.0,22.0,27.0,24.0,38.0,21.0,20.0,95.0,38.0,84.0,79.0,70.0,60.0,68.0,87.0,48.0,156.0,104.0,80.0,44.0,92.0,138.0,71.0,40.0,69.0,78.0,72.0,36.0,83.0,84.0,132.0,70.0,33.0,53.0,87.0,37.0,76.0,132.0,80.0,59.0,55.0,100.0,214.0,92.0,88.0,54.0,77.0,54.0,24.0,125.0,137.0,98.0,125.0,72.0,67.0,83.0,77.0,169.0,113.0,98.0,165.0,120.0,124.0
113,39000_0,"Ohio Supercounty, Cluster 0",0.0,0.0,0.0,0.0,0.0,0.0,0.0,0.0,0.0,0.0,0.0,0.0,0.0,0.0,0.0,0.0,0.0,0.0,0.0,0.0,0.0,0.0,0.0,0.0,0.0,0.0,0.0,0.0,0.0,0.0,0.0,0.0,0.0,0.0,0.0,0.0,0.0,0.0,0.0,0.0,0.0,0.0,0.0,0.0,0.0,0.0,0.0,0.0,0.0,0.0,0.0,0.0,0.0,1.0,1.0,1.0,1.0,1.0,3.0,10.0,10.0,10.0,12.0,6.0,12.0,20.0,25.0,15.0,36.0,30.0,44.0,28.0,40.0,48.0,47.0,50.0,34.0,42.0,39.0,41.0,55.0,53.0,103.0,51.0,178.0,197.0,263.0,655.0,1051.0,1040.0,478.0,74.0,100.0,65.0,53.0,43.0,84.0,46.0,64.0,61.0,149.0,99.0,73.0,149.0,61.0,61.0,45.0,138.0,157.0,62.0,211.0,76.0,69.0,120.0,131.0,109.0,104.0,52.0
114,39000_1,"Ohio Supercounty, Cluster 1",0.0,0.0,0.0,0.0,0.0,0.0,0.0,0.0,0.0,0.0,0.0,0.0,0.0,0.0,0.0,0.0,0.0,0.0,0.0,0.0,0.0,0.0,0.0,0.0,0.0,0.0,0.0,0.0,0.0,0.0,0.0,0.0,0.0,0.0,0.0,0.0,0.0,0.0,0.0,0.0,0.0,0.0,0.0,0.0,0.0,0.0,0.0,0.0,0.0,1.0,1.0,1.0,7.0,0.0,6.0,3.0,8.0,7.0,16.0,24.0,21.0,21.0,25.0,36.0,38.0,61.0,64.0,60.0,77.0,78.0,68.0,82.0,90.0,118.0,53.0,88.0,83.0,80.0,82.0,101.0,76.0,117.0,77.0,84.0,99.0,133.0,119.0,153.0,62.0,86.0,83.0,80.0,122.0,89.0,82.0,64.0,78.0,95.0,88.0,142.0,112.0,119.0,120.0,98.0,106.0,102.0,100.0,157.0,129.0,86.0,97.0,80.0,103.0,128.0,92.0,103.0,64.0,148.0
115,39000_3,"Ohio Supercounty, Cluster 3",0.0,0.0,0.0,0.0,0.0,0.0,0.0,0.0,0.0,0.0,0.0,0.0,0.0,0.0,0.0,0.0,0.0,0.0,0.0,0.0,0.0,0.0,0.0,0.0,0.0,0.0,0.0,0.0,0.0,0.0,0.0,0.0,0.0,0.0,0.0,0.0,0.0,0.0,0.0,0.0,0.0,0.0,0.0,0.0,0.0,0.0,0.0,0.0,0.0,0.0,0.0,2.0,0.0,0.0,0.0,0.0,0.0,1.0,2.0,1.0,4.0,1.0,7.0,7.0,9.0,18.0,22.0,7.0,11.0,18.0,17.0,22.0,23.0,46.0,36.0,39.0,39.0,42.0,42.0,36.0,33.0,29.0,29.0,22.0,29.0,35.0,36.0,37.0,35.0,28.0,34.0,48.0,41.0,41.0,43.0,20.0,25.0,37.0,45.0,48.0,45.0,27.0,33.0,40.0,35.0,43.0,45.0,45.0,62.0,21.0,44.0,49.0,34.0,60.0,58.0,48.0,33.0,50.0
116,39000_4,"Ohio Supercounty, Cluster 4",0.0,0.0,0.0,0.0,0.0,0.0,0.0,0.0,0.0,0.0,0.0,0.0,0.0,0.0,0.0,0.0,0.0,0.0,0.0,0.0,0.0,0.0,0.0,0.0,0.0,0.0,0.0,0.0,0.0,0.0,0.0,0.0,0.0,0.0,0.0,0.0,0.0,0.0,0.0,0.0,0.0,0.0,0.0,0.0,0.0,0.0,0.0,0.0,3.0,0.0,0.0,4.0,6.0,1.0,13.0,10.0,9.0,18.0,28.0,32.0,61.0,43.0,47.0,72.0,83.0,122.0,85.0,141.0,122.0,96.0,151.0,166.0,190.0,167.0,124.0,177.0,121.0,133.0,148.0,130.0,159.0,97.0,90.0,105.0,146.0,140.0,158.0,180.0,110.0,187.0,160.0,142.0,240.0,182.0,164.0,150.0,123.0,173.0,207.0,240.0,257.0,236.0,134.0,187.0,171.0,254.0,214.0,303.0,227.0,149.0,238.0,143.0,148.0,213.0,200.0,159.0,171.0,192.0
117,39049,Franklin - Ohio - US,0.0,0.0,0.0,0.0,0.0,0.0,0.0,0.0,0.0,0.0,0.0,0.0,0.0,0.0,0.0,0.0,0.0,0.0,0.0,0.0,0.0,0.0,0.0,0.0,0.0,0.0,0.0,0.0,0.0,0.0,0.0,0.0,0.0,0.0,0.0,0.0,0.0,0.0,0.0,0.0,0.0,0.0,0.0,0.0,0.0,0.0,0.0,0.0,0.0,0.0,0.0,0.0,1.0,2.0,0.0,1.0,3.0,3.0,4.0,7.0,13.0,10.0,31.0,13.0,21.0,43.0,70.0,25.0,34.0,44.0,66.0,50.0,62.0,54.0,40.0,47.0,59.0,58.0,41.0,48.0,44.0,49.0,69.0,41.0,49.0,110.0,108.0,83.0,110.0,0.0,47.0,41.0,75.0,95.0,71.0,103.0,63.0,85.0,126.0,225.0,148.0,109.0,207.0,83.0,109.0,140.0,140.0,238.0,95.0,67.0,104.0,121.0,111.0,114.0,103.0,90.0,73.0,81.0
118,40000_0,"Oklahoma Supercounty, Cluster 0",0.0,0.0,0.0,0.0,0.0,0.0,0.0,0.0,0.0,0.0,0.0,0.0,0.0,0.0,0.0,0.0,0.0,0.0,0.0,0.0,0.0,0.0,0.0,0.0,0.0,0.0,0.0,0.0,0.0,0.0,0.0,0.0,0.0,0.0,0.0,0.0,0.0,0.0,0.0,0.0,0.0,0.0,0.0,0.0,0.0,0.0,0.0,0.0,0.0,0.0,1.0,0.0,0.0,0.0,3.0,2.0,0.0,4.0,1.0,1.0,5.0,3.0,4.0,16.0,31.0,39.0,24.0,24.0,18.0,36.0,46.0,44.0,46.0,53.0,60.0,38.0,61.0,12.0,51.0,63.0,43.0,63.0,60.0,60.0,50.0,58.0,0.0,0.0,106.0,41.0,74.0,34.0,53.0,44.0,26.0,34.0,19.0,72.0,26.0,45.0,37.0,63.0,76.0,51.0,52.0,38.0,71.0,65.0,30.0,73.0,10.0,67.0,93.0,90.0,83.0,80.0,57.0,69.0
119,41000_1,"Oregon Supercounty, Cluster 1",0.0,0.0,0.0,0.0,0.0,0.0,0.0,0.0,0.0,0.0,0.0,0.0,0.0,0.0,0.0,0.0,0.0,0.0,0.0,0.0,0.0,0.0,0.0,0.0,0.0,0.0,0.0,0.0,0.0,0.0,0.0,0.0,0.0,0.0,0.0,0.0,0.0,0.0,1.0,0.0,2.0,0.0,0.0,0.0,0.0,1.0,6.0,0.0,0.0,2.0,5.0,6.0,4.0,0.0,1.0,20.0,6.0,9.0,15.0,16.0,17.0,25.0,13.0,40.0,26.0,58.0,40.0,38.0,35.0,50.0,19.0,42.0,36.0,0.0,78.0,0.0,34.0,25.0,68.0,0.0,28.0,79.0,24.0,17.0,14.0,41.0,22.0,27.0,43.0,35.0,23.0,28.0,41.0,35.0,35.0,19.0,25.0,14.0,35.0,44.0,43.0,30.0,33.0,44.0,29.0,34.0,38.0,35.0,55.0,36.0,34.0,52.0,38.0,39.0,33.0,44.0,3.0,36.0
120,41000_4,"Oregon Supercounty, Cluster 4",0.0,0.0,0.0,0.0,0.0,0.0,0.0,0.0,0.0,0.0,0.0,0.0,0.0,0.0,0.0,0.0,0.0,0.0,0.0,0.0,0.0,0.0,0.0,0.0,0.0,0.0,0.0,0.0,0.0,0.0,0.0,0.0,0.0,0.0,0.0,0.0,0.0,0.0,0.0,0.0,0.0,0.0,0.0,0.0,0.0,0.0,0.0,0.0,0.0,1.0,0.0,0.0,0.0,0.0,0.0,2.0,0.0,4.0,5.0,6.0,1.0,2.0,4.0,8.0,12.0,22.0,14.0,10.0,9.0,16.0,18.0,26.0,15.0,0.0,58.0,0.0,10.0,15.0,44.0,0.0,15.0,57.0,24.0,22.0,10.0,18.0,19.0,26.0,21.0,6.0,22.0,24.0,16.0,14.0,27.0,29.0,12.0,13.0,19.0,11.0,13.0,14.0,5.0,15.0,15.0,24.0,16.0,30.0,24.0,22.0,14.0,9.0,13.0,19.0,17.0,22.0,5.0,12.0
121,42000_3,"Pennsylvania Supercounty, Cluster 3",0.0,0.0,0.0,0.0,0.0,0.0,0.0,0.0,0.0,0.0,0.0,0.0,0.0,0.0,0.0,0.0,0.0,0.0,0.0,0.0,0.0,0.0,0.0,0.0,0.0,0.0,0.0,0.0,0.0,0.0,0.0,0.0,0.0,0.0,0.0,0.0,0.0,0.0,0.0,0.0,0.0,0.0,0.0,0.0,0.0,0.0,0.0,0.0,0.0,0.0,0.0,0.0,0.0,0.0,0.0,0.0,0.0,0.0,5.0,0.0,5.0,4.0,10.0,11.0,16.0,10.0,17.0,23.0,21.0,41.0,31.0,31.0,41.0,55.0,48.0,47.0,95.0,67.0,70.0,90.0,75.0,52.0,55.0,43.0,60.0,69.0,75.0,97.0,58.0,43.0,92.0,40.0,37.0,79.0,61.0,60.0,47.0,40.0,64.0,78.0,63.0,47.0,59.0,46.0,45.0,50.0,51.0,64.0,81.0,49.0,39.0,21.0,70.0,57.0,61.0,60.0,51.0,34.0
122,42000_4,"Pennsylvania Supercounty, Cluster 4",0.0,0.0,0.0,0.0,0.0,0.0,0.0,0.0,0.0,0.0,0.0,0.0,0.0,0.0,0.0,0.0,0.0,0.0,0.0,0.0,0.0,0.0,0.0,0.0,0.0,0.0,0.0,0.0,0.0,0.0,0.0,0.0,0.0,0.0,0.0,0.0,0.0,0.0,0.0,0.0,0.0,0.0,0.0,0.0,0.0,0.0,0.0,0.0,0.0,0.0,0.0,0.0,2.0,0.0,4.0,4.0,3.0,5.0,10.0,3.0,9.0,8.0,10.0,30.0,45.0,25.0,61.0,46.0,25.0,35.0,31.0,63.0,57.0,76.0,53.0,37.0,47.0,31.0,39.0,29.0,48.0,21.0,19.0,17.0,11.0,21.0,22.0,62.0,26.0,7.0,17.0,29.0,61.0,28.0,21.0,13.0,13.0,11.0,38.0,16.0,30.0,14.0,12.0,20.0,10.0,19.0,45.0,16.0,31.0,17.0,8.0,15.0,19.0,6.0,31.0,13.0,8.0,38.0
123,42000_1,"Pennsylvania Supercounty, Cluster 1",0.0,0.0,0.0,0.0,0.0,0.0,0.0,0.0,0.0,0.0,0.0,0.0,0.0,0.0,0.0,0.0,0.0,0.0,0.0,0.0,0.0,0.0,0.0,0.0,0.0,0.0,0.0,0.0,0.0,0.0,0.0,0.0,0.0,0.0,0.0,0.0,0.0,0.0,0.0,0.0,0.0,0.0,0.0,0.0,0.0,0.0,0.0,0.0,0.0,0.0,0.0,1.0,0.0,0.0,0.0,2.0,1.0,1.0,2.0,2.0,2.0,2.0,6.0,6.0,9.0,5.0,21.0,14.0,20.0,17.0,5.0,5.0,16.0,17.0,23.0,16.0,35.0,16.0,7.0,15.0,12.0,5.0,9.0,4.0,5.0,13.0,12.0,104.0,13.0,11.0,12.0,15.0,7.0,23.0,29.0,9.0,33.0,9.0,10.0,16.0,22.0,11.0,7.0,27.0,9.0,13.0,4.0,9.0,6.0,11.0,0.0,7.0,21.0,7.0,5.0,3.0,3.0,20.0
124,42011,Berks - Pennsylvania - US,0.0,0.0,0.0,0.0,0.0,0.0,0.0,0.0,0.0,0.0,0.0,0.0,0.0,0.0,0.0,0.0,0.0,0.0,0.0,0.0,0.0,0.0,0.0,0.0,0.0,0.0,0.0,0.0,0.0,0.0,0.0,0.0,0.0,0.0,0.0,0.0,0.0,0.0,0.0,0.0,0.0,0.0,0.0,0.0,0.0,0.0,0.0,0.0,0.0,0.0,0.0,0.0,0.0,0.0,0.0,0.0,1.0,0.0,4.0,2.0,6.0,1.0,2.0,4.0,16.0,29.0,0.0,3.0,14.0,28.0,41.0,17.0,33.0,34.0,41.0,50.0,43.0,47.0,200.0,104.0,210.0,105.0,115.0,97.0,88.0,84.0,118.0,211.0,150.0,47.0,43.0,81.0,143.0,127.0,67.0,85.0,35.0,79.0,32.0,61.0,50.0,62.0,76.0,62.0,56.0,44.0,47.0,95.0,67.0,114.0,46.0,36.0,32.0,45.0,63.0,50.0,34.0,42.0
125,42017,Bucks - Pennsylvania - US,0.0,0.0,0.0,0.0,0.0,0.0,0.0,0.0,0.0,0.0,0.0,0.0,0.0,0.0,0.0,0.0,0.0,0.0,0.0,0.0,0.0,0.0,0.0,0.0,0.0,0.0,0.0,0.0,0.0,0.0,0.0,0.0,0.0,0.0,0.0,0.0,0.0,0.0,0.0,0.0,0.0,0.0,0.0,0.0,0.0,0.0,0.0,0.0,0.0,2.0,0.0,1.0,0.0,0.0,2.0,3.0,1.0,3.0,12.0,4.0,6.0,9.0,26.0,17.0,24.0,34.0,8.0,64.0,33.0,39.0,31.0,54.0,77.0,67.0,63.0,54.0,79.0,103.0,115.0,91.0,85.0,63.0,59.0,44.0,126.0,91.0,56.0,143.0,108.0,89.0,91.0,90.0,254.0,148.0,72.0,0.0,44.0,90.0,101.0,131.0,163.0,112.0,104.0,70.0,149.0,3.0,105.0,137.0,102.0,114.0,62.0,88.0,50.0,82.0,77.0,66.0,48.0,77.0
126,42029,Chester - Pennsylvania - US,0.0,0.0,0.0,0.0,0.0,0.0,0.0,0.0,0.0,0.0,0.0,0.0,0.0,0.0,0.0,0.0,0.0,0.0,0.0,0.0,0.0,0.0,0.0,0.0,0.0,0.0,0.0,0.0,0.0,0.0,0.0,0.0,0.0,0.0,0.0,0.0,0.0,0.0,0.0,0.0,0.0,0.0,0.0,0.0,0.0,0.0,0.0,0.0,0.0,0.0,0.0,1.0,1.0,0.0,0.0,4.0,3.0,1.0,7.0,2.0,4.0,17.0,0.0,14.0,30.0,23.0,9.0,21.0,9.0,13.0,24.0,27.0,16.0,24.0,19.0,38.0,28.0,38.0,52.0,60.0,47.0,30.0,31.0,43.0,39.0,47.0,17.0,57.0,81.0,38.0,28.0,7.0,39.0,75.0,70.0,43.0,37.0,42.0,48.0,71.0,57.0,37.0,33.0,58.0,41.0,35.0,37.0,55.0,46.0,91.0,19.0,45.0,26.0,53.0,52.0,40.0,18.0,35.0
127,42045,Delaware - Pennsylvania - US,0.0,0.0,0.0,0.0,0.0,0.0,0.0,0.0,0.0,0.0,0.0,0.0,0.0,0.0,0.0,0.0,0.0,0.0,0.0,0.0,0.0,0.0,0.0,0.0,0.0,0.0,0.0,0.0,0.0,0.0,0.0,0.0,0.0,0.0,0.0,0.0,0.0,0.0,0.0,0.0,0.0,0.0,0.0,0.0,1.0,0.0,0.0,0.0,0.0,0.0,0.0,5.0,0.0,0.0,1.0,2.0,5.0,0.0,9.0,10.0,10.0,11.0,30.0,17.0,55.0,29.0,41.0,50.0,27.0,35.0,52.0,80.0,72.0,74.0,92.0,114.0,76.0,136.0,188.0,155.0,133.0,84.0,156.0,101.0,84.0,120.0,171.0,91.0,143.0,85.0,109.0,103.0,145.0,153.0,106.0,120.0,80.0,102.0,156.0,77.0,152.0,151.0,114.0,85.0,71.0,104.0,124.0,183.0,156.0,140.0,70.0,38.0,73.0,95.0,157.0,146.0,64.0,70.0
128,42077,Lehigh - Pennsylvania - US,0.0,0.0,0.0,0.0,0.0,0.0,0.0,0.0,0.0,0.0,0.0,0.0,0.0,0.0,0.0,0.0,0.0,0.0,0.0,0.0,0.0,0.0,0.0,0.0,0.0,0.0,0.0,0.0,0.0,0.0,0.0,0.0,0.0,0.0,0.0,0.0,0.0,0.0,0.0,0.0,0.0,0.0,0.0,0.0,0.0,0.0,0.0,0.0,0.0,0.0,0.0,0.0,0.0,0.0,1.0,0.0,0.0,0.0,1.0,11.0,6.0,6.0,2.0,11.0,25.0,30.0,16.0,42.0,80.0,41.0,102.0,105.0,105.0,220.0,73.0,129.0,140.0,173.0,147.0,96.0,58.0,64.0,63.0,56.0,119.0,77.0,93.0,49.0,62.0,42.0,50.0,79.0,44.0,60.0,73.0,50.0,35.0,49.0,34.0,77.0,54.0,46.0,28.0,39.0,36.0,64.0,39.0,38.0,29.0,72.0,18.0,27.0,32.0,60.0,18.0,44.0,30.0,21.0
129,42091,Montgomery - Pennsylvania - US,0.0,0.0,0.0,0.0,0.0,0.0,0.0,0.0,0.0,0.0,0.0,0.0,0.0,0.0,0.0,0.0,0.0,0.0,0.0,0.0,0.0,0.0,0.0,0.0,0.0,0.0,0.0,0.0,0.0,0.0,0.0,0.0,0.0,0.0,0.0,0.0,0.0,0.0,0.0,0.0,0.0,0.0,0.0,0.0,0.0,0.0,4.0,1.0,3.0,1.0,4.0,5.0,2.0,0.0,10.0,4.0,8.0,13.0,13.0,9.0,33.0,26.0,23.0,60.0,94.0,61.0,37.0,77.0,52.0,30.0,79.0,86.0,140.0,107.0,129.0,119.0,129.0,162.0,172.0,196.0,164.0,111.0,121.0,69.0,121.0,69.0,140.0,97.0,132.0,127.0,114.0,140.0,101.0,130.0,102.0,106.0,84.0,226.0,134.0,130.0,99.0,81.0,65.0,93.0,42.0,140.0,88.0,122.0,79.0,144.0,32.0,150.0,71.0,70.0,114.0,100.0,75.0,140.0
130,42095,Northampton - Pennsylvania - US,0.0,0.0,0.0,0.0,0.0,0.0,0.0,0.0,0.0,0.0,0.0,0.0,0.0,0.0,0.0,0.0,0.0,0.0,0.0,0.0,0.0,0.0,0.0,0.0,0.0,0.0,0.0,0.0,0.0,0.0,0.0,0.0,0.0,0.0,0.0,0.0,0.0,0.0,0.0,0.0,0.0,0.0,0.0,0.0,0.0,0.0,0.0,0.0,0.0,0.0,1.0,0.0,0.0,0.0,0.0,0.0,0.0,4.0,5.0,7.0,4.0,2.0,10.0,11.0,12.0,23.0,15.0,32.0,58.0,61.0,67.0,66.0,88.0,122.0,48.0,80.0,58.0,83.0,92.0,45.0,45.0,43.0,48.0,46.0,75.0,45.0,39.0,61.0,45.0,28.0,75.0,47.0,65.0,60.0,64.0,33.0,21.0,136.0,38.0,42.0,53.0,79.0,32.0,26.0,39.0,34.0,42.0,35.0,39.0,24.0,12.0,34.0,19.0,48.0,34.0,59.0,44.0,24.0
131,42101,Philadelphia - Pennsylvania - US,0.0,0.0,0.0,0.0,0.0,0.0,0.0,0.0,0.0,0.0,0.0,0.0,0.0,0.0,0.0,0.0,0.0,0.0,0.0,0.0,0.0,0.0,0.0,0.0,0.0,0.0,0.0,0.0,0.0,0.0,0.0,0.0,0.0,0.0,0.0,0.0,0.0,0.0,0.0,0.0,0.0,0.0,0.0,0.0,0.0,0.0,0.0,0.0,1.0,0.0,0.0,2.0,1.0,0.0,6.0,9.0,15.0,10.0,23.0,18.0,11.0,79.0,77.0,90.0,133.0,162.0,166.0,87.0,182.0,243.0,360.0,425.0,330.0,578.0,181.0,539.0,544.0,505.0,252.0,492.0,501.0,364.0,427.0,317.0,311.0,604.0,518.0,451.0,200.0,339.0,475.0,0.0,1198.0,651.0,0.0,689.0,302.0,577.0,358.0,665.0,669.0,0.0,0.0,903.0,370.0,287.0,350.0,470.0,364.0,330.0,102.0,224.0,242.0,314.0,256.0,257.0,0.0,347.0
132,45000_1,"South Carolina Supercounty, Cluster 1",0.0,0.0,0.0,0.0,0.0,0.0,0.0,0.0,0.0,0.0,0.0,0.0,0.0,0.0,0.0,0.0,0.0,0.0,0.0,0.0,0.0,0.0,0.0,0.0,0.0,0.0,0.0,0.0,0.0,0.0,0.0,0.0,0.0,0.0,0.0,0.0,0.0,0.0,0.0,0.0,0.0,0.0,0.0,0.0,0.0,1.0,0.0,1.0,0.0,0.0,0.0,0.0,1.0,0.0,7.0,7.0,7.0,11.0,31.0,24.0,13.0,65.0,27.0,58.0,0.0,77.0,71.0,62.0,84.0,101.0,145.0,141.0,100.0,114.0,94.0,108.0,117.0,0.0,243.0,177.0,99.0,80.0,43.0,113.0,64.0,186.0,83.0,86.0,60.0,31.0,0.0,171.0,81.0,61.0,86.0,138.0,72.0,67.0,83.0,107.0,69.0,122.0,50.0,79.0,38.0,42.0,104.0,99.0,96.0,62.0,65.0,88.0,69.0,69.0,96.0,114.0,90.0,60.0
133,45000_0,"South Carolina Supercounty, Cluster 0",0.0,0.0,0.0,0.0,0.0,0.0,0.0,0.0,0.0,0.0,0.0,0.0,0.0,0.0,0.0,0.0,0.0,0.0,0.0,0.0,0.0,0.0,0.0,0.0,0.0,0.0,0.0,0.0,0.0,0.0,0.0,0.0,0.0,0.0,0.0,0.0,0.0,0.0,0.0,0.0,0.0,0.0,0.0,0.0,0.0,0.0,0.0,0.0,0.0,1.0,0.0,0.0,4.0,0.0,0.0,3.0,3.0,2.0,4.0,13.0,4.0,19.0,5.0,8.0,0.0,19.0,17.0,30.0,37.0,30.0,28.0,57.0,21.0,58.0,26.0,30.0,28.0,0.0,63.0,40.0,19.0,12.0,10.0,22.0,17.0,48.0,39.0,20.0,26.0,13.0,0.0,59.0,29.0,31.0,47.0,37.0,21.0,33.0,25.0,42.0,40.0,32.0,53.0,16.0,25.0,32.0,31.0,43.0,28.0,30.0,20.0,18.0,25.0,42.0,57.0,62.0,29.0,35.0
134,45000_3,"South Carolina Supercounty, Cluster 3",0.0,0.0,0.0,0.0,0.0,0.0,0.0,0.0,0.0,0.0,0.0,0.0,0.0,0.0,0.0,0.0,0.0,0.0,0.0,0.0,0.0,0.0,0.0,0.0,0.0,0.0,0.0,0.0,0.0,0.0,0.0,0.0,0.0,0.0,0.0,0.0,0.0,0.0,0.0,0.0,0.0,0.0,0.0,0.0,0.0,1.0,0.0,0.0,4.0,2.0,0.0,1.0,6.0,0.0,4.0,7.0,3.0,5.0,11.0,11.0,5.0,18.0,12.0,15.0,0.0,20.0,30.0,21.0,28.0,23.0,34.0,54.0,23.0,32.0,13.0,42.0,35.0,0.0,58.0,55.0,19.0,17.0,17.0,30.0,20.0,40.0,46.0,36.0,41.0,24.0,0.0,79.0,45.0,56.0,46.0,57.0,26.0,22.0,39.0,51.0,49.0,61.0,26.0,37.0,25.0,19.0,58.0,73.0,36.0,30.0,48.0,30.0,29.0,48.0,59.0,65.0,28.0,31.0
135,47000_0,"Tennessee Supercounty, Cluster 0",0.0,0.0,0.0,0.0,0.0,0.0,0.0,0.0,0.0,0.0,0.0,0.0,0.0,0.0,0.0,0.0,0.0,0.0,0.0,0.0,0.0,0.0,0.0,0.0,0.0,0.0,0.0,0.0,0.0,0.0,0.0,0.0,0.0,0.0,0.0,0.0,0.0,0.0,0.0,0.0,0.0,0.0,0.0,0.0,0.0,0.0,0.0,0.0,0.0,0.0,0.0,1.0,1.0,0.0,0.0,0.0,0.0,1.0,7.0,11.0,13.0,6.0,10.0,8.0,15.0,14.0,18.0,25.0,0.0,57.0,33.0,31.0,41.0,16.0,20.0,31.0,30.0,43.0,30.0,37.0,24.0,24.0,28.0,24.0,0.0,27.0,24.0,28.0,51.0,48.0,48.0,0.0,396.0,264.0,43.0,36.0,75.0,20.0,47.0,31.0,36.0,44.0,85.0,63.0,39.0,29.0,22.0,29.0,25.0,25.0,251.0,53.0,33.0,41.0,12.0,46.0,11.0,42.0
136,47000_3,"Tennessee Supercounty, Cluster 3",0.0,0.0,0.0,0.0,0.0,0.0,0.0,0.0,0.0,0.0,0.0,0.0,0.0,0.0,0.0,0.0,0.0,0.0,0.0,0.0,0.0,0.0,0.0,0.0,0.0,0.0,0.0,0.0,0.0,0.0,0.0,0.0,0.0,0.0,0.0,0.0,0.0,0.0,0.0,0.0,0.0,0.0,0.0,0.0,0.0,0.0,0.0,0.0,0.0,0.0,0.0,0.0,0.0,0.0,1.0,0.0,2.0,0.0,10.0,3.0,11.0,16.0,3.0,7.0,11.0,27.0,25.0,18.0,86.0,23.0,27.0,93.0,34.0,32.0,33.0,27.0,67.0,22.0,28.0,40.0,28.0,14.0,28.0,19.0,0.0,27.0,20.0,29.0,25.0,16.0,21.0,0.0,47.0,22.0,25.0,50.0,27.0,33.0,17.0,12.0,17.0,20.0,22.0,23.0,11.0,16.0,8.0,18.0,19.0,9.0,8.0,15.0,9.0,12.0,12.0,19.0,3.0,20.0
137,47000_1,"Tennessee Supercounty, Cluster 1",0.0,0.0,0.0,0.0,0.0,0.0,0.0,0.0,0.0,0.0,0.0,0.0,0.0,0.0,0.0,0.0,0.0,0.0,0.0,0.0,0.0,0.0,0.0,0.0,0.0,0.0,0.0,0.0,0.0,0.0,0.0,0.0,0.0,0.0,0.0,0.0,0.0,0.0,0.0,0.0,0.0,0.0,0.0,1.0,0.0,0.0,0.0,0.0,0.0,5.0,4.0,3.0,1.0,0.0,8.0,4.0,5.0,8.0,8.0,24.0,6.0,23.0,22.0,31.0,26.0,44.0,24.0,17.0,19.0,85.0,67.0,113.0,53.0,44.0,54.0,37.0,86.0,40.0,39.0,52.0,40.0,31.0,24.0,12.0,0.0,23.0,12.0,58.0,40.0,33.0,28.0,0.0,45.0,27.0,46.0,41.0,34.0,16.0,36.0,47.0,43.0,63.0,54.0,52.0,37.0,51.0,25.0,61.0,57.0,11.0,56.0,55.0,64.0,66.0,47.0,54.0,8.0,68.0
138,47000_2,"Tennessee Supercounty, Cluster 2",0.0,0.0,0.0,0.0,0.0,0.0,0.0,0.0,0.0,0.0,0.0,0.0,0.0,0.0,0.0,0.0,0.0,0.0,0.0,0.0,0.0,0.0,0.0,0.0,0.0,0.0,0.0,0.0,0.0,0.0,0.0,0.0,0.0,0.0,0.0,0.0,0.0,0.0,0.0,0.0,0.0,0.0,0.0,0.0,0.0,0.0,1.0,0.0,0.0,0.0,1.0,0.0,0.0,0.0,0.0,1.0,1.0,6.0,0.0,38.0,24.0,27.0,42.0,35.0,28.0,25.0,52.0,87.0,34.0,32.0,68.0,142.0,2.0,49.0,47.0,30.0,69.0,77.0,94.0,77.0,64.0,68.0,116.0,28.0,0.0,149.0,0.0,190.0,96.0,61.0,34.0,0.0,80.0,48.0,85.0,210.0,31.0,49.0,56.0,75.0,92.0,73.0,143.0,63.0,23.0,109.0,56.0,42.0,81.0,71.0,112.0,57.0,46.0,67.0,53.0,86.0,45.0,120.0
139,48000_3,"Texas Supercounty, Cluster 3",0.0,0.0,0.0,0.0,0.0,0.0,0.0,0.0,0.0,0.0,0.0,0.0,0.0,0.0,0.0,0.0,0.0,0.0,0.0,0.0,0.0,0.0,0.0,0.0,0.0,0.0,0.0,0.0,0.0,0.0,0.0,0.0,0.0,0.0,0.0,0.0,0.0,0.0,0.0,0.0,0.0,0.0,0.0,0.0,0.0,0.0,0.0,0.0,0.0,0.0,0.0,0.0,0.0,0.0,1.0,0.0,1.0,2.0,4.0,0.0,1.0,3.0,5.0,7.0,6.0,9.0,12.0,12.0,13.0,25.0,27.0,19.0,42.0,29.0,25.0,13.0,54.0,30.0,47.0,41.0,36.0,34.0,17.0,45.0,61.0,55.0,53.0,77.0,50.0,22.0,70.0,52.0,95.0,65.0,82.0,77.0,36.0,132.0,79.0,188.0,138.0,151.0,127.0,61.0,157.0,96.0,117.0,90.0,105.0,41.0,12.0,113.0,177.0,160.0,74.0,656.0,59.0,3.0
140,48000_0,"Texas Supercounty, Cluster 0",0.0,0.0,0.0,0.0,0.0,0.0,0.0,0.0,0.0,0.0,0.0,0.0,0.0,0.0,0.0,0.0,0.0,0.0,0.0,0.0,0.0,0.0,0.0,0.0,0.0,0.0,0.0,0.0,0.0,0.0,0.0,0.0,0.0,0.0,0.0,0.0,0.0,0.0,0.0,0.0,0.0,0.0,0.0,0.0,0.0,0.0,0.0,0.0,0.0,0.0,0.0,0.0,1.0,0.0,1.0,2.0,7.0,1.0,9.0,6.0,7.0,5.0,6.0,18.0,12.0,26.0,20.0,13.0,30.0,30.0,41.0,43.0,44.0,30.0,50.0,16.0,44.0,63.0,80.0,61.0,52.0,30.0,15.0,81.0,61.0,86.0,81.0,57.0,39.0,53.0,152.0,62.0,122.0,79.0,93.0,110.0,91.0,182.0,59.0,149.0,133.0,107.0,100.0,31.0,120.0,83.0,97.0,141.0,65.0,101.0,22.0,91.0,228.0,114.0,140.0,194.0,53.0,38.0
141,48000_1,"Texas Supercounty, Cluster 1",0.0,0.0,0.0,0.0,0.0,0.0,0.0,0.0,0.0,0.0,0.0,0.0,0.0,0.0,0.0,0.0,0.0,0.0,0.0,0.0,0.0,0.0,0.0,0.0,0.0,0.0,0.0,0.0,0.0,0.0,0.0,0.0,0.0,0.0,0.0,0.0,0.0,0.0,0.0,0.0,0.0,0.0,0.0,0.0,0.0,0.0,0.0,0.0,0.0,0.0,0.0,0.0,2.0,0.0,1.0,2.0,10.0,5.0,12.0,10.0,7.0,13.0,14.0,10.0,30.0,13.0,22.0,25.0,12.0,40.0,31.0,26.0,17.0,17.0,124.0,28.0,9.0,36.0,25.0,33.0,60.0,25.0,11.0,28.0,27.0,16.0,44.0,24.0,12.0,6.0,23.0,25.0,43.0,27.0,4.0,17.0,4.0,20.0,19.0,33.0,33.0,31.0,16.0,7.0,29.0,22.0,26.0,34.0,6.0,13.0,11.0,11.0,21.0,23.0,11.0,17.0,11.0,9.0
142,48000_2,"Texas Supercounty, Cluster 2",0.0,0.0,0.0,0.0,0.0,0.0,0.0,0.0,0.0,0.0,0.0,0.0,0.0,0.0,0.0,0.0,0.0,0.0,0.0,0.0,0.0,0.0,0.0,0.0,0.0,0.0,0.0,0.0,0.0,0.0,0.0,0.0,0.0,0.0,0.0,0.0,0.0,0.0,0.0,0.0,0.0,0.0,0.0,0.0,0.0,0.0,0.0,0.0,0.0,0.0,0.0,1.0,2.0,0.0,2.0,2.0,7.0,21.0,0.0,11.0,7.0,13.0,13.0,6.0,27.0,29.0,22.0,19.0,17.0,24.0,43.0,40.0,35.0,106.0,52.0,45.0,46.0,68.0,90.0,94.0,77.0,75.0,72.0,30.0,67.0,122.0,86.0,72.0,56.0,49.0,23.0,98.0,174.0,199.0,0.0,74.0,22.0,27.0,60.0,97.0,37.0,140.0,133.0,12.0,98.0,76.0,123.0,115.0,86.0,76.0,84.0,8.0,106.0,77.0,151.0,192.0,71.0,46.0
143,48000_4,"Texas Supercounty, Cluster 4",0.0,0.0,0.0,0.0,0.0,0.0,0.0,0.0,0.0,0.0,0.0,0.0,0.0,0.0,0.0,0.0,0.0,0.0,0.0,0.0,0.0,0.0,0.0,0.0,0.0,0.0,0.0,0.0,0.0,0.0,0.0,0.0,0.0,0.0,0.0,0.0,0.0,0.0,0.0,0.0,0.0,0.0,0.0,3.0,1.0,4.0,3.0,2.0,2.0,2.0,2.0,7.0,3.0,2.0,4.0,4.0,15.0,32.0,49.0,31.0,22.0,14.0,94.0,78.0,81.0,76.0,261.0,126.0,136.0,222.0,206.0,199.0,256.0,262.0,169.0,517.0,402.0,402.0,810.0,358.0,352.0,196.0,230.0,216.0,340.0,340.0,265.0,363.0,170.0,200.0,325.0,82.0,451.0,329.0,146.0,286.0,42.0,289.0,435.0,416.0,243.0,368.0,317.0,265.0,220.0,260.0,456.0,280.0,435.0,202.0,798.0,330.0,294.0,525.0,402.0,185.0,479.0,280.0
144,51000_3,"Virginia Supercounty, Cluster 3",0.0,0.0,0.0,0.0,0.0,0.0,0.0,0.0,0.0,0.0,0.0,0.0,0.0,0.0,0.0,0.0,0.0,0.0,0.0,0.0,0.0,0.0,0.0,0.0,0.0,0.0,0.0,0.0,0.0,0.0,0.0,0.0,0.0,0.0,0.0,0.0,0.0,0.0,0.0,0.0,0.0,0.0,0.0,0.0,0.0,0.0,0.0,0.0,0.0,0.0,0.0,0.0,0.0,0.0,0.0,0.0,0.0,2.0,2.0,1.0,8.0,0.0,3.0,5.0,4.0,5.0,11.0,6.0,10.0,9.0,13.0,15.0,20.0,28.0,16.0,17.0,22.0,23.0,13.0,27.0,44.0,15.0,22.0,68.0,48.0,25.0,45.0,60.0,29.0,35.0,77.0,64.0,74.0,53.0,67.0,62.0,42.0,87.0,26.0,117.0,121.0,129.0,84.0,42.0,78.0,69.0,78.0,44.0,104.0,35.0,53.0,92.0,113.0,90.0,148.0,116.0,38.0,53.0
145,51000_0,"Virginia Supercounty, Cluster 0",0.0,0.0,0.0,0.0,0.0,0.0,0.0,0.0,0.0,0.0,0.0,0.0,0.0,0.0,0.0,0.0,0.0,0.0,0.0,0.0,0.0,0.0,0.0,0.0,0.0,0.0,0.0,0.0,0.0,0.0,0.0,0.0,0.0,0.0,0.0,0.0,0.0,0.0,0.0,0.0,0.0,0.0,0.0,0.0,0.0,0.0,0.0,0.0,0.0,0.0,0.0,1.0,0.0,0.0,0.0,1.0,1.0,2.0,1.0,1.0,1.0,0.0,2.0,7.0,5.0,13.0,9.0,10.0,13.0,10.0,11.0,16.0,25.0,26.0,22.0,19.0,43.0,24.0,34.0,65.0,37.0,15.0,31.0,31.0,17.0,22.0,41.0,33.0,19.0,15.0,39.0,34.0,109.0,58.0,107.0,79.0,38.0,37.0,48.0,79.0,80.0,49.0,79.0,35.0,46.0,73.0,46.0,45.0,75.0,34.0,44.0,35.0,56.0,66.0,49.0,88.0,29.0,53.0
146,51000_4,"Virginia Supercounty, Cluster 4",0.0,0.0,0.0,0.0,0.0,0.0,0.0,0.0,0.0,0.0,0.0,0.0,0.0,0.0,0.0,0.0,0.0,0.0,0.0,0.0,0.0,0.0,0.0,0.0,0.0,0.0,0.0,0.0,0.0,0.0,0.0,0.0,0.0,0.0,0.0,0.0,0.0,0.0,0.0,0.0,0.0,0.0,0.0,0.0,0.0,0.0,2.0,0.0,5.0,0.0,4.0,7.0,9.0,0.0,11.0,9.0,5.0,17.0,10.0,27.0,40.0,26.0,23.0,70.0,42.0,108.0,90.0,106.0,68.0,145.0,158.0,136.0,184.0,240.0,156.0,181.0,301.0,198.0,286.0,285.0,393.0,130.0,360.0,239.0,213.0,277.0,419.0,387.0,369.0,331.0,468.0,476.0,438.0,408.0,520.0,379.0,440.0,602.0,449.0,533.0,708.0,540.0,679.0,626.0,516.0,453.0,361.0,576.0,565.0,691.0,782.0,477.0,626.0,758.0,485.0,623.0,555.0,532.0
147,51000_1,"Virginia Supercounty, Cluster 1",0.0,0.0,0.0,0.0,0.0,0.0,0.0,0.0,0.0,0.0,0.0,0.0,0.0,0.0,0.0,0.0,0.0,0.0,0.0,0.0,0.0,0.0,0.0,0.0,0.0,0.0,0.0,0.0,0.0,0.0,0.0,0.0,0.0,0.0,0.0,0.0,0.0,0.0,0.0,0.0,0.0,0.0,0.0,0.0,0.0,0.0,0.0,0.0,1.0,1.0,0.0,0.0,1.0,0.0,1.0,4.0,2.0,1.0,2.0,1.0,7.0,3.0,3.0,8.0,8.0,2.0,4.0,11.0,25.0,37.0,32.0,26.0,40.0,55.0,19.0,12.0,54.0,42.0,34.0,49.0,63.0,24.0,32.0,69.0,36.0,42.0,60.0,55.0,33.0,47.0,37.0,36.0,78.0,54.0,34.0,48.0,31.0,49.0,45.0,78.0,79.0,75.0,53.0,38.0,92.0,90.0,54.0,59.0,60.0,63.0,53.0,72.0,73.0,99.0,90.0,70.0,37.0,48.0
148,53000_1,"Washington Supercounty, Cluster 1",0.0,0.0,0.0,0.0,0.0,0.0,0.0,0.0,0.0,0.0,0.0,0.0,0.0,0.0,0.0,0.0,0.0,0.0,0.0,0.0,0.0,0.0,0.0,0.0,0.0,0.0,0.0,0.0,0.0,0.0,0.0,0.0,0.0,0.0,0.0,0.0,0.0,0.0,0.0,0.0,0.0,0.0,0.0,1.0,0.0,1.0,1.0,0.0,1.0,5.0,1.0,8.0,11.0,0.0,13.0,21.0,15.0,13.0,22.0,32.0,25.0,54.0,22.0,74.0,188.0,86.0,93.0,82.0,134.0,108.0,67.0,138.0,75.0,79.0,86.0,84.0,69.0,45.0,110.0,67.0,80.0,52.0,55.0,54.0,79.0,70.0,69.0,53.0,59.0,42.0,67.0,59.0,98.0,61.0,66.0,31.0,43.0,46.0,53.0,57.0,111.0,114.0,62.0,63.0,23.0,86.0,44.0,27.0,44.0,35.0,59.0,29.0,41.0,47.0,45.0,45.0,33.0,43.0
149,53000_2,"Washington Supercounty, Cluster 2",1.0,0.0,0.0,0.0,0.0,0.0,0.0,0.0,0.0,0.0,0.0,0.0,0.0,0.0,0.0,0.0,0.0,0.0,0.0,0.0,0.0,0.0,0.0,0.0,0.0,0.0,0.0,0.0,0.0,0.0,0.0,0.0,0.0,0.0,0.0,0.0,0.0,0.0,6.0,4.0,7.0,9.0,12.0,30.0,8.0,22.0,19.0,0.0,39.0,115.0,123.0,87.0,89.0,0.0,159.0,155.0,57.0,188.0,148.0,218.0,154.0,188.0,116.0,248.0,408.0,184.0,519.0,226.0,165.0,404.0,75.0,582.0,221.0,338.0,431.0,276.0,271.0,294.0,326.0,339.0,291.0,230.0,81.0,242.0,161.0,182.0,326.0,89.0,424.0,96.0,209.0,141.0,162.0,196.0,233.0,188.0,142.0,132.0,175.0,211.0,179.0,223.0,155.0,221.0,124.0,199.0,288.0,107.0,251.0,198.0,173.0,158.0,125.0,177.0,116.0,303.0,122.0,180.0
150,55000_1,"Wisconsin Supercounty, Cluster 1",0.0,0.0,0.0,0.0,0.0,0.0,0.0,0.0,0.0,0.0,0.0,0.0,0.0,0.0,0.0,0.0,0.0,0.0,0.0,0.0,0.0,0.0,0.0,0.0,0.0,0.0,0.0,0.0,0.0,0.0,0.0,0.0,0.0,0.0,0.0,0.0,0.0,0.0,0.0,0.0,0.0,0.0,0.0,0.0,0.0,0.0,0.0,0.0,2.0,0.0,3.0,2.0,4.0,0.0,7.0,13.0,10.0,18.0,14.0,29.0,40.0,15.0,7.0,38.0,74.0,46.0,42.0,30.0,33.0,59.0,46.0,73.0,72.0,17.0,73.0,42.0,33.0,37.0,59.0,52.0,54.0,47.0,36.0,55.0,70.0,44.0,89.0,60.0,41.0,95.0,71.0,126.0,94.0,202.0,178.0,96.0,97.0,125.0,94.0,169.0,268.0,173.0,139.0,144.0,219.0,152.0,135.0,154.0,160.0,131.0,75.0,106.0,96.0,131.0,179.0,203.0,101.0,42.0
151,55000_4,"Wisconsin Supercounty, Cluster 4",0.0,0.0,0.0,0.0,0.0,0.0,0.0,0.0,0.0,0.0,0.0,0.0,0.0,0.0,0.0,0.0,0.0,0.0,0.0,0.0,0.0,0.0,0.0,0.0,0.0,0.0,0.0,0.0,0.0,0.0,0.0,0.0,0.0,0.0,0.0,0.0,0.0,0.0,0.0,0.0,0.0,0.0,0.0,0.0,0.0,0.0,0.0,0.0,0.0,0.0,0.0,2.0,4.0,0.0,7.0,11.0,23.0,15.0,33.0,31.0,56.0,22.0,39.0,82.0,22.0,64.0,130.0,65.0,11.0,93.0,70.0,89.0,154.0,0.0,167.0,66.0,67.0,93.0,68.0,91.0,78.0,57.0,33.0,52.0,75.0,77.0,66.0,52.0,85.0,41.0,43.0,70.0,78.0,49.0,94.0,104.0,45.0,48.0,93.0,125.0,104.0,103.0,97.0,52.0,57.0,116.0,104.0,149.0,132.0,98.0,70.0,47.0,146.0,172.0,148.0,224.0,186.0,60.0
