,FIPS,STATE,AREA_NAME,stay at home,>50 gatherings,>500 gatherings,public schools,restaurant dine-in,entertainment/gym,federal guidelines,foreign travel ban,stay at home rollback,>50 gatherings rollback,>500 gatherings rollback,restaurant dine-in rollback,entertainment/gym rollback
0,01000_0,AL,"Alabama Super-county, Cluster 1",737519,737504,737497,737500,737503,737512,737500,737495,737545,740000,740000,737556,737556
1,01000_4,AL,"Alabama Super-county, Cluster 5",737519,737504,737497,737500,737503,737512,737500,737495,737545,740000,740000,737556,737556
2,01073,AL,jefferson county,737510,737504,737497,737500,737503,737512,737500,737495,737545,740000,740000,737556,737556
3,01097,AL,mobile county,737519,737504,737497,737500,737503,737512,737500,737495,737545,740000,740000,737556,737556
4,01101,AL,montgomery county,737519,737504,737497,737500,737503,737512,737500,737495,737545,740000,740000,737556,737556
5,01123,AL,tallapoosa county,737519,737504,737497,737500,737503,737512,737500,737495,737545,740000,740000,737556,737556
6,01125,AL,tuscaloosa county,737519,737504,737497,737500,737503,737512,737500,737495,737545,740000,740000,737556,737556
7,04001,AZ,apache county,737515,737501,737501,737500,737503,737503,737500,737495,737560,737577,737577,740000,740000
8,04005,AZ,coconino county,737515,737501,737501,737500,737503,737503,737500,737495,737560,737577,737577,740000,740000
9,04013,AZ,maricopa county,737515,737501,737501,737500,737503,737503,737500,737495,737560,737577,737577,740000,740000
10,04015,AZ,mohave county,737515,737501,737501,737500,737503,737503,737500,737495,737560,737577,737577,740000,740000
11,04017,AZ,navajo county,737515,737501,737501,737500,737503,737503,737500,737495,737560,737577,737577,740000,740000
12,04019,AZ,pima county,737515,737501,737501,737500,737503,737503,737500,737495,737560,737577,737577,740000,740000
13,04021,AZ,pinal county,737515,737501,737501,737500,737503,737503,737500,737495,737560,737577,737577,740000,740000
14,04027,AZ,yuma county,737515,737501,737501,737500,737503,737503,737500,737495,737560,737577,737577,740000,740000
15,05000_0,AR,"Arkansas Super-county, Cluster 1",740000,737510,737510,737501,737503,737503,737500,737495,740000,740000,740000,737549,737556
16,05000_1,AR,"Arkansas Super-county, Cluster 2",740000,737510,737510,737501,737503,737503,737500,737495,740000,740000,740000,737549,737556
17,05119,AR,pulaski county,740000,737510,737510,737501,737503,737503,737500,737495,740000,740000,740000,737549,737556
18,06001,CA,alameda county,737503,737503,737503,737503,737499,737499,737500,737495,737554,740000,740000,737594,737554
19,06000_1,CA,"California Super-county, Cluster 2",737503,737503,737503,737503,737499,737499,737500,737495,737558,737558,740000,737558,737558
20,06013,CA,contra costa county,737503,737503,737503,737503,737499,737499,737500,737495,737554,740000,740000,737554,737554
21,06000_4,CA,"California Super-county, Cluster 5",737503,737503,737503,737503,737499,737499,737500,737495,737558,737558,740000,737558,737558
22,06019,CA,fresno county,737503,737503,737503,737503,737499,737499,737500,737495,737558,737558,740000,737558,737558
23,06025,CA,imperial county,737503,737503,737503,737503,737499,737499,737500,737495,737554,740000,740000,737554,737554
24,06029,CA,kern county,737503,737503,737503,737503,737499,737499,737500,737495,737558,737558,740000,737558,737558
25,06037,CA,los angeles county,737503,737503,737503,737503,737499,737499,737500,737495,737554,740000,740000,737594,737594
26,06059,CA,orange county,737503,737503,737503,737503,737499,737499,737500,737495,737558,737558,740000,737558,737558
27,06065,CA,riverside county,737503,737503,737503,737503,737499,737499,737500,737495,737558,737558,740000,737558,737558
28,06067,CA,sacramento county,737503,737503,737503,737503,737499,737499,737500,737495,737558,737558,740000,737558,737558
29,06071,CA,san bernardino county,737503,737503,737503,737503,737499,737499,737500,737495,737558,737558,740000,737558,737558
30,06073,CA,san diego county,737503,737503,737503,737503,737499,737499,737500,737495,737558,737558,740000,737558,737558
31,06075,CA,san francisco county,737501,737503,737503,737503,737499,737499,737500,737495,737588,740000,740000,737588,737554
32,06077,CA,san joaquin county,737503,737503,737503,737503,737499,737499,737500,737495,737558,737558,740000,737558,737558
33,06081,CA,san mateo county,737503,737503,737503,737503,737499,737499,737500,737495,737558,737593,740000,737593,737593
34,06085,CA,santa clara county,737503,737503,737503,737503,737499,737499,737500,737495,737554,740000,740000,737554,737554
35,06099,CA,stanislaus county,737503,737503,737503,737503,737499,737499,737500,737495,737558,737558,740000,737558,737558
36,06107,CA,tulare county,737503,737503,737503,737503,737499,737499,737500,737495,737563,737563,740000,737563,737563
37,06111,CA,ventura county,737503,737503,737503,737503,737499,737499,737500,737495,737558,737558,740000,737558,737558
38,08001,CO,adams county,737508,737508,737497,737507,737504,737501,737500,737495,737541,740000,740000,737553,737553
39,08000_0,CO,"Colorado Super-county, Cluster 1",737510,737508,737497,737507,737504,737501,737500,737495,737541,740000,740000,737553,737553
40,08005,CO,arapahoe county,737508,737508,737497,737507,737504,737501,737500,737495,737541,740000,740000,737553,737553
41,08013,CO,boulder county,737508,737508,737497,737507,737504,737501,737500,737495,737541,740000,740000,737553,737553
42,08000_2,CO,"Colorado Super-county, Cluster 3",737510,737508,737497,737507,737504,737501,737500,737495,737541,740000,740000,737553,737553
43,08031,CO,denver county,737508,737508,737497,737507,737504,737501,737500,737495,737541,740000,740000,737553,737553
44,08035,CO,douglas county,737508,737508,737497,737507,737504,737501,737500,737495,737541,740000,740000,737553,737553
45,08041,CO,el paso county,737510,737508,737497,737507,737504,737501,737500,737495,737541,740000,740000,737553,737553
46,08059,CO,jefferson county,737508,737508,737497,737507,737504,737501,737500,737495,737541,740000,740000,737553,737553
47,08000_1,CO,"Colorado Super-county, Cluster 2",737510,737508,737497,737507,737504,737501,737500,737495,737541,740000,740000,737553,737553
48,08123,CO,weld county,737510,737508,737497,737507,737504,737501,737500,737495,737541,740000,740000,737553,737553
49,09001,CT,fairfield county,737507,737507,737507,737501,737500,737500,737500,737495,737565,740000,740000,737593,737593
50,09003,CT,hartford county,737507,737507,737507,737501,737500,737500,737500,737495,737565,740000,740000,737593,737593
51,09005,CT,litchfield county,737507,737507,737507,737501,737500,737500,737500,737495,737565,740000,740000,737593,737593
52,09007,CT,middlesex county,737507,737507,737507,737501,737500,737500,737500,737495,737565,740000,740000,737593,737593
53,09009,CT,new haven county,737507,737507,737507,737501,737500,737500,737500,737495,737565,740000,740000,737593,737593
54,09011,CT,new london county,737507,737507,737507,737501,737500,737500,737500,737495,737565,740000,740000,737593,737593
55,09013,CT,tolland county,737507,737507,737507,737501,737500,737500,737500,737495,737565,740000,740000,737593,737593
56,10001,DE,kent county,737508,737508,737508,737500,737496,737496,737500,737495,737563,737581,737581,737591,737591
57,10003,DE,new castle county,737508,737508,737508,737500,737496,737496,737500,737495,737563,737581,737581,737591,737591
58,10005,DE,sussex county,737508,737508,737508,737500,737496,737496,737500,737495,737563,737581,737581,737591,737591
59,11001,DC,district of columbia,737516,737509,737509,737500,737500,737500,737500,737495,737598,740000,740000,737542,737542
60,12000_0,FL,"Florida Super-county, Cluster 1",737518,737501,737501,737500,737504,737504,737500,737495,737594,740000,740000,737594,737594
61,12000_4,FL,"Florida Super-county, Cluster 5",737518,737501,737501,737500,737504,737504,737500,737495,737594,740000,740000,737594,737594
62,12011,FL,broward county,737511,737501,737501,737500,737504,737504,737500,737495,737594,740000,740000,737594,737594
63,12015,FL,charlotte county,737518,737501,737501,737500,737504,737504,737500,737495,737594,740000,740000,737594,737594
64,12021,FL,collier county,737518,737501,737501,737500,737504,737504,737500,737495,737594,740000,740000,737594,737594
65,12031,FL,duval county,737509,737501,737501,737500,737504,737504,737500,737495,737594,740000,740000,737594,737594
66,12033,FL,escambia county,737518,737501,737501,737500,737504,737504,737500,737495,737594,740000,740000,737594,737594
67,12057,FL,hillsborough county,737511,737501,737501,737500,737504,737504,737500,737495,737594,740000,740000,737594,737594
68,12071,FL,lee county,737518,737501,737501,737500,737504,737504,737500,737495,737594,740000,740000,737594,737594
69,12081,FL,manatee county,737518,737501,737501,737500,737504,737504,737500,737495,737594,740000,740000,737594,737594
70,12086,FL,miami-dade county,737509,737501,737501,737500,737504,737504,737500,737495,737594,740000,740000,737594,737594
71,12095,FL,orange county,737510,737501,737501,737500,737504,737504,737500,737495,737594,740000,740000,737594,737594
72,12099,FL,palm beach county,737514,737501,737501,737500,737504,737504,737500,737495,737594,740000,740000,737594,737594
73,12103,FL,pinellas county,737510,737501,737501,737500,737504,737504,737500,737495,737594,740000,740000,737594,737594
74,12105,FL,polk county,737518,737501,737501,737500,737504,737504,737500,737495,737594,740000,740000,737594,737594
75,12111,FL,st. lucie county,737518,737501,737501,737500,737504,737504,737500,737495,737594,740000,740000,737594,737594
76,12115,FL,sarasota county,737518,737501,737501,737500,737504,737504,737500,737495,737594,740000,740000,737594,737594
77,12127,FL,volusia county,737518,737501,737501,737500,737504,737504,737500,737495,737594,740000,740000,737594,737594
78,13000_0,GA,"Georgia Super-county, Cluster 1",737518,737501,737501,737502,737504,737504,737500,737495,737545,740000,740000,737542,737539
79,13000_1,GA,"Georgia Super-county, Cluster 2",737518,737501,737501,737502,737504,737504,737500,737495,737545,740000,740000,737542,737539
80,13063,GA,clayton county,737518,737501,737501,737502,737504,737504,737500,737495,737545,740000,740000,737542,737539
81,13067,GA,cobb county,737518,737501,737501,737502,737504,737504,737500,737495,737545,740000,740000,737542,737539
82,13089,GA,dekalb county,737518,737501,737501,737502,737504,737504,737500,737495,737545,740000,740000,737542,737539
83,13095,GA,dougherty county,737505,737501,737501,737502,737504,737504,737500,737495,737545,740000,740000,737542,737539
84,13121,GA,fulton county,737508,737501,737501,737502,737504,737504,737500,737495,737545,740000,740000,737542,737539
85,13135,GA,gwinnett county,737518,737501,737501,737502,737504,737504,737500,737495,737545,740000,740000,737542,737539
86,13139,GA,hall county,737518,737501,737501,737502,737504,737504,737500,737495,737545,740000,740000,737542,737539
87,13215,GA,muscogee county,737518,737501,737501,737502,737504,737504,737500,737495,737545,740000,740000,737542,737539
88,13245,GA,richmond county,737518,737501,737501,737502,737504,737504,737500,737495,737545,740000,740000,737542,737539
89,13261,GA,sumter county,737518,737501,737501,737502,737504,737504,737500,737495,737545,740000,740000,737542,737539
90,17000_4,IL,"Illinois Super-county, Cluster 5",737505,737502,737502,737501,737502,737502,737500,737495,737575,737588,737588,737553,737553
91,17000_0,IL,"Illinois Super-county, Cluster 1",737505,737502,737502,737501,737502,737502,737500,737495,737575,737588,737588,737553,737553
92,17000_1,IL,"Illinois Super-county, Cluster 2",737505,737502,737502,737501,737502,737502,737500,737495,737575,737588,737588,737553,737553
93,17031,IL,cook county,737505,737502,737502,737501,737502,737502,737500,737495,737575,737588,737588,737553,737553
94,17043,IL,dupage county,737505,737502,737502,737501,737502,737502,737500,737495,737575,737588,737588,737553,737553
95,17089,IL,kane county,737505,737502,737502,737501,737502,737502,737500,737495,737575,737588,737588,737553,737553
96,17091,IL,kankakee county,737505,737502,737502,737501,737502,737502,737500,737495,737575,737588,737588,737553,737553
97,17097,IL,lake county,737505,737502,737502,737501,737502,737502,737500,737495,737575,737588,737588,737553,737553
98,17111,IL,mchenry county,737505,737502,737502,737501,737502,737502,737500,737495,737575,737588,737588,737553,737553
99,17119,IL,madison county,737505,737502,737502,737501,737502,737502,737500,737495,737575,737588,737588,737553,737553
100,17163,IL,st. clair county,737505,737502,737502,737501,737502,737502,737500,737495,737575,737588,737588,737553,737553
101,17197,IL,will county,737505,737502,737502,737501,737502,737502,737500,737495,737575,737588,737588,737553,737553
102,17201,IL,winnebago county,737505,737502,737502,737501,737502,737502,737500,737495,737575,737588,737588,737553,737553
103,18000_0,IN,"Indiana Super-county, Cluster 1",737508,737508,737497,737503,737501,737501,737500,737495,737549,737567,737567,740000,740000
104,18003,IN,allen county,737508,737508,737497,737503,737501,737501,737500,737495,737549,737567,737567,740000,740000
105,18000_4,IN,"Indiana Super-county, Cluster 5",737508,737508,737497,737503,737501,737501,737500,737495,737549,737567,737567,740000,740000
106,18035,IN,delaware county,737508,737508,737497,737503,737501,737501,737500,737495,737549,737567,737567,740000,740000
107,18039,IN,elkhart county,737508,737508,737497,737503,737501,737501,737500,737495,737549,737567,737567,740000,740000
108,18000_1,IN,"Indiana Super-county, Cluster 2",737508,737508,737497,737503,737501,737501,737500,737495,737549,737567,737567,740000,740000
109,18057,IN,hamilton county,737508,737508,737497,737503,737501,737501,737500,737495,737549,737567,737567,740000,740000
110,18063,IN,hendricks county,737508,737508,737497,737503,737501,737501,737500,737495,737549,737567,737567,740000,740000
111,18067,IN,howard county,737508,737508,737497,737503,737501,737501,737500,737495,737549,737567,737567,740000,740000
112,18081,IN,johnson county,737508,737508,737497,737503,737501,737501,737500,737495,737549,737567,737567,740000,740000
113,18089,IN,lake county,737508,737508,737497,737503,737501,737501,737500,737495,737549,737567,737567,740000,740000
114,18095,IN,madison county,737508,737508,737497,737503,737501,737501,737500,737495,737549,737567,737567,740000,740000
115,18097,IN,marion county,737508,737508,737497,737503,737501,737501,737500,737495,737549,737567,737567,740000,740000
116,18141,IN,st. joseph county,737508,737508,737497,737503,737501,737501,737500,737495,737549,737567,737567,740000,740000
117,19000_0,IA,"Iowa Super-county, Cluster 1",740000,737517,737517,737517,737501,737501,737500,737495,740000,740000,740000,737560,737560
118,19000_4,IA,"Iowa Super-county, Cluster 5",740000,737517,737517,737517,737501,737501,737500,737495,740000,740000,740000,737560,737560
119,19013,IA,black hawk county,740000,737517,737517,737517,737501,737501,737500,737495,740000,740000,740000,737560,737560
120,19113,IA,linn county,740000,737517,737517,737517,737501,737501,737500,737495,740000,740000,740000,737560,737560
121,19153,IA,polk county,740000,737517,737517,737517,737501,737501,737500,737495,740000,740000,740000,737560,737560
122,20091,KS,johnson county,737508,737501,737501,737502,737508,737508,737500,737495,737560,737560,737560,737546,737546
123,20209,KS,wyandotte county,737508,737501,737501,737502,737508,737508,737500,737495,737560,737560,737560,737546,737546
124,21000_0,KY,"Kentucky Super-county, Cluster 1",737510,737510,737510,737500,737500,737502,737500,737495,737576,740000,740000,737546,737546
125,21000_1,KY,"Kentucky Super-county, Cluster 2",737510,737510,737510,737500,737500,737502,737500,737495,737576,740000,740000,737546,737546
126,21111,KY,jefferson county,737510,737510,737510,737500,737500,737502,737500,737495,737576,740000,740000,737546,737546
127,22000_0,LA,"Louisiana Super-county, Cluster 1",737507,737501,737501,737500,737501,737501,737500,737495,737560,737586,737586,737560,737560
128,22005,LA,ascension parish,737507,737501,737501,737500,737501,737501,737500,737495,737560,737586,737586,737560,737560
129,22000_4,LA,"Louisiana Super-county, Cluster 5",737507,737501,737501,737500,737501,737501,737500,737495,737560,737586,737586,737560,737560
130,22017,LA,caddo parish,737507,737501,737501,737500,737501,737501,737500,737495,737560,737586,737586,737560,737560
131,22019,LA,calcasieu parish,737507,737501,737501,737500,737501,737501,737500,737495,737560,737586,737586,737560,737560
132,22033,LA,east baton rouge parish,737507,737501,737501,737500,737501,737501,737500,737495,737560,737586,737586,737560,737560
133,22045,LA,iberia parish,737507,737501,737501,737500,737501,737501,737500,737495,737560,737586,737586,737560,737560
134,22051,LA,jefferson parish,737507,737501,737501,737500,737501,737501,737500,737495,737560,737586,737586,737560,737560
135,22055,LA,lafayette parish,737507,737501,737501,737500,737501,737501,737500,737495,737560,737586,737586,737560,737560
136,22057,LA,lafourche parish,737507,737501,737501,737500,737501,737501,737500,737495,737560,737586,737586,737560,737560
137,22071,LA,orleans parish,737507,737501,737501,737500,737501,737501,737500,737495,737560,737586,737586,737560,737560
138,22073,LA,ouachita parish,737507,737501,737501,737500,737501,737501,737500,737495,737560,737586,737586,737560,737560
139,22079,LA,rapides parish,737507,737501,737501,737500,737501,737501,737500,737495,737560,737586,737586,737560,737560
140,22089,LA,st. charles parish,737507,737501,737501,737500,737501,737501,737500,737495,737560,737586,737586,737560,737560
141,22095,LA,st. john the baptist parish,737507,737501,737501,737500,737501,737501,737500,737495,737560,737586,737586,737560,737560
142,22097,LA,st. landry parish,737507,737501,737501,737500,737501,737501,737500,737495,737560,737586,737586,737560,737560
143,22103,LA,st. tammany parish,737507,737501,737501,737500,737501,737501,737500,737495,737560,737586,737586,737560,737560
144,22109,LA,terrebonne parish,737507,737501,737501,737500,737501,737501,737500,737495,737560,737586,737586,737560,737560
145,22117,LA,washington parish,737507,737501,737501,737500,737501,737501,737500,737495,737560,737586,737586,737560,737560
146,23005,ME,cumberland county,737517,737502,737502,737499,737502,737508,737500,737495,740000,740000,740000,737563,737563
147,24000_4,MD,"Maryland Super-county, Cluster 5",737514,737500,737497,737500,737500,737500,737500,737495,737577,740000,740000,737552,737552
148,24003,MD,anne arundel county,737514,737500,737497,737500,737500,737500,737500,737495,737577,740000,740000,737574,737580
149,24005,MD,baltimore county,737514,737500,737497,737500,737500,737500,737500,737495,737577,740000,740000,737574,737595
150,24000_1,MD,"Maryland Super-county, Cluster 2",737514,737500,737497,737500,737500,737500,737500,737495,737577,740000,740000,737552,737552
151,24013,MD,carroll county,737514,737500,737497,737500,737500,737500,737500,737495,737577,740000,740000,737552,737552
152,24017,MD,charles county,737514,737500,737497,737500,737500,737500,737500,737495,737577,740000,740000,737552,737552
153,24021,MD,frederick county,737514,737500,737497,737500,737500,737500,737500,737495,737577,740000,740000,737574,737595
154,24025,MD,harford county,737514,737500,737497,737500,737500,737500,737500,737495,737577,740000,740000,737552,737552
155,24027,MD,howard county,737514,737500,737497,737500,737500,737500,737500,737495,737577,740000,740000,737574,737581
156,24031,MD,montgomery county,737514,737500,737497,737500,737500,737500,737500,737495,737577,740000,740000,737577,737595
157,24033,MD,prince george's county,737514,737500,737497,737500,737500,737500,737500,737495,737577,740000,740000,737577,737605
158,24037,MD,st. mary's county,737514,737500,737497,737500,737500,737500,737500,737495,737577,740000,740000,737552,737552
159,25001,MA,barnstable county,737508,737501,737501,737501,737501,737501,737500,737495,737563,740000,740000,737598,740000
160,25005,MA,bristol county,737508,737501,737501,737501,737501,737501,737500,737495,737563,740000,740000,737598,740000
161,25009,MA,essex county,737508,737501,737501,737501,737501,737501,737500,737495,737563,740000,740000,737598,740000
162,25011,MA,franklin county,737508,737501,737501,737501,737501,737501,737500,737495,737563,740000,740000,737598,740000
163,25013,MA,hampden county,737508,737501,737501,737501,737501,737501,737500,737495,737563,740000,740000,737598,740000
164,25015,MA,hampshire county,737508,737501,737501,737501,737501,737501,737500,737495,737563,740000,740000,737598,740000
165,25017,MA,middlesex county,737508,737501,737501,737501,737501,737501,737500,737495,737563,740000,740000,737598,740000
166,25021,MA,norfolk county,737508,737501,737501,737501,737501,737501,737500,737495,737563,740000,740000,737598,740000
167,25023,MA,plymouth county,737508,737501,737501,737501,737501,737501,737500,737495,737563,740000,740000,737598,740000
168,25025,MA,suffolk county,737508,737501,737501,737501,737501,737501,737500,737495,737563,740000,740000,737598,740000
169,25027,MA,worcester county,737508,737501,737501,737501,737501,737501,737500,737495,737563,740000,740000,737598,740000
170,26000_0,MI,"Michigan Super-county, Cluster 1",737508,737508,737508,737500,737500,737500,737500,737495,737542,740000,740000,737542,737542
171,26000_4,MI,"Michigan Super-county, Cluster 5",737508,737508,737508,737500,737500,737500,737500,737495,737542,740000,740000,737542,737542
172,26021,MI,berrien county,737508,737508,737508,737500,737500,737500,737500,737495,737542,740000,740000,737542,737542
173,26049,MI,genesee county,737508,737508,737508,737500,737500,737500,737500,737495,737542,740000,740000,737542,737542
174,26077,MI,kalamazoo county,737508,737508,737508,737500,737500,737500,737500,737495,737542,740000,740000,737542,737542
175,26081,MI,kent county,737508,737508,737508,737500,737500,737500,737500,737495,737542,740000,740000,737542,737542
176,26099,MI,macomb county,737508,737508,737508,737500,737500,737500,737500,737495,737542,740000,740000,737542,737542
177,26121,MI,muskegon county,737508,737508,737508,737500,737500,737500,737500,737495,737542,740000,740000,737542,737542
178,26125,MI,oakland county,737508,737508,737508,737500,737500,737500,737500,737495,737542,740000,740000,737542,737542
179,26139,MI,ottawa county,737508,737508,737508,737500,737500,737500,737500,737495,737542,740000,740000,737542,737542
180,26145,MI,saginaw county,737508,737508,737508,737500,737500,737500,737500,737495,737542,740000,740000,737542,737542
181,26147,MI,st. clair county,737508,737508,737508,737500,737500,737500,737500,737495,737542,740000,740000,737542,737542
182,26161,MI,washtenaw county,737508,737508,737508,737500,737500,737500,737500,737495,737542,740000,740000,737542,737542
183,26163,MI,wayne county,737508,737508,737508,737500,737500,737500,737500,737495,737542,740000,740000,737542,737542
184,27003,MN,anoka county,737511,737511,737511,737502,737501,737501,737500,737495,737560,737549,737549,737586,737586
185,27000_4,MN,"Minnesota Super-county, Cluster 5",737511,737511,737511,737502,737501,737501,737500,737495,737560,737549,737549,737586,737586
186,27000_0,MN,"Minnesota Super-county, Cluster 1",737511,737511,737511,737502,737501,737501,737500,737495,737560,737549,737549,737586,737586
187,27037,MN,dakota county,737511,737511,737511,737502,737501,737501,737500,737495,737560,737549,737549,737586,737586
188,27053,MN,hennepin county,737511,737511,737511,737502,737501,737501,737500,737495,737560,737549,737549,737586,737586
189,27123,MN,ramsey county,737511,737511,737511,737502,737501,737501,737500,737495,737560,737549,737549,737586,737586
190,28000_0,MS,"Mississippi Super-county, Cluster 1",737521,737509,737509,737504,737509,737509,737500,737495,737541,737577,737577,737546,737546
191,28000_4,MS,"Mississippi Super-county, Cluster 5",737521,737509,737509,737504,737509,737509,737500,737495,737541,737577,737577,737546,737546
192,28049,MS,hinds county,737521,737509,737509,737504,737509,737509,737500,737495,737541,737577,737577,737546,737546
193,28075,MS,lauderdale county,737515,737509,737509,737504,737509,737509,737500,737495,737541,737577,737577,737546,737546
194,28083,MS,leflore county,737521,737509,737509,737504,737509,737509,737500,737495,737541,737577,737577,737546,737546
195,28099,MS,neshoba county,737521,737509,737509,737504,737509,737509,737500,737495,737541,737577,737577,737546,737546
196,29000_0,MO,"Missouri Super-county, Cluster 1",737521,737505,737505,737503,737505,737521,737500,737495,737549,737591,737591,737591,737591
197,29000_1,MO,"Missouri Super-county, Cluster 2",737508,737505,737505,737503,737505,737521,737500,737495,737549,737591,737591,737591,737591
198,29183,MO,st. charles county,737521,737505,737505,737503,737505,737521,737500,737495,737549,737591,737591,737591,737591
199,29189,MO,st. louis county,737507,737505,737505,737503,737505,737521,737500,737495,737549,737605,737605,737591,737591
200,31000_4,NE,"Nebraska Super-county, Cluster 5",740000,737503,737503,737503,737519,737519,737500,737495,740000,740000,740000,737556,737556
201,31000_0,NE,"Nebraska Super-county, Cluster 1",740000,737503,737503,737503,737519,737519,737500,737495,740000,740000,740000,737556,737556
202,31055,NE,douglas county,740000,737503,737503,737503,737519,737519,737500,737495,740000,740000,740000,737556,737556
203,32003,NV,clark county,737516,737508,737508,737500,737504,737504,737500,737495,737585,740000,740000,737547,737547
204,32031,NV,washoe county,737516,737508,737508,737500,737504,737504,737500,737495,737585,740000,740000,737547,737547
205,33011,NH,hillsborough county,737511,737508,737508,737500,737500,737511,737500,737495,737591,740000,740000,737560,737560
206,33015,NH,rockingham county,737511,737508,737508,737500,737500,737511,737500,737495,737591,740000,740000,737560,737560
207,34001,NJ,atlantic county,737505,737500,737500,737502,737500,737500,737500,737495,737584,740000,740000,737591,737608
208,34003,NJ,bergen county,737505,737500,737500,737502,737500,737500,737500,737495,737584,740000,740000,737591,737608
209,34005,NJ,burlington county,737505,737500,737500,737502,737500,737500,737500,737495,737584,740000,740000,737591,737608
210,34007,NJ,camden county,737505,737500,737500,737502,737500,737500,737500,737495,737584,740000,740000,737591,737608
211,34009,NJ,cape may county,737505,737500,737500,737502,737500,737500,737500,737495,737584,740000,740000,737591,737608
212,34011,NJ,cumberland county,737505,737500,737500,737502,737500,737500,737500,737495,737584,740000,740000,737591,737608
213,34013,NJ,essex county,737505,737500,737500,737502,737500,737500,737500,737495,737584,740000,740000,737591,737608
214,34015,NJ,gloucester county,737505,737500,737500,737502,737500,737500,737500,737495,737584,740000,740000,737591,737608
215,34017,NJ,hudson county,737505,737500,737500,737502,737500,737500,737500,737495,737584,740000,740000,737591,737608
216,34019,NJ,hunterdon county,737505,737500,737500,737502,737500,737500,737500,737495,737584,740000,740000,737591,737608
217,34021,NJ,mercer county,737505,737500,737500,737502,737500,737500,737500,737495,737584,740000,740000,737591,737608
218,34023,NJ,middlesex county,737505,737500,737500,737502,737500,737500,737500,737495,737584,740000,740000,737591,737608
219,34025,NJ,monmouth county,737505,737500,737500,737502,737500,737500,737500,737495,737584,740000,740000,737591,737608
220,34027,NJ,morris county,737505,737500,737500,737502,737500,737500,737500,737495,737584,740000,740000,737591,737608
221,34029,NJ,ocean county,737505,737500,737500,737502,737500,737500,737500,737495,737584,740000,740000,737591,737608
222,34031,NJ,passaic county,737505,737500,737500,737502,737500,737500,737500,737495,737584,740000,740000,737591,737608
223,34033,NJ,salem county,737505,737500,737500,737502,737500,737500,737500,737495,737584,740000,740000,737591,737608
224,34035,NJ,somerset county,737505,737500,737500,737502,737500,737500,737500,737495,737584,740000,740000,737591,737608
225,34037,NJ,sussex county,737505,737500,737500,737502,737500,737500,737500,737495,737584,740000,740000,737591,737608
226,34039,NJ,union county,737505,737500,737500,737502,737500,737500,737500,737495,737584,740000,740000,737591,737608
227,34041,NJ,warren county,737505,737500,737500,737502,737500,737500,737500,737495,737584,740000,740000,737591,737608
228,35001,NM,bernalillo county,737508,737502,737502,737500,737502,737502,737500,737495,737553,740000,740000,737573,737577
229,35031,NM,mckinley county,737508,737502,737502,737500,737502,737502,737500,737495,737553,740000,740000,737577,737577
230,35045,NM,san juan county,737508,737502,737502,737500,737502,737502,737500,737495,737553,740000,740000,737577,737577
231,36001,NY,albany county,737506,737500,737497,737502,737500,737500,737500,737495,740000,737607,737607,737607,737607
232,36007,NY,broome county,737506,737500,737497,737502,737500,737500,737500,737495,740000,737602,737602,737602,737602
233,36027,NY,dutchess county,737506,737500,737497,737502,737500,737500,737500,737495,740000,737614,737614,737614,737614
234,36029,NY,erie county,737506,737500,737497,737502,737500,737500,737500,737495,740000,737606,737606,737606,737606
235,36055,NY,monroe county,737506,737500,737497,737502,737500,737500,737500,737495,740000,737602,737602,737602,737602
236,36059,NY,nassau county,737506,737500,737497,737502,737500,737500,737500,737495,740000,737614,737614,737614,737614
237,36061,NY,new york county,737506,737500,737497,737502,737500,737500,737500,737495,740000,740000,740000,740000,740000
238,36063,NY,niagara county,737506,737500,737497,737502,737500,737500,737500,737495,740000,737606,737606,737606,737606
239,36065,NY,oneida county,737506,737500,737497,737502,737500,737500,737500,737495,740000,737602,737602,737602,737602
240,36067,NY,onondaga county,737506,737500,737497,737502,737500,737500,737500,737495,740000,737602,737602,737602,737602
241,36071,NY,orange county,737506,737500,737497,737502,737500,737500,737500,737495,740000,737614,737614,737614,737614
242,36073,NY,orleans county,737506,737500,737497,737502,737500,737500,737500,737495,740000,737602,737602,737602,737602
243,36079,NY,putnam county,737506,737500,737497,737502,737500,737500,737500,737495,740000,737614,737614,737614,737614
244,36000_1,NY,"New York Super-county, Cluster 2",737506,737500,737497,737502,737500,737500,737500,737495,740000,737607,737607,737607,737607
245,36087,NY,rockland county,737506,737500,737497,737502,737500,737500,737500,737495,740000,737614,737614,737614,737614
246,36103,NY,suffolk county,737506,737500,737497,737502,737500,737500,737500,737495,740000,737614,737614,737614,737614
247,36111,NY,ulster county,737506,737500,737497,737502,737500,737500,737500,737495,740000,737614,737614,737614,737614
248,36119,NY,westchester county,737506,737500,737497,737502,737500,737500,737500,737495,740000,737614,737614,737614,737614
249,37000_4,NC,"North Carolina Super-county, Cluster 5",737514,737507,737496,737500,737501,737507,737500,737495,737565,740000,740000,737549,740000
250,37000_0,NC,"North Carolina Super-county, Cluster 1",737514,737507,737496,737500,737501,737507,737500,737495,737565,740000,740000,737549,740000
251,37000_1,NC,"North Carolina Super-county, Cluster 2",737514,737507,737496,737500,737501,737507,737500,737495,737565,740000,740000,737549,740000
252,37063,NC,durham county,737514,737507,737496,737500,737501,737507,737500,737495,737565,740000,740000,737549,740000
253,37081,NC,guilford county,737514,737507,737496,737500,737501,737507,737500,737495,737565,740000,740000,737549,740000
254,37089,NC,henderson county,737514,737507,737496,737500,737501,737507,737500,737495,737565,740000,740000,737549,740000
255,37119,NC,mecklenburg county,737514,737507,737496,737500,737501,737507,737500,737495,737565,740000,740000,737549,740000
256,37183,NC,wake county,737514,737507,737496,737500,737501,737507,737500,737495,737565,740000,740000,737549,740000
257,38017,ND,cass county,740000,740000,740000,737500,737503,737503,737500,737495,740000,737569,737569,737539,737539
258,39000_0,OH,"Ohio Super-county, Cluster 1",737507,737499,737499,737501,737499,737506,737500,737495,737586,737566,740000,740000,740000
259,39000_4,OH,"Ohio Super-county, Cluster 5",737507,737499,737499,737501,737499,737506,737500,737495,737586,737566,740000,740000,740000
260,39000_1,OH,"Ohio Super-county, Cluster 2",737507,737499,737499,737501,737499,737506,737500,737495,737586,737566,740000,740000,740000
261,39029,OH,columbiana county,737507,737499,737499,737501,737499,737506,737500,737495,737586,737566,740000,740000,740000
262,39035,OH,cuyahoga county,737507,737499,737499,737501,737499,737506,737500,737495,737586,737566,740000,740000,740000
263,39049,OH,franklin county,737507,737499,737499,737501,737499,737506,737500,737495,737586,737566,740000,740000,740000
264,39061,OH,hamilton county,737507,737499,737499,737501,737499,737506,737500,737495,737586,737566,740000,740000,740000
265,39093,OH,lorain county,737507,737499,737499,737501,737499,737506,737500,737495,737586,737566,740000,740000,740000
266,39095,OH,lucas county,737507,737499,737499,737501,737499,737506,737500,737495,737586,737566,740000,740000,740000
267,39099,OH,mahoning county,737507,737499,737499,737501,737499,737506,737500,737495,737586,737566,740000,740000,740000
268,39133,OH,portage county,737507,737499,737499,737501,737499,737506,737500,737495,737586,737566,740000,740000,740000
269,39151,OH,stark county,737507,737499,737499,737501,737499,737506,737500,737495,737586,737566,740000,740000,740000
270,39153,OH,summit county,737507,737499,737499,737501,737499,737506,737500,737495,737586,737566,740000,740000,740000
271,39155,OH,trumbull county,737507,737499,737499,737501,737499,737506,737500,737495,737586,737566,740000,740000,740000
272,39169,OH,wayne county,737507,737499,737499,737501,737499,737506,737500,737495,737586,737566,740000,740000,740000
273,39173,OH,wood county,737507,737499,737499,737501,737499,737506,737500,737495,737586,737566,740000,740000,740000
274,40000_0,OK,"Oklahoma Super-county, Cluster 1",740000,737513,737513,737501,737516,737516,737500,737495,737581,740000,740000,737553,737553
275,40109,OK,oklahoma county,740000,737513,737513,737501,737501,737501,737500,737495,737581,740000,740000,737553,737553
276,40143,OK,tulsa county,740000,737513,737513,737501,737516,737516,737500,737495,737581,740000,740000,737553,737553
277,41047,OR,marion county,737507,737500,737500,737500,737501,737501,737500,737495,737554,740000,740000,737567,737567
278,41051,OR,multnomah county,737507,737500,737500,737500,737501,737501,737500,737495,737554,740000,740000,737595,737595
279,42000_4,PA,"Pennsylvania Super-county, Cluster 5",737516,737507,737507,737500,737501,737501,737500,737495,737567,737588,737588,737588,737588
280,42003,PA,allegheny county,737507,737507,737507,737500,737501,737501,737500,737495,737560,737581,737581,737581,737581
281,42007,PA,beaver county,737512,737507,737507,737500,737501,737501,737500,737495,737567,737588,737588,737588,737588
282,42011,PA,berks county,737511,737507,737507,737500,737501,737501,737500,737495,737581,737602,737602,737602,737602
283,42017,PA,bucks county,737507,737507,737507,737500,737501,737501,737500,737495,737581,737602,737602,737602,737602
284,42029,PA,chester county,737507,737507,737507,737500,737501,737501,737500,737495,737581,737602,737602,737602,737602
285,42041,PA,cumberland county,737516,737507,737507,737500,737501,737501,737500,737495,737567,737588,737588,737588,737588
286,42043,PA,dauphin county,737516,737507,737507,737500,737501,737501,737500,737495,737574,737595,737595,737595,737595
287,42045,PA,delaware county,737507,737507,737507,737500,737501,737501,737500,737495,737581,737602,737602,737602,737602
288,42055,PA,franklin county,737516,737507,737507,737500,737501,737501,737500,737495,737574,737595,737595,737595,737595
289,42069,PA,lackawanna county,737511,737507,737507,737500,737501,737501,737500,737495,737581,737602,737602,737602,737602
290,42071,PA,lancaster county,737511,737507,737507,737500,737501,737501,737500,737495,737581,737602,737602,737602,737602
291,42075,PA,lebanon county,737516,737507,737507,737500,737501,737501,737500,737495,737574,737609,737609,737609,737609
292,42077,PA,lehigh county,737509,737507,737507,737500,737501,737501,737500,737495,737581,737602,737602,737602,737602
293,42079,PA,luzerne county,737511,737507,737507,737500,737501,737501,737500,737495,737574,737595,737595,737595,737595
294,42089,PA,monroe county,737507,737507,737507,737500,737501,737501,737500,737495,737574,737595,737595,737595,737595
295,42091,PA,montgomery county,737507,737507,737507,737500,737501,737501,737500,737495,737581,737602,737602,737602,737602
296,42095,PA,northampton county,737509,737507,737507,737500,737501,737501,737500,737495,737581,737602,737602,737602,737602
297,42101,PA,philadelphia county,737507,737507,737507,737500,737501,737501,737500,737495,737581,737602,737602,737602,737602
298,42133,PA,york county,737511,737507,737507,737500,737501,737501,737500,737495,737567,737588,737588,737588,737588
299,45000_0,SC,"South Carolina Super-county, Cluster 1",737522,737502,737502,737500,737502,737516,737500,737495,737546,737580,737580,737556,737563
300,45000_4,SC,"South Carolina Super-county, Cluster 5",737522,737502,737502,737500,737502,737516,737500,737495,737546,737580,737580,737556,737563
301,45019,SC,charleston county,737522,737502,737502,737500,737502,737516,737500,737495,737546,737580,737580,737556,737563
302,45041,SC,florence county,737522,737502,737502,737500,737502,737516,737500,737495,737546,737580,737580,737556,737563
303,45045,SC,greenville county,737522,737502,737502,737500,737502,737516,737500,737495,737546,737580,737580,737556,737563
304,45051,SC,horry county,737522,737502,737502,737500,737502,737516,737500,737495,737546,737580,737580,737556,737563
305,45063,SC,lexington county,737522,737502,737502,737500,737502,737516,737500,737495,737546,737580,737580,737556,737563
306,45079,SC,richland county,737522,737502,737502,737500,737502,737516,737500,737495,737546,737580,737580,737556,737563
307,45083,SC,spartanburg county,737522,737502,737502,737500,737502,737516,737500,737495,737546,737580,737580,737556,737563
308,46099,SD,minnehaha county,740000,740000,740000,737500,737507,740000,737500,737495,740000,737546,737546,740000,740000
309,47000_0,TN,"Tennessee Super-county, Cluster 1",737515,737509,737509,737504,737507,737507,737500,737495,737560,740000,740000,737567,737567
310,47037,TN,davidson county,737509,737509,737509,737504,737507,737507,737500,737495,737560,740000,740000,737549,737609
311,47000_1,TN,"Tennessee Super-county, Cluster 2",737515,737509,737509,737504,737507,737507,737500,737495,737560,740000,740000,737567,737567
312,47157,TN,shelby county,737515,737509,737509,737504,737507,737507,737500,737495,737560,740000,740000,737591,737591
313,47165,TN,sumner county,737515,737509,737509,737504,737507,737507,737500,737495,737560,740000,740000,737567,737567
314,48000_0,TX,"Texas Super-county, Cluster 1",737517,737505,737498,737507,737503,737503,737500,737495,737581,740000,740000,737560,737560
315,48000_4,TX,"Texas Super-county, Cluster 5",737517,737505,737498,737507,737503,737503,737500,737495,737581,740000,740000,737560,737560
316,48029,TX,bexar county,737508,737505,737498,737507,737503,737503,737500,737495,737581,740000,740000,737560,737560
317,48000_2,TX,"Texas Super-county, Cluster 3",737517,737505,737498,737507,737503,737503,737500,737495,737581,740000,740000,737560,737560
318,48061,TX,cameron county,737517,737505,737498,737507,737503,737503,737500,737495,737581,740000,740000,737560,737560
319,48085,TX,collin county,737508,737505,737498,737507,737503,737503,737500,737495,737581,740000,740000,737560,737560
320,48113,TX,dallas county,737507,737505,737498,737507,737503,737503,737500,737495,737581,740000,740000,737560,737560
321,48141,TX,el paso county,737508,737505,737498,737507,737503,737503,737500,737495,737581,740000,740000,737560,737560
322,48157,TX,fort bend county,737508,737505,737498,737507,737503,737503,737500,737495,737581,740000,740000,737560,737560
323,48167,TX,galveston county,737508,737505,737498,737507,737503,737503,737500,737495,737581,740000,740000,737560,737560
324,48201,TX,harris county,737508,737505,737498,737507,737503,737503,737500,737495,737581,740000,740000,737560,737560
325,48215,TX,hidalgo county,737517,737505,737498,737507,737503,737503,737500,737495,737581,740000,740000,737560,737560
326,48303,TX,lubbock county,737517,737505,737498,737507,737503,737503,737500,737495,737581,740000,740000,737560,737560
327,48355,TX,nueces county,737517,737505,737498,737507,737503,737503,737500,737495,737581,740000,740000,737560,737560
328,48439,TX,tarrant county,737508,737505,737498,737507,737503,737503,737500,737495,737581,740000,740000,737560,737560
329,48453,TX,travis county,737517,737505,737498,737507,737503,737503,737500,737495,737581,740000,740000,737560,737560
330,48491,TX,williamson county,737517,737505,737498,737507,737503,737503,737500,737495,737581,740000,740000,737560,737560
331,49035,UT,salt lake county,737514,737502,737496,737500,737502,737502,737500,737495,740000,740000,740000,737546,737546
332,51000_4,VA,"Virginia Super-county, Cluster 5",737514,737508,737508,737500,737507,737500,737500,737495,737558,740000,740000,737556,737556
333,51000_1,VA,"Virginia Super-county, Cluster 2",737514,737508,737508,737500,737507,737500,737500,737495,737558,740000,740000,737556,737556
334,51000_0,VA,"Virginia Super-county, Cluster 1",737514,737508,737508,737500,737507,737500,737500,737495,737558,740000,740000,737556,737556
335,51013,VA,arlington county,737514,737508,737508,737500,737507,737500,737500,737495,737558,740000,740000,737556,737556
336,51041,VA,chesterfield county,737514,737508,737508,737500,737507,737500,737500,737495,737558,740000,740000,737556,737556
337,51059,VA,fairfax county,737514,737508,737508,737500,737507,737500,737500,737495,737558,740000,740000,737556,737556
338,51087,VA,henrico county,737514,737508,737508,737500,737507,737500,737500,737495,737558,740000,740000,737556,737556
339,51107,VA,loudoun county,737514,737508,737508,737500,737507,737500,737500,737495,737558,740000,740000,737556,737556
340,51000_3,VA,"Virginia Super-county, Cluster 4",737514,737508,737508,737500,737507,737500,737500,737495,737558,740000,740000,737556,737556
341,51153,VA,prince william county,737514,737508,737508,737500,737507,737500,737500,737495,737558,740000,740000,737556,737556
342,51510,VA,alexandria city,737514,737508,737508,737500,737507,737500,737500,737495,737558,740000,740000,737556,737556
343,53005,WA,benton county,737507,737507,737495,737501,737501,737501,737500,737495,737576,740000,740000,737549,737549
344,53033,WA,king county,737507,737507,737495,737501,737501,737501,737500,737495,737576,740000,740000,737564,737549
345,53053,WA,pierce county,737507,737507,737495,737501,737501,737501,737500,737495,737576,740000,740000,737581,737549
346,53061,WA,snohomish county,737507,737507,737495,737501,737501,737501,737500,737495,737576,740000,740000,737581,737549
347,53077,WA,yakima county,737507,737507,737495,737501,737501,737501,737500,737495,737576,740000,740000,737549,737549
348,55000_0,WI,"Wisconsin Super-county, Cluster 1",737509,737501,737501,737502,737501,737501,737500,737495,737558,740000,740000,740000,740000
349,55000_1,WI,"Wisconsin Super-county, Cluster 2",737509,737501,737501,737502,737501,737501,737500,737495,737558,740000,740000,740000,740000
350,55000_4,WI,"Wisconsin Super-county, Cluster 5",737509,737501,737501,737502,737501,737501,737500,737495,737558,740000,740000,740000,740000
351,55079,WI,milwaukee county,737509,737501,737501,737502,737501,737501,737500,737495,737558,740000,740000,740000,740000
352,55101,WI,racine county,737509,737501,737501,737502,737501,737501,737500,737495,737558,740000,740000,740000,740000
